2998,575497430,CharityCanada,1450468772960157705,2,4,False,2021-10-19T14:27:58.000Z
2999,575497430,CharityCanada,1450464903416909831,1,3,False,2021-10-19T14:12:35.000Z
3000,575497430,CharityCanada,1450448450445774849,3,10,False,2021-10-19T13:07:13.000Z
3001,575497430,CharityCanada,1450446725412532230,0,2,False,2021-10-19T13:00:21.000Z
3002,575497430,CharityCanada,1450445411836121091,0,1,False,2021-10-19T12:55:08.000Z
3003,575497430,CharityCanada,1450440846889951240,4,4,False,2021-10-19T12:37:00.000Z
3004,575497430,CharityCanada,1449008763843842050,0,1,False,2021-10-15T13:46:25.000Z
3005,575497430,CharityCanada,1448673193611440135,0,0,False,2021-10-14T15:32:59.000Z
3006,575497430,CharityCanada,1448672726722531333,0,0,False,2021-10-14T15:31:07.000Z
3007,575497430,CharityCanada,1448355039467167747,0,1,False,2021-10-13T18:28:45.000Z
3008,575497430,CharityCanada,1447990103910064132,1,0,False,2021-10-12T18:18:37.000Z
3010,575497430,CharityCanada,1447666861097816067,0,2,False,2021-10-11T20:54:10.000Z
3011,575497430,CharityCanada,1447586289189068818,0,0,False,2021-10-11T15:34:00.000Z
3012,575497430,CharityCanada,1446553494442422276,0,0,False,2021-10-08T19:10:03.000Z
3013,575497430,CharityCanada,1446552639949443093,1,2,False,2021-10-08T19:06:39.000Z
3014,575497430,CharityCanada,1446535906761093122,1,1,False,2021-10-08T18:00:10.000Z
3015,575497430,CharityCanada,1446535292090044419,0,3,False,2021-10-08T17:57:43.000Z
3016,575497430,CharityCanada,1446535287979532289,0,3,False,2021-10-08T17:57:42.000Z
3017,575497430,CharityCanada,1446535283936309261,8,15,False,2021-10-08T17:57:41.000Z
3018,575497430,CharityCanada,1446535280106803206,0,1,False,2021-10-08T17:57:40.000Z
3019,575497430,CharityCanada,1446535276143300608,1,0,False,2021-10-08T17:57:39.000Z
3020,575497430,CharityCanada,1446535271860817920,1,4,False,2021-10-08T17:57:38.000Z
3021,575497430,CharityCanada,1446535267779813381,3,6,False,2021-10-08T17:57:37.000Z
3022,575497430,CharityCanada,1446535264181047301,1,6,False,2021-10-08T17:57:36.000Z
3023,575497430,CharityCanada,1446535260423000076,4,7,False,2021-10-08T17:57:36.000Z
3024,575497430,CharityCanada,1446535256660713473,0,1,False,2021-10-08T17:57:35.000Z
3025,575497430,CharityCanada,1446535252730695688,1,2,False,2021-10-08T17:57:34.000Z
3026,575497430,CharityCanada,1446535249274494977,0,1,False,2021-10-08T17:57:33.000Z
3027,575497430,CharityCanada,1446535247345201157,0,1,False,2021-10-08T17:57:32.000Z
3028,575497430,CharityCanada,1446535243306086400,2,5,False,2021-10-08T17:57:31.000Z
3029,575497430,CharityCanada,1446148787785842688,1,3,False,2021-10-07T16:21:53.000Z
3030,575497430,CharityCanada,1446148785181179913,1,1,False,2021-10-07T16:21:53.000Z
3031,575497430,CharityCanada,1445795608405561354,1,4,False,2021-10-06T16:58:29.000Z
3032,575497430,CharityCanada,1443612164397453316,0,2,False,2021-09-30T16:22:15.000Z
3033,575497430,CharityCanada,1443612162983964678,0,2,False,2021-09-30T16:22:15.000Z
3034,575497430,CharityCanada,1443612160987439106,0,1,False,2021-09-30T16:22:14.000Z
3035,575497430,CharityCanada,1443612156361166850,1,2,False,2021-09-30T16:22:13.000Z
3036,575497430,CharityCanada,1443607271704080385,0,3,False,2021-09-30T16:02:49.000Z
3038,47452040,OpenMediaOrg,1451636315280322566,4,13,False,2021-10-22T19:47:22.000Z
3039,47452040,OpenMediaOrg,1451588295050342404,2,9,False,2021-10-22T16:36:33.000Z
3040,47452040,OpenMediaOrg,1451549569964290055,8,13,False,2021-10-22T14:02:40.000Z
3041,47452040,OpenMediaOrg,1451291913827627022,0,2,False,2021-10-21T20:58:50.000Z
3042,47452040,OpenMediaOrg,1451291559941623817,1,2,False,2021-10-21T20:57:26.000Z
3043,47452040,OpenMediaOrg,1451291472280567815,0,0,False,2021-10-21T20:57:05.000Z
3044,47452040,OpenMediaOrg,1451291391620001793,2,3,False,2021-10-21T20:56:46.000Z
3045,47452040,OpenMediaOrg,1451266508294959107,4,3,False,2021-10-21T19:17:53.000Z
3046,47452040,OpenMediaOrg,1451229325710217216,2,4,False,2021-10-21T16:50:08.000Z
3047,47452040,OpenMediaOrg,1451188850135482369,9,14,False,2021-10-21T14:09:18.000Z
3048,47452040,OpenMediaOrg,1450908321322397699,2,10,False,2021-10-20T19:34:35.000Z
3049,47452040,OpenMediaOrg,1450860201335267331,4,9,False,2021-10-20T16:23:22.000Z
3050,47452040,OpenMediaOrg,1450539189494288391,4,2,False,2021-10-19T19:07:47.000Z
3051,47452040,OpenMediaOrg,1450538952981626881,4,14,False,2021-10-19T19:06:50.000Z
3053,47452040,OpenMediaOrg,1449127310066655237,4,2,False,2021-10-15T21:37:28.000Z
3054,47452040,OpenMediaOrg,1449060743324766219,3,9,False,2021-10-15T17:12:58.000Z
3055,47452040,OpenMediaOrg,1449060679688802310,3,6,False,2021-10-15T17:12:42.000Z
3056,47452040,OpenMediaOrg,1449060558456725509,5,9,False,2021-10-15T17:12:14.000Z
3057,47452040,OpenMediaOrg,1449060435756556289,9,9,False,2021-10-15T17:11:44.000Z
3058,47452040,OpenMediaOrg,1448760520517902336,5,9,False,2021-10-14T21:19:59.000Z
3060,47452040,OpenMediaOrg,1448418391367192579,6,19,False,2021-10-13T22:40:29.000Z
3061,47452040,OpenMediaOrg,1447987865661571073,2,1,False,2021-10-12T18:09:44.000Z
3064,47452040,OpenMediaOrg,1446141751933112324,1,2,False,2021-10-07T15:53:56.000Z
3069,47452040,OpenMediaOrg,1445516767619551238,2,5,False,2021-10-05T22:30:28.000Z
3072,47452040,OpenMediaOrg,1445434175536840711,8,8,False,2021-10-05T17:02:16.000Z
3073,47452040,OpenMediaOrg,1443923657445679108,4,2,False,2021-10-01T13:00:01.000Z
3074,47452040,OpenMediaOrg,1443377757564534789,10,11,False,2021-09-30T00:50:48.000Z
3078,47452040,OpenMediaOrg,1443289474709004298,2,4,False,2021-09-29T19:00:00.000Z
3080,47452040,OpenMediaOrg,1443243090500743169,8,9,False,2021-09-29T15:55:41.000Z
3083,47452040,OpenMediaOrg,1441790379741757457,0,1,False,2021-09-25T15:43:08.000Z
3084,47452040,OpenMediaOrg,1441463730961731585,9,14,False,2021-09-24T18:05:09.000Z
3085,47452040,OpenMediaOrg,1441459985754382351,16,20,False,2021-09-24T17:50:16.000Z
3087,47452040,OpenMediaOrg,1441207638830641152,11,13,False,2021-09-24T01:07:32.000Z
3090,47452040,OpenMediaOrg,1440724994237997068,0,5,False,2021-09-22T17:09:40.000Z
3092,47452040,OpenMediaOrg,1440389685998612483,1,2,False,2021-09-21T18:57:16.000Z
3093,47452040,OpenMediaOrg,1440389180417208329,5,12,False,2021-09-21T18:55:16.000Z
3094,47452040,OpenMediaOrg,1440389175711125509,9,13,False,2021-09-21T18:55:15.000Z
3095,47452040,OpenMediaOrg,1440389173379145733,6,10,False,2021-09-21T18:55:14.000Z
3096,47452040,OpenMediaOrg,1440389169025486854,6,9,False,2021-09-21T18:55:13.000Z
3097,47452040,OpenMediaOrg,1440389165481226245,4,11,False,2021-09-21T18:55:12.000Z
3098,47452040,OpenMediaOrg,1440389161542774784,4,7,False,2021-09-21T18:55:11.000Z
3099,47452040,OpenMediaOrg,1440389159395348485,3,7,False,2021-09-21T18:55:11.000Z
3100,47452040,OpenMediaOrg,1440389155951820809,4,9,False,2021-09-21T18:55:10.000Z
3101,47452040,OpenMediaOrg,1440389152596389892,7,11,False,2021-09-21T18:55:09.000Z
3102,47452040,OpenMediaOrg,1440389149073166340,5,11,False,2021-09-21T18:55:08.000Z
3103,47452040,OpenMediaOrg,1440389147076673546,6,9,False,2021-09-21T18:55:08.000Z
3104,47452040,OpenMediaOrg,1440389143293427713,4,9,False,2021-09-21T18:55:07.000Z
3105,47452040,OpenMediaOrg,1440389140936159244,57,57,False,2021-09-21T18:55:06.000Z
3109,24913022,Pembina,1451971686237102089,1,3,False,2021-10-23T18:00:00.000Z
3110,24913022,Pembina,1451639497846784002,2,3,False,2021-10-22T20:00:01.000Z
3111,24913022,Pembina,1451586646932168744,0,2,False,2021-10-22T16:30:00.000Z
3112,24913022,Pembina,1451552672574808071,4,6,False,2021-10-22T14:15:00.000Z
3113,24913022,Pembina,1451311080462958604,8,7,False,2021-10-21T22:15:00.000Z
3114,24913022,Pembina,1451284656163336194,1,4,False,2021-10-21T20:30:00.000Z
3115,24913022,Pembina,1451253472976850945,13,25,False,2021-10-21T18:26:05.000Z
3116,24913022,Pembina,1451231808662683648,1,3,False,2021-10-21T17:00:00.000Z
3117,24913022,Pembina,1451223427264692224,0,2,False,2021-10-21T16:26:42.000Z
3118,24913022,Pembina,1450838371425783817,4,6,False,2021-10-20T14:56:37.000Z
3119,24913022,Pembina,1450537235707727877,4,5,False,2021-10-19T19:00:01.000Z
3120,24913022,Pembina,1450517746425413633,13,20,False,2021-10-19T17:42:34.000Z
3121,24913022,Pembina,1450207353035321344,0,0,False,2021-10-18T21:09:11.000Z
3122,24913022,Pembina,1450178722905034753,1,1,False,2021-10-18T19:15:25.000Z
3123,24913022,Pembina,1449797355738390532,3,5,False,2021-10-17T18:00:00.000Z
3124,24913022,Pembina,1449434975460155394,2,0,False,2021-10-16T18:00:02.000Z
3125,24913022,Pembina,1449091454526185474,6,7,False,2021-10-15T19:15:00.000Z
3126,24913022,Pembina,1449057481435516928,1,2,False,2021-10-15T17:00:00.000Z
3127,24913022,Pembina,1449031426784047105,1,7,False,2021-10-15T15:16:28.000Z
3128,24913022,Pembina,1448736616495865858,0,5,False,2021-10-14T19:45:00.000Z
3129,24913022,Pembina,1448695094836699139,2,2,False,2021-10-14T17:00:00.000Z
3130,24913022,Pembina,1448654827471388672,4,8,False,2021-10-14T14:20:00.000Z
3131,24913022,Pembina,1448646086592192514,0,3,False,2021-10-14T13:45:16.000Z
3132,24913022,Pembina,1448355508570656768,3,2,False,2021-10-13T18:30:37.000Z
3133,24913022,Pembina,1446558514697146385,2,3,False,2021-10-08T19:30:00.000Z
3134,24913022,Pembina,1446505679838068737,1,5,False,2021-10-08T16:00:03.000Z
3135,24913022,Pembina,1446192351714627588,2,9,False,2021-10-07T19:15:00.000Z
3137,24913022,Pembina,1446158383455875074,1,3,False,2021-10-07T17:00:01.000Z
3138,24913022,Pembina,1446143161181556739,2,2,False,2021-10-07T15:59:32.000Z
3139,24913022,Pembina,1445771459838693376,9,6,False,2021-10-06T15:22:31.000Z
3142,24913022,Pembina,1445424807978409987,0,5,False,2021-10-05T16:25:03.000Z
3143,24913022,Pembina,1445424638117486605,1,5,False,2021-10-05T16:24:23.000Z
3144,24913022,Pembina,1445424327860658182,5,10,False,2021-10-05T16:23:09.000Z
3145,24913022,Pembina,1445058632073220103,0,4,False,2021-10-04T16:10:00.000Z
3146,24913022,Pembina,1445056118720450565,1,9,False,2021-10-04T16:00:01.000Z
3147,24913022,Pembina,1445044106548244487,1,3,False,2021-10-04T15:12:17.000Z
3148,24913022,Pembina,1444726442227503105,3,5,False,2021-10-03T18:10:00.000Z
3149,24913022,Pembina,1444040673938731008,1,2,False,2021-10-01T20:45:00.000Z
3150,24913022,Pembina,1443999154317914112,0,1,False,2021-10-01T18:00:01.000Z
3151,24913022,Pembina,1443953862184943640,1,1,False,2021-10-01T15:00:02.000Z
3152,24913022,Pembina,1443606565496496129,0,0,False,2021-09-30T16:00:00.000Z
3153,24913022,Pembina,1443330997332832261,0,1,False,2021-09-29T21:45:00.000Z
3154,24913022,Pembina,1443322386535772160,1,4,False,2021-09-29T21:10:47.000Z
3155,24913022,Pembina,1443315897813258242,0,0,False,2021-09-29T20:45:00.000Z
3156,24913022,Pembina,1443271011961434114,2,9,False,2021-09-29T17:46:38.000Z
3157,24913022,Pembina,1443269411293388803,0,4,False,2021-09-29T17:40:16.000Z
3158,24913022,Pembina,1443266488010297345,1,4,False,2021-09-29T17:28:39.000Z
3159,24913022,Pembina,1443265870399033344,1,3,False,2021-09-29T17:26:12.000Z
3160,24913022,Pembina,1443265492127342592,1,3,False,2021-09-29T17:24:42.000Z
3161,24913022,Pembina,1443264756127703042,0,2,False,2021-09-29T17:21:47.000Z
3162,24913022,Pembina,1443264323095195649,1,5,False,2021-09-29T17:20:03.000Z
3163,24913022,Pembina,1443263488831344641,1,6,False,2021-09-29T17:16:44.000Z
3164,24913022,Pembina,1443262640864653313,0,3,False,2021-09-29T17:13:22.000Z
3165,24913022,Pembina,1443261589801422851,0,2,False,2021-09-29T17:09:12.000Z
3166,24913022,Pembina,1443259601017663488,0,3,False,2021-09-29T17:01:18.000Z
3167,24913022,Pembina,1443258758935683074,0,5,False,2021-09-29T16:57:57.000Z
3168,24913022,Pembina,1443257810989436930,1,4,False,2021-09-29T16:54:11.000Z
3169,24913022,Pembina,1443256595710812161,2,4,False,2021-09-29T16:49:21.000Z
3170,24913022,Pembina,1443255560128786434,1,3,False,2021-09-29T16:45:14.000Z
3171,24913022,Pembina,1443254061529120770,0,6,False,2021-09-29T16:39:17.000Z
3172,24913022,Pembina,1443253303056297984,2,4,False,2021-09-29T16:36:16.000Z
3173,24913022,Pembina,1443252711940448256,0,5,False,2021-09-29T16:33:55.000Z
3174,24913022,Pembina,1443251356203028484,2,6,False,2021-09-29T16:28:32.000Z
3175,24913022,Pembina,1443250471196520458,0,2,False,2021-09-29T16:25:01.000Z
3176,24913022,Pembina,1443249422041681923,0,2,False,2021-09-29T16:20:51.000Z
3177,24913022,Pembina,1443248706149519362,0,4,False,2021-09-29T16:18:00.000Z
3178,24913022,Pembina,1443247193385672707,0,1,False,2021-09-29T16:11:59.000Z
3179,24913022,Pembina,1443246210802860035,0,5,False,2021-09-29T16:08:05.000Z
3180,24913022,Pembina,1443245389100974082,1,4,False,2021-09-29T16:04:49.000Z
3181,24913022,Pembina,1443244803395706884,8,28,False,2021-09-29T16:02:29.000Z
3182,24913022,Pembina,1443210201683931153,2,0,False,2021-09-29T13:45:00.000Z
3183,24913022,Pembina,1442965086344253440,1,6,False,2021-09-28T21:31:00.000Z
3184,24913022,Pembina,1442927091587158016,2,7,False,2021-09-28T19:00:01.000Z
3186,24913022,Pembina,1442902839890644996,2,3,False,2021-09-28T17:23:39.000Z
3187,24913022,Pembina,1442549605229481989,4,5,False,2021-09-27T18:00:01.000Z
3188,24913022,Pembina,1442492975565713412,1,5,False,2021-09-27T14:15:00.000Z
3189,24913022,Pembina,1442157017330769925,4,21,False,2021-09-26T16:00:01.000Z
3190,24913022,Pembina,1441488859129384963,2,4,False,2021-09-24T19:45:00.000Z
3191,24913022,Pembina,1441439786842083329,1,2,False,2021-09-24T16:30:00.000Z
3192,24913022,Pembina,1441394490930081792,1,0,False,2021-09-24T13:30:01.000Z
3193,24913022,Pembina,1441175544544915457,0,1,False,2021-09-23T23:00:00.000Z
3194,24913022,Pembina,1441151445428948999,3,14,False,2021-09-23T21:24:14.000Z
3195,24913022,Pembina,1441105080376250368,3,3,False,2021-09-23T18:20:00.000Z
3196,24913022,Pembina,1441081173497757700,2,2,False,2021-09-23T16:45:00.000Z
3197,24913022,Pembina,1441060863704588299,4,4,False,2021-09-23T15:24:18.000Z
3198,24913022,Pembina,1440737665242988556,1,2,False,2021-09-22T18:00:01.000Z
3199,24913022,Pembina,1440684765418385412,4,6,False,2021-09-22T14:29:49.000Z
3200,24913022,Pembina,1440394004625965058,2,5,False,2021-09-21T19:14:26.000Z
3201,24913022,Pembina,1440390372610486272,13,35,False,2021-09-21T19:00:00.000Z
3202,24913022,Pembina,1440345798613430288,7,17,False,2021-09-21T16:02:53.000Z
3203,94176238,worldvisioncan,1451918834755985423,2,4,False,2021-10-23T14:30:00.000Z
3204,94176238,worldvisioncan,1451548911227662336,3,5,False,2021-10-22T14:00:03.000Z
3205,94176238,worldvisioncan,1451253216876838915,3,8,False,2021-10-21T18:25:04.000Z
3206,94176238,worldvisioncan,1451171411100319748,2,6,False,2021-10-21T13:00:00.000Z
3207,94176238,worldvisioncan,1450869422910885889,4,10,False,2021-10-20T17:00:00.000Z
3208,94176238,worldvisioncan,1450461734636978176,4,14,False,2021-10-19T14:00:00.000Z
3209,94176238,worldvisioncan,1450193312544174085,0,1,False,2021-10-18T20:13:23.000Z
3210,94176238,worldvisioncan,1450192399813201920,5,11,False,2021-10-18T20:09:46.000Z
3211,94176238,worldvisioncan,1449721861856796672,2,14,False,2021-10-17T13:00:01.000Z
3212,94176238,worldvisioncan,1449495366563360772,5,6,False,2021-10-16T22:00:00.000Z
3214,94176238,worldvisioncan,1449374573653336072,3,11,False,2021-10-16T14:00:01.000Z
3215,94176238,worldvisioncan,1449042392166936578,4,11,False,2021-10-15T16:00:02.000Z
3216,94176238,worldvisioncan,1449012188279017478,2,7,False,2021-10-15T14:00:01.000Z
3217,94176238,worldvisioncan,1448740397975433225,0,4,False,2021-10-14T20:00:01.000Z
3218,94176238,worldvisioncan,1448695099043495936,6,16,False,2021-10-14T17:00:01.000Z
3220,94176238,worldvisioncan,1447555080983433220,26,76,False,2021-10-11T13:30:00.000Z
3221,94176238,worldvisioncan,1447192694711742464,3,12,False,2021-10-10T13:30:00.000Z
3222,94176238,worldvisioncan,1446845406432960523,4,17,False,2021-10-09T14:30:00.000Z
3223,94176238,worldvisioncan,1446475478454476802,4,7,False,2021-10-08T14:00:02.000Z
3224,94176238,worldvisioncan,1446143291431391233,5,9,False,2021-10-07T16:00:03.000Z
3225,94176238,worldvisioncan,1445795998538756099,9,18,False,2021-10-06T17:00:02.000Z
3229,94176238,worldvisioncan,1445384401928572940,3,12,False,2021-10-05T13:44:30.000Z
3230,94176238,worldvisioncan,1445139162797989890,7,18,False,2021-10-04T21:30:00.000Z
3231,94176238,worldvisioncan,1444301146957357068,4,9,False,2021-10-02T14:00:01.000Z
3232,94176238,worldvisioncan,1444029353180872704,1,8,False,2021-10-01T20:00:01.000Z
3233,94176238,worldvisioncan,1443968952917446664,2,6,False,2021-10-01T16:00:00.000Z
3235,94176238,worldvisioncan,1443327224409518082,6,9,False,2021-09-29T21:30:00.000Z
3236,94176238,worldvisioncan,1442895178247725064,6,18,False,2021-09-28T16:53:12.000Z
3237,94176238,worldvisioncan,1442489200780079115,4,13,False,2021-09-27T14:00:00.000Z
3238,94176238,worldvisioncan,1442111721477263370,2,12,False,2021-09-26T13:00:02.000Z
3239,94176238,worldvisioncan,1441794628898918409,7,17,False,2021-09-25T16:00:01.000Z
3240,94176238,worldvisioncan,1441477536148508673,2,5,False,2021-09-24T19:00:00.000Z
3241,94176238,worldvisioncan,1441447336979226626,4,11,False,2021-09-24T17:00:00.000Z
3242,94176238,worldvisioncan,1441130246338539524,2,3,False,2021-09-23T20:00:00.000Z
3243,94176238,worldvisioncan,1441084950237757453,3,16,False,2021-09-23T17:00:00.000Z
3244,94176238,worldvisioncan,1441044497824206852,0,2,False,2021-09-23T14:19:16.000Z
3245,94176238,worldvisioncan,1440768227043278849,5,7,False,2021-09-22T20:01:28.000Z
3247,94176238,worldvisioncan,1440390375101779973,1,8,False,2021-09-21T19:00:01.000Z
3248,94176238,worldvisioncan,1440299783986589696,3,8,False,2021-09-21T13:00:02.000Z
3250,94176238,worldvisioncan,1440035533959274503,2,4,False,2021-09-20T19:30:00.000Z
3256,1604931252,Blklivesmatter,1445496525849710601,17,79,False,2021-10-05T21:10:02.000Z
3262,1604931252,Blklivesmatter,1441449380993765377,24,64,False,2021-09-24T17:08:07.000Z
3266,3299711869,BruceTrail_BTC,1451545138099105792,2,6,False,2021-10-22T13:45:03.000Z
3267,3299711869,BruceTrail_BTC,1451239381038243847,2,33,False,2021-10-21T17:30:05.000Z
3268,3299711869,BruceTrail_BTC,1450469308925108228,0,4,False,2021-10-19T14:30:06.000Z
3269,3299711869,BruceTrail_BTC,1449092728118255620,0,4,False,2021-10-15T19:20:03.000Z
3271,3299711869,BruceTrail_BTC,1449004657649586176,1,7,False,2021-10-15T13:30:06.000Z
3272,3299711869,BruceTrail_BTC,1448310078940098560,4,24,False,2021-10-13T15:30:05.000Z
3273,3299711869,BruceTrail_BTC,1447970375292313605,2,7,False,2021-10-12T17:00:14.000Z
3274,3299711869,BruceTrail_BTC,1447306013087043585,0,6,False,2021-10-10T21:00:17.000Z
3275,3299711869,BruceTrail_BTC,1446822875940413441,1,13,False,2021-10-09T13:00:28.000Z
3277,3299711869,BruceTrail_BTC,1446467939218116612,0,8,False,2021-10-08T13:30:05.000Z
3278,3299711869,BruceTrail_BTC,1446120670119686155,7,19,False,2021-10-07T14:30:10.000Z
3279,3299711869,BruceTrail_BTC,1445863958959820801,2,5,False,2021-10-06T21:30:05.000Z
3280,3299711869,BruceTrail_BTC,1445826264691060741,3,12,False,2021-10-06T19:00:18.000Z
3281,3299711869,BruceTrail_BTC,1445483568071729173,0,2,False,2021-10-05T20:18:33.000Z
3283,3299711869,BruceTrail_BTC,1445388400559894535,2,8,False,2021-10-05T14:00:23.000Z
3284,3299711869,BruceTrail_BTC,1444640911858847744,9,19,False,2021-10-03T12:30:08.000Z
3285,3299711869,BruceTrail_BTC,1444404329260232705,3,14,False,2021-10-02T20:50:02.000Z
3286,3299711869,BruceTrail_BTC,1444021818298408961,4,19,False,2021-10-01T19:30:04.000Z
3287,3299711869,BruceTrail_BTC,1443575135521234954,1,9,False,2021-09-30T13:55:07.000Z
3288,3299711869,BruceTrail_BTC,1442558425557311489,8,23,False,2021-09-27T18:35:04.000Z
3290,3299711869,BruceTrail_BTC,1441516551094497296,1,14,False,2021-09-24T21:35:02.000Z
3292,3299711869,BruceTrail_BTC,1439952772842115074,4,14,False,2021-09-20T14:01:08.000Z
3293,245564555,ABWilderness,1450831496206381068,5,14,False,2021-10-20T14:29:18.000Z
3294,245564555,ABWilderness,1449168236562432002,2,5,False,2021-10-16T00:20:06.000Z
3297,245564555,ABWilderness,1448427219911589899,0,2,False,2021-10-13T23:15:34.000Z
3298,245564555,ABWilderness,1446565740132192256,0,11,False,2021-10-08T19:58:42.000Z
3299,245564555,ABWilderness,1445786418056364033,2,5,False,2021-10-06T16:21:58.000Z
3300,245564555,ABWilderness,1445153039250165761,2,8,False,2021-10-04T22:25:08.000Z
3302,245564555,ABWilderness,1443714951462412290,0,4,False,2021-09-30T23:10:42.000Z
3303,245564555,ABWilderness,1443345510287298560,0,1,False,2021-09-29T22:42:40.000Z
3304,245564555,ABWilderness,1443345472639291394,0,0,False,2021-09-29T22:42:31.000Z
3305,245564555,ABWilderness,1443345418218180610,0,0,False,2021-09-29T22:42:18.000Z
3306,245564555,ABWilderness,1443345304502222848,0,0,False,2021-09-29T22:41:51.000Z
3307,245564555,ABWilderness,1443344988063027200,4,5,False,2021-09-29T22:40:35.000Z
3308,245564555,ABWilderness,1442963558732496898,3,9,False,2021-09-28T21:24:56.000Z
3309,245564555,ABWilderness,1442962244338216961,0,3,False,2021-09-28T21:19:42.000Z
3310,245564555,ABWilderness,1442551012028338177,3,11,False,2021-09-27T18:05:37.000Z
3311,245564555,ABWilderness,1442248011837493249,0,7,False,2021-09-26T22:01:36.000Z
3312,245564555,ABWilderness,1441855337829572608,6,13,False,2021-09-25T20:01:15.000Z
3313,245564555,ABWilderness,1441549414208733184,1,13,False,2021-09-24T23:45:37.000Z
3314,245564555,ABWilderness,1441210466215370752,5,9,False,2021-09-24T01:18:46.000Z
3315,245564555,ABWilderness,1440693069087526916,3,12,False,2021-09-22T15:02:49.000Z
3316,245564555,ABWilderness,1440423317924565013,0,3,False,2021-09-21T21:10:55.000Z
3319,20139753,CANZUK,1451073263317094401,11,63,False,2021-10-21T06:30:00.000Z
3322,20139753,CANZUK,1450842489523421198,11,26,False,2021-10-20T15:12:59.000Z
3324,20139753,CANZUK,1450488158777339905,6,39,False,2021-10-19T15:45:00.000Z
3325,20139753,CANZUK,1450458085366108163,8,52,False,2021-10-19T13:45:30.000Z
3329,20139753,CANZUK,1449126439417171976,11,71,False,2021-10-15T21:34:01.000Z
3334,20139753,CANZUK,1448464065613991937,17,70,False,2021-10-14T01:41:59.000Z
3339,20139753,CANZUK,1446445277557059588,4,9,False,2021-10-08T12:00:02.000Z
3340,20139753,CANZUK,1446122211165671431,17,59,False,2021-10-07T14:36:17.000Z
3344,20139753,CANZUK,1445014646868615169,11,24,False,2021-10-04T13:15:13.000Z
3347,20139753,CANZUK,1443950447002271780,14,40,False,2021-10-01T14:46:28.000Z
3352,20139753,CANZUK,1442504521268088839,10,29,False,2021-09-27T15:00:52.000Z
3354,20139753,CANZUK,1440780686986657797,4,17,False,2021-09-22T20:50:58.000Z
3358,20139753,CANZUK,1439945567778521095,24,75,False,2021-09-20T13:32:30.000Z
3360,2715275551,GrandCouncilT3,1451622280707051532,0,0,False,2021-10-22T18:51:36.000Z
3361,2715275551,GrandCouncilT3,1451591420708593676,0,1,False,2021-10-22T16:48:58.000Z
3362,2715275551,GrandCouncilT3,1451283749346308101,0,1,False,2021-10-21T20:26:24.000Z
3363,2715275551,GrandCouncilT3,1451245280343388161,1,0,False,2021-10-21T17:53:32.000Z
3364,2715275551,GrandCouncilT3,1451243136571740168,0,1,False,2021-10-21T17:45:01.000Z
3365,2715275551,GrandCouncilT3,1451228802953015298,0,0,False,2021-10-21T16:48:03.000Z
3366,2715275551,GrandCouncilT3,1451219042711203846,0,0,False,2021-10-21T16:09:16.000Z
3367,2715275551,GrandCouncilT3,1450861676044115980,11,18,False,2021-10-20T16:29:13.000Z
3368,2715275551,GrandCouncilT3,1450531543043084289,0,0,False,2021-10-19T18:37:24.000Z
3369,2715275551,GrandCouncilT3,1450511885766316035,3,4,False,2021-10-19T17:19:17.000Z
3370,2715275551,GrandCouncilT3,1450504899985219589,0,1,False,2021-10-19T16:51:31.000Z
3371,2715275551,GrandCouncilT3,1450498050322010116,0,0,False,2021-10-19T16:24:18.000Z
3372,2715275551,GrandCouncilT3,1450496031448354825,1,1,False,2021-10-19T16:16:17.000Z
3374,2715275551,GrandCouncilT3,1450116227016232964,0,0,False,2021-10-18T15:07:05.000Z
3376,2715275551,GrandCouncilT3,1449095298106609666,1,3,False,2021-10-15T19:30:16.000Z
3377,2715275551,GrandCouncilT3,1449092818819899392,1,1,False,2021-10-15T19:20:25.000Z
3378,2715275551,GrandCouncilT3,1449055156352348161,3,1,False,2021-10-15T16:50:46.000Z
3379,2715275551,GrandCouncilT3,1449052408722509825,2,4,False,2021-10-15T16:39:50.000Z
3380,2715275551,GrandCouncilT3,1449050435721973762,0,0,False,2021-10-15T16:32:00.000Z
3381,2715275551,GrandCouncilT3,1448763747422519311,0,5,False,2021-10-14T21:32:48.000Z
3382,2715275551,GrandCouncilT3,1448728369814654982,1,1,False,2021-10-14T19:12:14.000Z
3383,2715275551,GrandCouncilT3,1448032286830645251,1,0,False,2021-10-12T21:06:14.000Z
3384,2715275551,GrandCouncilT3,1448010278499651600,1,2,False,2021-10-12T19:38:47.000Z
3385,2715275551,GrandCouncilT3,1447954199371665412,2,3,False,2021-10-12T15:55:57.000Z
3386,2715275551,GrandCouncilT3,1447944173458378752,0,0,False,2021-10-12T15:16:07.000Z
3388,2715275551,GrandCouncilT3,1447263405597933582,1,7,False,2021-10-10T18:10:59.000Z
3389,2715275551,GrandCouncilT3,1446510320806211595,0,1,False,2021-10-08T16:18:29.000Z
3390,2715275551,GrandCouncilT3,1446510171094753282,0,1,False,2021-10-08T16:17:54.000Z
3391,2715275551,GrandCouncilT3,1446457846531383302,0,0,False,2021-10-08T12:49:59.000Z
3392,2715275551,GrandCouncilT3,1446455032681959432,3,4,False,2021-10-08T12:38:48.000Z
3393,2715275551,GrandCouncilT3,1446148026850897930,0,4,False,2021-10-07T16:18:52.000Z
3394,2715275551,GrandCouncilT3,1446137582031622147,1,4,False,2021-10-07T15:37:22.000Z
3395,2715275551,GrandCouncilT3,1445849803087220741,0,0,False,2021-10-06T20:33:50.000Z
3396,2715275551,GrandCouncilT3,1445849059630092291,1,2,False,2021-10-06T20:30:53.000Z
3397,2715275551,GrandCouncilT3,1445453971724795913,5,31,False,2021-10-05T18:20:56.000Z
3398,2715275551,GrandCouncilT3,1445405603447377932,7,11,False,2021-10-05T15:08:44.000Z
3399,2715275551,GrandCouncilT3,1445380798094331910,0,2,False,2021-10-05T13:30:10.000Z
3400,2715275551,GrandCouncilT3,1445380752841969667,2,9,False,2021-10-05T13:30:00.000Z
3401,2715275551,GrandCouncilT3,1444823405434441735,5,10,False,2021-10-04T00:35:18.000Z
3402,2715275551,GrandCouncilT3,1444677905309573128,2,5,False,2021-10-03T14:57:08.000Z
3403,2715275551,GrandCouncilT3,1443964612257402881,0,0,False,2021-10-01T15:42:45.000Z
3404,2715275551,GrandCouncilT3,1443960975187718149,3,6,False,2021-10-01T15:28:18.000Z
3405,2715275551,GrandCouncilT3,1443940337232273412,0,0,False,2021-10-01T14:06:18.000Z
3407,2715275551,GrandCouncilT3,1443636041831829506,1,1,False,2021-09-30T17:57:08.000Z
3408,2715275551,GrandCouncilT3,1443626449987117056,0,0,False,2021-09-30T17:19:01.000Z
3409,2715275551,GrandCouncilT3,1443577829812178948,25,38,False,2021-09-30T14:05:49.000Z
3410,2715275551,GrandCouncilT3,1443573570966208529,1,1,False,2021-09-30T13:48:54.000Z
3411,2715275551,GrandCouncilT3,1443385872703971333,0,0,False,2021-09-30T01:23:03.000Z
3412,2715275551,GrandCouncilT3,1443381705944051716,8,68,False,2021-09-30T01:06:30.000Z
3413,2715275551,GrandCouncilT3,1443317848831561733,0,0,False,2021-09-29T20:52:45.000Z
3414,2715275551,GrandCouncilT3,1443291117743742985,5,11,False,2021-09-29T19:06:32.000Z
3415,2715275551,GrandCouncilT3,1443285942756909060,0,2,False,2021-09-29T18:45:58.000Z
3416,2715275551,GrandCouncilT3,1443254375061856262,2,5,False,2021-09-29T16:40:32.000Z
3417,2715275551,GrandCouncilT3,1442952117434519552,2,4,False,2021-09-28T20:39:28.000Z
3418,2715275551,GrandCouncilT3,1442892165479235584,0,0,False,2021-09-28T16:41:14.000Z
3420,2715275551,GrandCouncilT3,1442564958026440707,1,4,False,2021-09-27T19:01:02.000Z
3421,2715275551,GrandCouncilT3,1442550539410198536,0,0,False,2021-09-27T18:03:44.000Z
3422,2715275551,GrandCouncilT3,1441559686663131148,0,3,False,2021-09-25T00:26:26.000Z
3423,2715275551,GrandCouncilT3,1441555296518766593,1,6,False,2021-09-25T00:09:00.000Z
3424,2715275551,GrandCouncilT3,1441516287096676357,0,0,False,2021-09-24T21:33:59.000Z
3425,2715275551,GrandCouncilT3,1441475776906412033,1,1,False,2021-09-24T18:53:01.000Z
3426,2715275551,GrandCouncilT3,1441437407128268802,4,5,False,2021-09-24T16:20:33.000Z
3427,2715275551,GrandCouncilT3,1441435988127981585,4,11,False,2021-09-24T16:14:54.000Z
3428,2715275551,GrandCouncilT3,1441426145648381959,3,2,False,2021-09-24T15:35:48.000Z
3429,2715275551,GrandCouncilT3,1441418815934320644,0,0,False,2021-09-24T15:06:40.000Z
3430,2715275551,GrandCouncilT3,1441117912555671565,14,17,False,2021-09-23T19:10:59.000Z
3431,2715275551,GrandCouncilT3,1441114364187058176,0,1,False,2021-09-23T18:56:53.000Z
3434,2715275551,GrandCouncilT3,1441052128265576449,1,2,False,2021-09-23T14:49:35.000Z
3435,2715275551,GrandCouncilT3,1441042034173825029,1,1,False,2021-09-23T14:09:28.000Z
3436,2715275551,GrandCouncilT3,1440746576482222087,0,0,False,2021-09-22T18:35:26.000Z
3437,2715275551,GrandCouncilT3,1440405052007469062,1,1,False,2021-09-21T19:58:20.000Z
3438,2715275551,GrandCouncilT3,1440385234776707075,6,5,False,2021-09-21T18:39:35.000Z
3439,2715275551,GrandCouncilT3,1439973570055114756,0,0,False,2021-09-20T15:23:47.000Z
3440,2715275551,GrandCouncilT3,1439971026193076226,1,2,False,2021-09-20T15:13:40.000Z
3442,2715275551,GrandCouncilT3,1439949492237873164,3,0,False,2021-09-20T13:48:06.000Z
3443,2715275551,GrandCouncilT3,1439946188355248131,0,0,False,2021-09-20T13:34:58.000Z
3444,475298690,AMCMBChiefs,1451659661690744834,2,2,False,2021-10-22T21:20:08.000Z
3445,475298690,AMCMBChiefs,1451610099672248321,3,8,False,2021-10-22T18:03:12.000Z
3446,475298690,AMCMBChiefs,1451558265985257481,2,4,False,2021-10-22T14:37:13.000Z
3449,475298690,AMCMBChiefs,1450911632842915844,2,7,False,2021-10-20T19:47:44.000Z
3450,475298690,AMCMBChiefs,1450218344259280897,1,3,False,2021-10-18T21:52:51.000Z
3451,475298690,AMCMBChiefs,1450137645300862982,2,4,False,2021-10-18T16:32:11.000Z
3452,475298690,AMCMBChiefs,1446539731626610689,0,5,False,2021-10-08T18:15:22.000Z
3453,475298690,AMCMBChiefs,1446231054524854275,3,4,False,2021-10-07T21:48:47.000Z
3454,475298690,AMCMBChiefs,1445743428000632852,0,1,False,2021-10-06T13:31:08.000Z
3455,475298690,AMCMBChiefs,1445467671701585920,2,5,False,2021-10-05T19:15:23.000Z
3456,475298690,AMCMBChiefs,1445466583384477702,1,0,False,2021-10-05T19:11:03.000Z
3457,475298690,AMCMBChiefs,1445117715161698316,3,6,False,2021-10-04T20:04:46.000Z
3458,475298690,AMCMBChiefs,1443588245632155651,1,6,False,2021-09-30T14:47:12.000Z
3459,475298690,AMCMBChiefs,1442958188177805313,6,9,False,2021-09-28T21:03:35.000Z
3460,475298690,AMCMBChiefs,1442893729648373763,0,0,False,2021-09-28T16:47:27.000Z
3461,475298690,AMCMBChiefs,1442880120469929984,1,2,False,2021-09-28T15:53:22.000Z
3463,475298690,AMCMBChiefs,1442576207292379139,1,0,False,2021-09-27T19:45:44.000Z
3464,475298690,AMCMBChiefs,1442543787301949445,4,10,False,2021-09-27T17:36:54.000Z
3467,475298690,AMCMBChiefs,1441516599719038976,2,8,False,2021-09-24T21:35:14.000Z
3468,475298690,AMCMBChiefs,1441474305745985538,2,6,False,2021-09-24T18:47:10.000Z
3469,475298690,AMCMBChiefs,1440429382372265990,1,1,False,2021-09-21T21:35:01.000Z
3470,475298690,AMCMBChiefs,1440419487988125701,4,6,False,2021-09-21T20:55:42.000Z
3471,475298690,AMCMBChiefs,1440349672757858307,0,2,False,2021-09-21T16:18:17.000Z
3472,745995126263193601,AnishNation,1452054730688110599,7,35,False,2021-10-23T23:30:00.000Z
3473,745995126263193601,AnishNation,1451941484635303941,1,1,False,2021-10-23T16:00:00.000Z
3481,745995126263193601,AnishNation,1451692343472631816,6,30,False,2021-10-22T23:30:00.000Z
3482,745995126263193601,AnishNation,1451639494244020230,1,1,False,2021-10-22T20:00:00.000Z
3483,745995126263193601,AnishNation,1451624398528688129,0,0,False,2021-10-22T19:00:01.000Z
3484,745995126263193601,AnishNation,1451623226933665803,0,4,False,2021-10-22T18:55:21.000Z
3485,745995126263193601,AnishNation,1451594202052055041,6,12,False,2021-10-22T17:00:01.000Z
3486,745995126263193601,AnishNation,1451579096811536387,1,1,False,2021-10-22T16:00:00.000Z
3487,745995126263193601,AnishNation,1451548901388001283,4,7,False,2021-10-22T14:00:01.000Z
3502,745995126263193601,AnishNation,1451246907297173521,2,2,False,2021-10-21T18:00:00.000Z
3503,745995126263193601,AnishNation,1451221089942654976,5,8,False,2021-10-21T16:17:24.000Z
3505,745995126263193601,AnishNation,1451186518014324740,5,7,False,2021-10-21T14:00:02.000Z
3506,745995126263193601,AnishNation,1451171415865049091,9,44,False,2021-10-21T13:00:01.000Z
3507,745995126263193601,AnishNation,1450967568848723970,10,42,False,2021-10-20T23:30:00.000Z
3508,745995126263193601,AnishNation,1450914726037229571,1,2,False,2021-10-20T20:00:02.000Z
3509,745995126263193601,AnishNation,1450912438568857606,4,4,False,2021-10-20T19:50:56.000Z
3510,745995126263193601,AnishNation,1450884525966303236,2,5,False,2021-10-20T18:00:01.000Z
3513,745995126263193601,AnishNation,1450854332778225669,0,0,False,2021-10-20T16:00:03.000Z
3520,745995126263193601,AnishNation,1450839225348231171,1,3,False,2021-10-20T15:00:01.000Z
3521,745995126263193601,AnishNation,1450824130320871426,7,18,False,2021-10-20T14:00:02.000Z
3524,745995126263193601,AnishNation,1450809027584147457,10,26,False,2021-10-20T13:00:01.000Z
3530,745995126263193601,AnishNation,1450552333805490187,2,8,False,2021-10-19T20:00:00.000Z
3531,745995126263193601,AnishNation,1450522140843954176,2,13,False,2021-10-19T18:00:02.000Z
3532,745995126263193601,AnishNation,1450491942995836929,0,3,False,2021-10-19T16:00:02.000Z
3533,745995126263193601,AnishNation,1450461744451620864,4,8,False,2021-10-19T14:00:02.000Z
3534,745995126263193601,AnishNation,1450456188978712583,6,9,False,2021-10-19T13:37:58.000Z
3535,745995126263193601,AnishNation,1450446646295343109,20,56,False,2021-10-19T13:00:03.000Z
3540,745995126263193601,AnishNation,1450444738767765508,1,0,False,2021-10-19T12:52:28.000Z
3547,745995126263193601,AnishNation,1450189942676729856,1,0,False,2021-10-18T20:00:00.000Z
3548,745995126263193601,AnishNation,1450158956647747585,2,8,False,2021-10-18T17:56:52.000Z
3549,745995126263193601,AnishNation,1450157598716612611,1,4,False,2021-10-18T17:51:28.000Z
3550,745995126263193601,AnishNation,1450148820441083907,10,9,False,2021-10-18T17:16:35.000Z
3560,745995126263193601,AnishNation,1450099347085950980,1,6,False,2021-10-18T14:00:00.000Z
3561,745995126263193601,AnishNation,1450093481842683904,11,45,False,2021-10-18T13:36:42.000Z
3566,745995126263193601,AnishNation,1449736967227199489,15,24,False,2021-10-17T14:00:02.000Z
3567,745995126263193601,AnishNation,1449495365892198405,7,15,False,2021-10-16T22:00:00.000Z
3568,745995126263193601,AnishNation,1449102781462155264,1,5,False,2021-10-15T20:00:00.000Z
3569,745995126263193601,AnishNation,1449087681833549824,5,9,False,2021-10-15T19:00:00.000Z
3570,745995126263193601,AnishNation,1449072581592686598,0,1,False,2021-10-15T18:00:00.000Z
3571,745995126263193601,AnishNation,1449057489937477633,7,14,False,2021-10-15T17:00:02.000Z
3573,366225624,ChiefsofOntario,1451202501567471619,2,4,False,2021-10-21T15:03:33.000Z
3579,366225624,ChiefsofOntario,1451198624361189387,26,45,False,2021-10-21T14:48:08.000Z
3580,366225624,ChiefsofOntario,1451198195644583943,1,1,False,2021-10-21T14:46:26.000Z
3581,366225624,ChiefsofOntario,1451197142815498245,2,4,False,2021-10-21T14:42:15.000Z
3582,366225624,ChiefsofOntario,1451196814850285586,1,2,False,2021-10-21T14:40:57.000Z
3583,366225624,ChiefsofOntario,1451192215787618326,2,3,False,2021-10-21T14:22:40.000Z
3584,366225624,ChiefsofOntario,1451192213828825096,2,3,False,2021-10-21T14:22:40.000Z
3585,366225624,ChiefsofOntario,1451188904887865347,5,5,False,2021-10-21T14:09:31.000Z
3590,366225624,ChiefsofOntario,1448691525773369347,1,1,False,2021-10-14T16:45:49.000Z
3591,366225624,ChiefsofOntario,1448690403616645126,0,2,False,2021-10-14T16:41:22.000Z
3592,366225624,ChiefsofOntario,1448690223504887811,0,1,False,2021-10-14T16:40:39.000Z
3593,366225624,ChiefsofOntario,1448657110271549443,0,0,False,2021-10-14T14:29:04.000Z
3594,366225624,ChiefsofOntario,1448654755429949444,0,2,False,2021-10-14T14:19:43.000Z
3595,366225624,ChiefsofOntario,1448654749130104838,0,2,False,2021-10-14T14:19:41.000Z
3596,366225624,ChiefsofOntario,1448373767340793861,1,1,False,2021-10-13T19:43:10.000Z
3597,366225624,ChiefsofOntario,1448334329935974408,2,4,False,2021-10-13T17:06:27.000Z
3598,366225624,ChiefsofOntario,1448332954401447944,1,0,False,2021-10-13T17:00:59.000Z
3599,366225624,ChiefsofOntario,1448332951847120908,0,3,False,2021-10-13T17:00:59.000Z
3601,366225624,ChiefsofOntario,1448297294034608140,0,1,False,2021-10-13T14:39:17.000Z
3607,366225624,ChiefsofOntario,1448007664244514819,0,0,False,2021-10-12T19:28:24.000Z
3608,366225624,ChiefsofOntario,1448007661266604035,1,3,False,2021-10-12T19:28:23.000Z
3614,366225624,ChiefsofOntario,1446518078553067521,0,1,False,2021-10-08T16:49:19.000Z
3615,366225624,ChiefsofOntario,1446495595137585152,0,2,False,2021-10-08T15:19:59.000Z
3616,366225624,ChiefsofOntario,1446495592558043153,0,3,False,2021-10-08T15:19:58.000Z
3617,366225624,ChiefsofOntario,1446495591228448789,0,1,False,2021-10-08T15:19:58.000Z
3618,366225624,ChiefsofOntario,1446495589332566020,4,3,False,2021-10-08T15:19:57.000Z
3621,366225624,ChiefsofOntario,1446176821301612553,7,5,False,2021-10-07T18:13:17.000Z
3622,366225624,ChiefsofOntario,1446176078691713033,1,1,False,2021-10-07T18:10:20.000Z
3623,366225624,ChiefsofOntario,1446176076254916616,2,4,False,2021-10-07T18:10:19.000Z
3627,366225624,ChiefsofOntario,1446174602091241472,4,5,False,2021-10-07T18:04:28.000Z
3628,366225624,ChiefsofOntario,1446171765944864780,2,2,False,2021-10-07T17:53:12.000Z
3637,366225624,ChiefsofOntario,1445412987012059139,0,2,False,2021-10-05T15:38:05.000Z
3638,366225624,ChiefsofOntario,1445412984088670210,2,2,False,2021-10-05T15:38:04.000Z
3639,366225624,ChiefsofOntario,1445409449460568066,5,6,False,2021-10-05T15:24:01.000Z
3643,366225624,ChiefsofOntario,1443650649577693184,3,7,False,2021-09-30T18:55:11.000Z
3644,366225624,ChiefsofOntario,1443650646956249089,9,28,False,2021-09-30T18:55:10.000Z
3651,366225624,ChiefsofOntario,1442933101827485698,7,13,False,2021-09-28T19:23:54.000Z
3652,366225624,ChiefsofOntario,1442932898563170307,6,19,False,2021-09-28T19:23:06.000Z
3653,366225624,ChiefsofOntario,1442932782095749120,3,10,False,2021-09-28T19:22:38.000Z
3654,366225624,ChiefsofOntario,1442932577854099463,2,2,False,2021-09-28T19:21:49.000Z
3655,366225624,ChiefsofOntario,1441491615609233408,3,0,False,2021-09-24T19:55:57.000Z
3656,366225624,ChiefsofOntario,1441488318601039877,3,4,False,2021-09-24T19:42:51.000Z
3658,366225624,ChiefsofOntario,1441092405642498062,0,0,False,2021-09-23T17:29:38.000Z
3659,366225624,ChiefsofOntario,1441089807594049547,1,1,False,2021-09-23T17:19:18.000Z
3660,366225624,ChiefsofOntario,1441089206961377286,26,20,False,2021-09-23T17:16:55.000Z
3666,366225624,ChiefsofOntario,1440744749078495237,2,2,False,2021-09-22T18:28:10.000Z
3671,1337408652416864259,ifnalliance,1451564298313023492,0,0,False,2021-10-22T15:01:12.000Z
3672,1337408652416864259,ifnalliance,1450199944573427712,13,13,False,2021-10-18T20:39:44.000Z
3673,1337408652416864259,ifnalliance,1446624492592238596,0,0,False,2021-10-08T23:52:10.000Z
3674,1337408652416864259,ifnalliance,1446233905556819974,0,1,False,2021-10-07T22:00:07.000Z
3675,1337408652416864259,ifnalliance,1445509185525923840,0,0,False,2021-10-05T22:00:20.000Z
3676,1337408652416864259,ifnalliance,1443563055804260355,2,5,False,2021-09-30T13:07:07.000Z
3677,1337408652416864259,ifnalliance,1443349899983081473,0,0,False,2021-09-29T23:00:06.000Z
3678,377588094,NANComms,1451686696446271491,13,39,False,2021-10-22T23:07:34.000Z
3679,377588094,NANComms,1451645547736178691,0,2,False,2021-10-22T20:24:03.000Z
3680,377588094,NANComms,1451645489611517955,1,8,False,2021-10-22T20:23:49.000Z
3681,377588094,NANComms,1451565797533487106,0,1,False,2021-10-22T15:07:09.000Z
3682,377588094,NANComms,1451559876962967559,12,36,False,2021-10-22T14:43:38.000Z
3683,377588094,NANComms,1451548097293819912,2,3,False,2021-10-22T13:56:49.000Z
3687,377588094,NANComms,1451247719905890314,0,0,False,2021-10-21T18:03:13.000Z
3691,377588094,NANComms,1450944725272432643,3,1,False,2021-10-20T21:59:14.000Z
3692,377588094,NANComms,1450806707622490123,8,12,False,2021-10-20T12:50:48.000Z
3694,377588094,NANComms,1450591560270327814,18,25,False,2021-10-19T22:35:53.000Z
3695,377588094,NANComms,1450557763617280009,1,0,False,2021-10-19T20:21:35.000Z
3696,377588094,NANComms,1450530481355862018,1,1,False,2021-10-19T18:33:10.000Z
3698,377588094,NANComms,1450481376902451205,0,1,False,2021-10-19T15:18:03.000Z
3699,377588094,NANComms,1450440382643425282,1,2,False,2021-10-19T12:35:09.000Z
3700,377588094,NANComms,1450189675616952334,11,17,False,2021-10-18T19:58:56.000Z
3701,377588094,NANComms,1450189280136077317,0,0,False,2021-10-18T19:57:22.000Z
3703,377588094,NANComms,1450184511128494084,0,0,False,2021-10-18T19:38:25.000Z
3706,377588094,NANComms,1450079710365507586,4,4,False,2021-10-18T12:41:58.000Z
3708,377588094,NANComms,1449114011518357509,1,5,False,2021-10-15T20:44:38.000Z
3711,377588094,NANComms,1449109867214610436,0,0,False,2021-10-15T20:28:10.000Z
3713,377588094,NANComms,1449048425731928066,4,6,False,2021-10-15T16:24:01.000Z
3714,377588094,NANComms,1449042484340924425,2,1,False,2021-10-15T16:00:24.000Z
3715,377588094,NANComms,1449042349192105988,1,4,False,2021-10-15T15:59:52.000Z
3716,377588094,NANComms,1449023910670966788,2,10,False,2021-10-15T14:46:36.000Z
3717,377588094,NANComms,1449013117762080783,5,16,False,2021-10-15T14:03:43.000Z
3718,377588094,NANComms,1449011993726361609,2,10,False,2021-10-15T13:59:15.000Z
3719,377588094,NANComms,1448998624277508097,2,11,False,2021-10-15T13:06:07.000Z
3720,377588094,NANComms,1448744036307714050,0,0,False,2021-10-14T20:14:29.000Z
3721,377588094,NANComms,1448743755117473794,0,0,False,2021-10-14T20:13:22.000Z
3723,377588094,NANComms,1448643209358462984,0,1,False,2021-10-14T13:33:50.000Z
3725,377588094,NANComms,1448276092608040964,0,2,False,2021-10-13T13:15:02.000Z
3727,377588094,NANComms,1447977449552326659,0,1,False,2021-10-12T17:28:20.000Z
3728,377588094,NANComms,1447937862058582031,3,5,False,2021-10-12T14:51:02.000Z
3731,377588094,NANComms,1447563627586801664,3,6,False,2021-10-11T14:03:57.000Z
3732,377588094,NANComms,1447551317723992066,8,9,False,2021-10-11T13:15:03.000Z
3733,377588094,NANComms,1447239766286774272,6,7,False,2021-10-10T16:37:03.000Z
3734,377588094,NANComms,1447194448186822658,1,1,False,2021-10-10T13:36:58.000Z
3735,377588094,NANComms,1447194442549665794,0,7,False,2021-10-10T13:36:57.000Z
3736,377588094,NANComms,1447192202468372484,0,2,False,2021-10-10T13:28:03.000Z
3738,377588094,NANComms,1446685801903902720,1,10,False,2021-10-09T03:55:47.000Z
3739,377588094,NANComms,1446678573272625153,1,3,False,2021-10-09T03:27:04.000Z
3740,377588094,NANComms,1446672972480081920,0,5,False,2021-10-09T03:04:49.000Z
3741,377588094,NANComms,1446659215523647492,5,34,False,2021-10-09T02:10:09.000Z
3742,377588094,NANComms,1446650504113627137,0,7,False,2021-10-09T01:35:32.000Z
3743,377588094,NANComms,1446647452480643076,1,10,False,2021-10-09T01:23:24.000Z
3745,377588094,NANComms,1446642698341941251,6,53,False,2021-10-09T01:04:31.000Z
3746,377588094,NANComms,1446641477480861701,0,16,False,2021-10-09T00:59:40.000Z
3747,377588094,NANComms,1446638198973632513,0,5,False,2021-10-09T00:46:38.000Z
3748,377588094,NANComms,1446635230022885377,0,3,False,2021-10-09T00:34:50.000Z
3749,377588094,NANComms,1446630061319229445,0,4,False,2021-10-09T00:14:18.000Z
3750,377588094,NANComms,1446629836370313220,5,32,False,2021-10-09T00:13:24.000Z
3751,377588094,NANComms,1446616332942954499,0,3,False,2021-10-08T23:19:45.000Z
3753,377588094,NANComms,1446594286863085569,0,2,False,2021-10-08T21:52:09.000Z
3754,377588094,NANComms,1446574086143025160,0,1,False,2021-10-08T20:31:52.000Z
3756,377588094,NANComms,1446564147328544771,0,2,False,2021-10-08T19:52:23.000Z
3758,377588094,NANComms,1446491221204029447,10,27,False,2021-10-08T15:02:36.000Z
3761,377588094,NANComms,1446465115566510112,1,0,False,2021-10-08T13:18:52.000Z
3766,377588094,NANComms,1446126111117565957,0,1,False,2021-10-07T14:51:47.000Z
3767,377588094,NANComms,1446120497452748805,4,5,False,2021-10-07T14:29:28.000Z
3768,377588094,NANComms,1445877439637475328,0,2,False,2021-10-06T22:23:39.000Z
3769,377588094,NANComms,1445867102993145857,1,8,False,2021-10-06T21:42:34.000Z
3770,377588094,NANComms,1445862134651498500,2,0,False,2021-10-06T21:22:50.000Z
3771,377588094,NANComms,1445849140018118659,0,0,False,2021-10-06T20:31:12.000Z
3772,377588094,NANComms,1445848906391166985,0,0,False,2021-10-06T20:30:16.000Z
3773,377588094,NANComms,1445765904747298819,6,8,False,2021-10-06T15:00:27.000Z
3774,377588094,NANComms,1445736806322896904,0,2,False,2021-10-06T13:04:49.000Z
3775,377588094,NANComms,1445726438204665859,0,3,False,2021-10-06T12:23:37.000Z
3776,377588094,NANComms,1445726287805313030,1,3,False,2021-10-06T12:23:01.000Z
3777,377588094,NANComms,1445726211007598593,3,2,False,2021-10-06T12:22:43.000Z
