id,full_lib_average_activation_time
863841,2.0
1263631,1.0
5548282,1.0
7801522,1.0
9898272,1.0
9946272,2.0
11211852,1.0
12034642,2.0
12688692,1.0
12804792,1.0
13218432,1.0
14050532,1.0
14200800,2.0
14218890,1.0
14260108,1.0
14260960,1.0
14262411,1.0
14354253,1.0
14411084,1.0
14480339,1.0
14705053,1.0
14807056,1.0
14837621,2.0
14968594,1.0
14975580,1.0
15103166,1.0
15193285,1.0
15208518,2.0
15232412,1.0
15285543,1.0
15391466,1.0
15407637,1.0
15557829,1.0
15579178,1.0
15677734,2.0
15827727,1.0
15961009,1.0
15986414,1.0
16116073,1.0
16146062,1.0
16158419,1.0
16195103,1.0
16213179,1.0
16272844,1.0
16279532,1.0
16320622,1.0
16365907,1.0
16382805,1.0
16397147,2.0
16397838,1.0
16411223,1.0
16552108,1.0
16620002,1.0
16668042,1.0
16700548,1.0
16702010,1.0
16750895,1.0
16927010,1.0
16958167,1.0
16977860,1.0
16982577,1.0
17174791,2.0
17204460,2.0
17247203,1.0
17280115,1.0
17389318,2.0
17391764,1.0
17544187,1.0
17568019,2.0
17622465,1.0
17668656,2.0
17686171,1.0
17716504,1.0
17818646,1.0
17829189,1.0
17834196,1.0
17875426,1.0
17901103,1.0
17954186,1.0
18018958,1.0
18100559,1.0
18191382,1.0
18248641,1.0
18360735,1.0
18517784,1.0
18535591,1.0
18536738,1.0
18540267,1.0
18733144,2.0
18776647,1.0
18805723,1.0
18872226,1.0
18947782,1.0
19004331,1.0
19006397,1.0
19045373,2.0
19203412,1.0
19417607,1.0
19540359,2.0
19543597,1.0
19561169,1.0
19567149,1.0
19634262,0.0
19903199,1.0
19997195,1.0
20090340,1.0
20199202,0.0
20229729,1.0
20382860,1.0
20523517,1.0
20530732,1.0
20570921,1.0
20635755,1.0
20657236,1.0
20917723,1.0
21147553,1.0
21221149,1.0
21435492,1.0
21499014,1.0
21665234,1.0
21889071,1.0
22088704,1.0
22176387,1.0
22233855,1.0
22237383,1.0
22279004,1.0
22296933,1.0
22303151,1.0
22411180,1.0
22413078,1.0
22446684,2.0
22485207,1.0
22501387,1.0
22565926,1.0
22570694,1.0
22730871,1.0
22849568,0.0
22859291,1.0
22927681,1.0
22988921,1.0
23262377,1.0
23281420,1.0
23308183,1.0
23329546,1.0
23381262,2.0
23469093,1.0
23489591,1.0
23510621,1.0
23520166,1.0
23604785,1.0
23750353,1.0
23768120,1.0
23958713,1.0
23962378,2.0
24272959,1.0
24628102,2.0
24631971,1.0
24779591,1.0
24890412,1.0
24892031,1.0
24986447,2.0
25121600,1.0
25127782,1.0
25178182,1.0
25192604,1.0
25206117,1.0
25227444,1.0
25343387,1.0
25397132,1.0
25484552,2.0
25813888,1.0
25924647,1.0
26040618,1.0
26063935,1.0
26294216,1.0
26639101,1.0
26650553,1.0
26742720,1.0
26914663,1.0
26945306,1.0
27068599,2.0
27101995,1.0
27180434,1.0
27543057,1.0
27706824,1.0
27842406,1.0
28001773,1.0
28116153,2.0
28183109,1.0
28250478,1.0
28321355,1.0
28395319,1.0
28566386,1.0
29017104,1.0
29196028,1.0
29209374,1.0
29222237,1.0
29252601,1.0
29536329,1.0
29583034,1.0
29731179,2.0
29754743,0.0
29839691,1.0
29891001,1.0
29933279,1.0
30096900,1.0
30165114,1.0
30238286,1.0
30247200,1.0
30592131,1.0
30626128,1.0
31272178,1.0
31422641,1.0
31549980,1.0
31619745,1.0
32244772,2.0
32292352,1.0
32480499,1.0
32616305,1.0
32713778,2.0
33002327,1.0
33047300,1.0
33061603,1.0
33080879,1.0
33131098,1.0
33238876,1.0
33335941,1.0
33734273,1.0
33908144,1.0
33927548,1.0
34105622,1.0
34671957,1.0
34705278,1.0
34797684,1.0
34855249,1.0
34943006,1.0
34947566,1.0
35598007,1.0
35709217,1.0
35826823,1.0
35835586,2.0
36372378,1.0
36775409,1.0
37513699,1.0
37740276,1.0
37787774,1.0
37987143,1.0
38268238,1.0
38278107,1.0
38520056,1.0
38584709,1.0
38713575,1.0
38735327,1.0
38880420,2.0
38937272,1.0
39041254,1.0
39582722,1.0
39607816,1.0
39669972,1.0
39728961,1.0
39759112,1.0
39895121,1.0
40082030,1.0
40121934,1.0
40163215,1.0
40379301,1.0
40550119,0.0
40591485,1.0
40654708,2.0
40766070,1.0
41043869,2.0
41297024,1.0
42141479,1.0
42183750,1.0
42195974,1.0
42233912,1.0
42247052,1.0
42271645,1.0
42957913,1.0
42965729,1.0
43304756,1.0
43510607,1.0
44030462,1.0
44246788,2.0
44361737,1.0
45848808,0.0
45868481,1.0
47215727,1.0
47338701,0.0
47371589,1.0
47509891,1.0
47692251,0.0
47817168,1.0
48035511,1.0
48079678,1.0
48518723,1.0
48928700,2.0
49422559,1.0
50084549,1.0
50378531,1.0
50503401,1.0
50645941,1.0
51075355,1.0
51325250,1.0
51510332,1.0
51792066,1.0
53772503,1.0
53922816,1.0
54050353,2.0
54837922,1.0
54978406,1.0
55276113,1.0
55468747,1.0
56204360,1.0
56556395,2.0
57290634,1.0
57431906,1.0
58088208,1.0
58340767,1.0
58494323,1.0
58727461,1.0
59134408,1.0
59180910,1.0
59337169,1.0
59844723,1.0
59936143,1.0
60058363,1.0
60597469,1.0
60637549,1.0
61520162,1.0
61521038,0.0
61562192,2.0
61939378,1.0
62018616,1.0
62314888,1.0
62346069,1.0
63538801,1.0
63772479,1.0
63805091,1.0
63826204,2.0
64044209,1.0
64819384,1.0
64915782,1.0
65208984,1.0
65743442,1.0
66119059,1.0
66371891,1.0
67763905,1.0
68214115,1.0
68372616,1.0
68476864,1.0
69738406,1.0
69744142,1.0
69874367,1.0
70821808,1.0
71049747,1.0
71283410,1.0
71665807,1.0
72095672,1.0
73154696,1.0
73606743,1.0
73873854,1.0
73953285,1.0
74753016,1.0
74787035,1.0
74883793,1.0
75305649,1.0
76722664,1.0
78103711,1.0
78344028,1.0
78601855,1.0
78998799,1.0
79201672,1.0
79272691,1.0
79303792,1.0
79709538,1.0
80442315,2.0
80702644,1.0
80728527,1.0
81290051,1.0
81470134,1.0
82017007,1.0
82149920,1.0
83265746,1.0
83874078,1.0
84105025,1.0
84334815,1.0
84523762,1.0
84922699,1.0
85470272,1.0
86344211,1.0
86861008,1.0
87742926,1.0
88476286,1.0
88714562,1.0
89309555,1.0
89505108,2.0
89760824,1.0
90680886,2.0
90732175,1.0
90743813,1.0
91201741,1.0
91443885,1.0
91481264,1.0
91495913,1.0
91609985,1.0
91942071,1.0
92572432,1.0
92920967,1.0
93020616,1.0
94473980,1.0
95744058,1.0
95878929,1.0
96027015,1.0
96281231,1.0
96822790,1.0
97251097,1.0
97290530,1.0
97751783,1.0
97923908,1.0
99401353,1.0
100157279,1.0
100408891,1.0
100684583,1.0
100812193,1.0
101113338,1.0
101362574,1.0
101579405,1.0
102944946,1.0
103297393,2.0
104036460,1.0
104351679,1.0
104544288,1.0
105372011,1.0
106515659,1.0
106594094,1.0
106769241,1.0
106812159,1.0
107169602,1.0
107277118,1.0
107886768,1.0
108710103,1.0
108912964,1.0
109048384,1.0
109375565,1.0
109778147,1.0
110396108,1.0
111411054,1.0
111695410,1.0
112753504,1.0
112815157,1.0
114008221,1.0
114042301,1.0
114268227,1.0
115539859,1.0
115896286,1.0
115946871,1.0
116273085,1.0
116288313,1.0
116378790,1.0
116679707,1.0
116808839,1.0
118851989,1.0
119244612,1.0
119748374,2.0
121651443,1.0
122130825,1.0
122198871,1.0
122991613,1.0
123110855,1.0
123519401,1.0
123920535,1.0
124851971,1.0
125322205,1.0
125736340,1.0
126075164,1.0
126346375,1.0
126366102,1.0
126754950,1.0
127134078,1.0
127146449,1.0
127409121,1.0
127608538,1.0
127609972,1.0
127707268,1.0
127849332,1.0
128277327,1.0
128786520,1.0
128908662,1.0
131223451,1.0
131475986,1.0
132246530,1.0
132763075,1.0
133355510,1.0
133459481,1.0
134114078,1.0
134965367,1.0
135498902,1.0
135997305,1.0
136043632,1.0
137527508,1.0
138468171,1.0
138545271,1.0
138876297,1.0
139195722,1.0
140128813,1.0
141087863,1.0
141116912,1.0
143107317,1.0
143296074,1.0
143303507,1.0
143456066,1.0
143550591,1.0
144959438,1.0
145647271,1.0
145688884,2.0
147446901,1.0
148108579,1.0
148418070,1.0
148489517,1.0
149212376,1.0
149610000,1.0
149669949,1.0
150270263,0.0
154311944,1.0
154690587,2.0
156025186,1.0
156821005,1.0
157152601,1.0
158870879,1.0
159109812,1.0
160325388,1.0
160667143,1.0
161018089,1.0
161226001,1.0
161269013,1.0
162787080,1.0
163448607,1.0
163999674,1.0
164824407,1.0
165039539,1.0
165100373,1.0
165125725,1.0
165812196,0.0
166207562,1.0
166790278,1.0
167137696,1.0
167499145,1.0
167985567,1.0
168653579,1.0
169268197,1.0
169387999,1.0
171102859,1.0
171209642,1.0
171470835,1.0
173045802,1.0
173906493,1.0
174544891,1.0
174617725,1.0
175463362,1.0
176143558,1.0
179129165,1.0
183410833,1.0
184164307,1.0
184265422,1.0
185265486,1.0
185335312,1.0
185588713,1.0
188162948,1.0
188240446,1.0
188359178,1.0
188637506,1.0
188738602,1.0
189406309,1.0
189844325,1.0
190055835,1.0
190203516,2.0
190231473,1.0
190340842,1.0
190948207,1.0
190996147,1.0
191677847,1.0
192775929,1.0
193246596,1.0
193471925,1.0
193706585,1.0
193818171,1.0
194562157,1.0
197638869,1.0
198471885,1.0
200880994,1.0
202276242,1.0
204488460,1.0
204728910,1.0
204876816,1.0
205535583,1.0
205786669,0.0
206220968,1.0
207657278,1.0
207745302,1.0
209176493,1.0
209721468,1.0
209845048,2.0
209869192,1.0
210304635,1.0
210565134,1.0
210662301,1.0
212884620,1.0
213613679,1.0
214213512,2.0
214492262,2.0
214946558,1.0
216830006,1.0
216889136,1.0
217245691,1.0
218325978,1.0
218953601,1.0
221631493,2.0
222139364,1.0
222232460,1.0
222571991,2.0
222670808,1.0
223606459,1.0
225901906,1.0
226456784,1.0
226521605,2.0
227523961,1.0
227826524,1.0
228529107,2.0
229871638,1.0
231871190,1.0
232446981,1.0
232519990,1.0
234550882,0.0
235355769,1.0
236492761,1.0
237008509,1.0
237267492,1.0
237536271,1.0
238747752,1.0
239840882,1.0
240466705,1.0
240786249,0.0
241177509,1.0
241923768,1.0
242619951,1.0
242705938,1.0
243755326,1.0
244066053,1.0
244120148,1.0
244196762,2.0
244242483,1.0
244337006,2.0
244516354,1.0
244635844,1.0
244650352,1.0
244863081,1.0
245111321,1.0
245149238,2.0
245402364,2.0
245630986,1.0
245687693,1.0
246242542,1.0
246576523,1.0
246825072,1.0
246948963,1.0
247478131,1.0
247897149,1.0
248493376,1.0
248568868,1.0
249012894,1.0
249196138,1.0
249221867,1.0
249820920,1.0
250348629,1.0
250414494,1.0
250756508,1.0
250804320,1.0
250997985,1.0
251927751,1.0
252733781,1.0
256071899,2.0
256775505,1.0
257811744,1.0
258000605,1.0
258554207,1.0
259004774,1.0
259964096,1.0
259986634,2.0
262453084,1.0
263617374,1.0
264344213,1.0
265419095,2.0
265743906,2.0
266325764,1.0
266580278,1.0
267966719,1.0
268089441,1.0
268292892,1.0
268619848,1.0
268881635,1.0
271599963,1.0
271989352,1.0
272180018,1.0
272185225,0.0
272250877,0.0
272626019,1.0
273107148,1.0
273465530,2.0
274004832,1.0
274220538,2.0
275164696,1.0
275210802,1.0
275979196,1.0
276243604,2.0
276615676,1.0
276671875,1.0
276713213,0.0
277276615,1.0
277355379,1.0
277625770,1.0
277805535,1.0
277809140,1.0
278142445,1.0
278260840,1.0
278528608,1.0
279237257,1.0
279499945,1.0
279679549,1.0
279903663,1.0
280677070,1.0
281221725,1.0
281574433,1.0
282164421,1.0
282378768,1.0
282526718,0.0
283094543,1.0
283226685,0.0
283757448,1.0
285190720,2.0
285273370,1.0
285334490,1.0
285622334,2.0
285771480,2.0
285973062,1.0
286499066,2.0
287178633,1.0
287303720,2.0
288509860,2.0
288535758,1.0
288782188,1.0
290613833,1.0
290791883,1.0
291362474,2.0
291462147,1.0
291918098,1.0
291947329,1.0
292006029,1.0
292053307,1.0
292465873,1.0
292468351,2.0
292480113,1.0
293210232,1.0
293271375,1.0
293695734,1.0
294405740,1.0
295849676,1.0
296907422,1.0
297549798,1.0
297824796,1.0
298321046,1.0
298589738,1.0
302216857,1.0
302984766,1.0
306310965,1.0
307441302,1.0
308428507,1.0
308726840,2.0
309706285,1.0
309932421,1.0
311614578,1.0
311703111,1.0
312037303,1.0
312720576,1.0
312759403,1.0
313021214,1.0
314032410,1.0
315555817,1.0
316574958,1.0
318550526,1.0
319585669,1.0
320409135,1.0
322508230,1.0
322591151,1.0
322879541,1.0
324012128,1.0
324703658,1.0
325016010,1.0
325928151,1.0
326564502,1.0
327244966,2.0
327533387,1.0
329279939,2.0
330215204,1.0
331365026,1.0
331368277,1.0
332063391,1.0
333172435,1.0
334361219,1.0
335436662,1.0
335769776,1.0
336152251,1.0
336357663,1.0
339724344,1.0
339752726,0.0
340359067,1.0
342138959,1.0
342176065,1.0
342474185,1.0
343324476,1.0
343610237,1.0
344210345,1.0
344258682,1.0
344492115,1.0
346299251,1.0
346655007,1.0
349391821,1.0
349453445,1.0
349587321,1.0
351686967,1.0
351909182,1.0
352018084,1.0
352522038,1.0
352797710,1.0
353239455,1.0
353379283,1.0
355032977,1.0
355569142,1.0
356170244,1.0
356528936,1.0
357100957,1.0
357958653,1.0
358355410,2.0
360677740,1.0
360841006,1.0
361299964,1.0
361551024,2.0
361577914,1.0
362257145,1.0
363070453,2.0
365473506,2.0
366315170,1.0
366673557,1.0
369095421,1.0
369284450,1.0
369686684,1.0
369833271,1.0
372271204,1.0
372308730,1.0
372638581,1.0
373460084,1.0
374155276,1.0
374560910,1.0
374599609,1.0
374684129,2.0
374871615,1.0
375977415,1.0
376391827,1.0
376539606,1.0
377106318,1.0
377139026,1.0
378280914,1.0
378860765,1.0
380451775,1.0
380583252,1.0
382144255,1.0
382786654,1.0
382864620,1.0
383093901,1.0
384032072,1.0
384516903,1.0
385678932,1.0
385791673,1.0
387363418,1.0
387492503,1.0
387818233,1.0
388280935,1.0
389770276,1.0
392903689,1.0
393195013,1.0
394245906,2.0
395523305,1.0
395569923,2.0
395993515,1.0
398455202,1.0
401169703,1.0
403336006,1.0
404349157,1.0
404672308,2.0
405708725,1.0
406742639,1.0
406956528,1.0
407049282,1.0
407055170,1.0
407372483,1.0
408072407,0.0
408368556,1.0
409615650,1.0
413514250,1.0
413660195,1.0
414543613,1.0
415774799,0.0
416719703,1.0
417254713,1.0
417389780,0.0
418159540,1.0
421151200,1.0
421482494,1.0
423241704,1.0
424352276,1.0
425698825,2.0
425710711,2.0
426171945,1.0
429404649,1.0
429997139,1.0
433586429,1.0
433864333,1.0
434655132,1.0
436077930,1.0
438492113,2.0
439108899,1.0
441064283,1.0
443804372,1.0
445580884,1.0
446268135,1.0
450289619,1.0
451297395,1.0
452877328,1.0
454283726,1.0
456023744,1.0
456210920,1.0
457136882,1.0
459900383,1.0
460413702,2.0
460654701,1.0
462273510,1.0
462516083,1.0
463091649,1.0
463489747,1.0
465136859,1.0
465567742,1.0
465605743,1.0
466566898,2.0
468732172,2.0
472212001,1.0
472515859,1.0
473377694,2.0
473687952,1.0
474516210,1.0
475531158,1.0
475867856,1.0
477327043,1.0
477503229,2.0
477550622,1.0
478759271,1.0
478914619,2.0
479033982,1.0
479135002,1.0
479171478,1.0
479787515,1.0
480418245,2.0
480837710,1.0
480908856,1.0
482142586,1.0
482386429,1.0
483451607,1.0
485544916,1.0
487686623,1.0
487917184,1.0
488052222,0.0
488101851,1.0
491473893,2.0
491784592,2.0
491861073,1.0
492736486,1.0
492844678,1.0
492909056,1.0
493283266,1.0
493727233,2.0
494161033,1.0
494259870,1.0
494683709,2.0
495066576,1.0
495561254,1.0
495943220,1.0
496131529,1.0
496282216,1.0
497484572,1.0
500232993,1.0
500410246,1.0
501963166,1.0
502194126,1.0
505441579,1.0
506923082,1.0
507802048,1.0
509489122,1.0
509679793,1.0
511015085,1.0
512897789,1.0
514482028,1.0
515619336,2.0
516583662,1.0
518931960,1.0
519750654,1.0
522647870,1.0
524557553,0.0
524785211,1.0
525857359,1.0
527802176,2.0
529477577,1.0
531718121,1.0
532260535,1.0
532798356,1.0
534720794,2.0
536780214,1.0
545652293,1.0
547671992,1.0
548833557,2.0
549516349,1.0
549739378,1.0
551095778,1.0
552119609,1.0
552163959,1.0
552261115,1.0
552394700,1.0
552414805,1.0
552761766,1.0
555310132,1.0
555726339,1.0
555848992,1.0
557432349,1.0
559474664,1.0
559921999,1.0
560707426,2.0
561133976,1.0
562179539,1.0
562452889,1.0
563978872,1.0
564376906,1.0
564702160,1.0
565410230,1.0
565731151,1.0
566525251,1.0
567611080,1.0
568592688,1.0
570417814,1.0
570619229,1.0
570841936,2.0
571224125,1.0
574122321,1.0
574237017,1.0
576365948,1.0
576452704,1.0
576605854,1.0
576797963,1.0
578640179,1.0
579377522,0.0
581336996,1.0
589333322,1.0
590165011,1.0
594678526,1.0
595162282,1.0
595794765,1.0
596748570,1.0
596787864,1.0
599628533,1.0
601285783,1.0
602854345,2.0
604018110,1.0
604050321,1.0
605976446,1.0
606418709,1.0
607348321,1.0
608732471,1.0
609432652,1.0
609606631,1.0
610279363,1.0
611244326,1.0
611777769,1.0
614336344,1.0
615622748,1.0
617819307,2.0
619056446,1.0
620296387,1.0
620960591,1.0
621164749,2.0
624681580,2.0
629743388,2.0
631988630,0.0
632355011,2.0
633313449,1.0
635750362,1.0
636649732,1.0
637381053,1.0
700191209,1.0
703481138,1.0
703676670,1.0
703722876,1.0
709304733,1.0
709860687,1.0
712588754,1.0
714086898,1.0
716501756,1.0
717397976,1.0
718125878,1.0
719025902,1.0
720467439,1.0
727277222,1.0
731034620,1.0
732743912,1.0
733817826,1.0
734791975,1.0
737514554,1.0
739347067,1.0
742419990,1.0
743891682,1.0
746272837,1.0
746495156,1.0
749515428,1.0
751852736,1.0
756913038,1.0
766052262,1.0
770492281,1.0
772669356,1.0
773752172,1.0
773820109,1.0
774316063,1.0
780323935,0.0
787540741,1.0
795014186,1.0
803458741,1.0
805321236,1.0
807403196,1.0
810166189,1.0
811341486,1.0
814266428,1.0
816330907,1.0
817636056,1.0
817946592,1.0
818223001,1.0
820394508,1.0
824053778,1.0
824450408,2.0
827073805,1.0
828207181,1.0
831394436,1.0
836229236,1.0
836525641,1.0
837070783,1.0
838462542,1.0
842768190,1.0
843872180,1.0
843912870,1.0
845793992,1.0
848215760,1.0
857503261,1.0
859029968,1.0
860021480,1.0
866219268,1.0
866885359,1.0
868664184,1.0
870258986,1.0
870881503,1.0
872156101,1.0
879291181,1.0
883195724,1.0
883270158,1.0
884681534,1.0
893479800,1.0
896126557,1.0
896411018,2.0
898315524,1.0
900079710,1.0
900460459,1.0
902081383,1.0
911471588,0.0
917946234,1.0
925220521,1.0
928260986,1.0
928773218,1.0
930731941,1.0
931172473,1.0
931397016,1.0
932140800,1.0
936078120,1.0
946252093,1.0
946856348,1.0
946882993,1.0
952509391,1.0
955813645,1.0
956575868,1.0
956645852,1.0
958059691,1.0
959616290,1.0
962522162,1.0
964595772,1.0
964720886,1.0
964952442,1.0
966475711,1.0
967092727,1.0
968892402,1.0
970391360,1.0
984087986,1.0
985610131,1.0
987742428,1.0
989524916,1.0
991292864,1.0
998463632,1.0
1000072428,1.0
1000121898,1.0
1002181382,1.0
1005090338,1.0
1007255220,1.0
1009255038,2.0
1016055744,1.0
1016344074,1.0
1017182682,1.0
1020805591,1.0
1022624791,1.0
1025224374,1.0
1028574457,1.0
1033285939,1.0
1035022080,1.0
1038828488,1.0
1040069642,1.0
1051813561,1.0
1052848710,1.0
1053294163,1.0
1058550589,1.0
1063416206,1.0
1066931820,1.0
1067040523,1.0
1070982332,1.0
1071269940,1.0
1072270926,0.0
1084139348,1.0
1084390676,1.0
1086224065,1.0
1093876945,1.0
1095778142,1.0
1102344307,1.0
1106068465,1.0
1107193328,1.0
1111684734,1.0
1115085588,1.0
1115743411,1.0
1122821269,1.0
1123298138,1.0
1133870300,1.0
1141357614,1.0
1143758460,1.0
1145763823,1.0
1149447600,1.0
1149886351,1.0
1155632521,1.0
1161553027,2.0
1161773396,1.0
1161819426,1.0
1166197440,1.0
1168880456,1.0
1168889689,1.0
1173487902,1.0
1180274570,1.0
1180302456,1.0
1183628382,1.0
1184773766,1.0
1196088434,1.0
1213932116,1.0
1217033150,1.0
1223950760,1.0
1224753522,1.0
1225685834,1.0
1226745896,1.0
1228338595,1.0
1236419006,1.0
1241724194,1.0
1241938664,1.0
1244372887,1.0
1252685460,1.0
1257790524,1.0
1262185260,1.0
1265040463,1.0
1267982563,1.0
1268868582,1.0
1284332827,1.0
1287165872,1.0
1312689637,1.0
1318596690,1.0
1324334436,1.0
1332217788,1.0
1335362690,1.0
1338269324,2.0
1340647489,1.0
1342069742,1.0
1343062806,1.0
1344052376,1.0
1346752914,1.0
1349603492,1.0
1350875772,1.0
1354514791,1.0
1362286033,1.0
1364400174,1.0
1368556596,1.0
1373611190,2.0
1373991758,1.0
1375223731,1.0
1380338395,1.0
1381876639,1.0
1382787902,1.0
1385142120,1.0
1395573282,1.0
1400022122,1.0
1408553192,1.0
1408989782,1.0
1417651057,2.0
1419615337,1.0
1426275908,1.0
1429556228,1.0
1431077072,2.0
1432822363,1.0
1436184229,2.0
1439990076,1.0
1447500974,1.0
1449681354,1.0
1450117208,1.0
1452154190,1.0
1452523140,1.0
1454190546,1.0
1454928205,1.0
1457593346,1.0
1462888219,1.0
1464710695,1.0
1464864302,1.0
1466130590,1.0
1467415686,1.0
1473247921,1.0
1474351362,1.0
1480979274,1.0
1483115347,1.0
1483413924,2.0
1483720117,1.0
1490829685,1.0
1516443830,1.0
1517785830,1.0
1520790236,1.0
1530633828,1.0
1532059003,1.0
1534736059,1.0
1539786830,1.0
1543621812,1.0
1544098346,1.0
1545053600,1.0
1553568678,1.0
1554026516,1.0
1563418116,1.0
1568361462,1.0
1587277334,1.0
1595984340,1.0
1606694744,1.0
1607298926,1.0
1609094347,1.0
1611362473,1.0
1613440789,1.0
1621628809,1.0
1623029167,1.0
1630560463,1.0
1634103324,1.0
1634795276,1.0
1636677512,1.0
1645101518,1.0
1646334073,0.0
1646524483,1.0
1653056605,1.0
1654195111,1.0
1658060336,1.0
1658497970,1.0
1663428859,2.0
1666873268,1.0
1671440185,1.0
1672060663,1.0
1676832624,2.0
1693965810,1.0
1696849597,2.0
1699266222,1.0
1704892705,1.0
1706203484,1.0
1707636642,0.0
1719914058,1.0
1720325022,1.0
1729978615,1.0
1732148604,1.0
1759535042,1.0
1852026889,1.0
1869443246,1.0
1876821878,1.0
1881086226,2.0
1882871270,1.0
1883503086,1.0
1890389540,1.0
1892889174,1.0
1898718420,1.0
1899063048,0.0
1909127594,1.0
1935335732,1.0
1939332804,1.0
1940163871,1.0
1960905264,1.0
1963707690,1.0
1972656259,1.0
1976161178,1.0
2147736458,1.0
2148927146,1.0
2153925662,1.0
2155133512,1.0
2161273424,1.0
2166766790,1.0
2171336220,1.0
2171473181,1.0
2172301957,1.0
2179048830,1.0
2179985958,1.0
2185520736,1.0
2194704332,1.0
2194707954,1.0
2198725662,1.0
2202236205,1.0
2204603143,1.0
2205379124,1.0
2207862536,1.0
2216992111,1.0
2226595754,1.0
2229187188,1.0
2230201182,1.0
2230228135,2.0
2233495160,1.0
2235109106,1.0
2236412437,1.0
2242940071,0.0
2245822809,1.0
2246861179,1.0
2250600822,1.0
2252974998,1.0
2262304373,1.0
2263235551,2.0
2263611764,1.0
2266156348,1.0
2279964458,1.0
2288450013,1.0
2291668635,1.0
2293400150,1.0
2294943949,1.0
2298494857,1.0
2302934247,1.0
2307667986,1.0
2310571382,2.0
2310972873,1.0
2321364325,1.0
2321539819,1.0
2322580746,1.0
2322742226,1.0
2328551789,1.0
2328714525,1.0
2329359954,1.0
2329948985,2.0
2332742508,0.0
2335459747,1.0
2336704663,1.0
2337081763,1.0
2337169082,1.0
2340639356,1.0
2344419362,0.0
2345269014,2.0
2345353339,1.0
2345872214,1.0
2350842762,1.0
2356255075,1.0
2356511802,1.0
2357019144,1.0
2359994298,1.0
2361659523,1.0
2364543156,2.0
2365063687,1.0
2367782426,1.0
2370679706,2.0
2375939700,1.0
2379836665,1.0
2382985722,2.0
2391028039,1.0
2393877565,1.0
2398636999,1.0
2399159960,2.0
2409663512,1.0
2413332228,1.0
2416987094,1.0
2418651039,1.0
2422659372,1.0
2422889322,1.0
2423963544,1.0
2429416742,1.0
2432292664,1.0
2434162616,1.0
2435064488,1.0
2439917222,1.0
2448183522,1.0
2448438361,2.0
2452465303,1.0
2453484217,1.0
2458706217,1.0
2461413607,1.0
2465413693,2.0
2473004138,2.0
2474878388,2.0
2484867234,1.0
2497826733,1.0
2499765411,1.0
2500886207,1.0
2504595173,1.0
2510607106,1.0
2513815812,1.0
2513848772,1.0
2513973205,0.0
2516656489,1.0
2525412733,1.0
2531796766,1.0
2536457582,2.0
2539706393,1.0
2541558216,2.0
2547479355,1.0
2553547478,1.0
2555150671,1.0
2557859383,2.0
2558166399,1.0
2561429863,1.0
2562075345,1.0
2563267070,1.0
2565540063,1.0
2565889062,1.0
2575105178,1.0
2577417224,1.0
2579359027,1.0
2580573206,1.0
2586301754,1.0
2591497068,1.0
2601405631,1.0
2606160644,1.0
2608278954,1.0
2610160608,1.0
2610228313,1.0
2617445790,1.0
2650286647,1.0
2655144752,2.0
2659339698,1.0
2673432539,1.0
2678072299,0.0
2684150467,1.0
2688244771,2.0
2688936277,1.0
2695759657,1.0
2696499924,1.0
2703251972,1.0
2717141005,1.0
2723248116,1.0
2726766875,1.0
2727104911,1.0
2727310657,1.0
2740832577,1.0
2748908419,1.0
2767149023,1.0
2768042960,2.0
2776775090,1.0
2783465111,1.0
2785990732,1.0
2786190433,1.0
2786453723,1.0
2787872741,1.0
2797149584,1.0
2801940764,2.0
2802164864,1.0
2806025053,1.0
2808077842,1.0
2809579420,1.0
2810340435,1.0
2813519606,1.0
2817115358,1.0
2819598111,1.0
2829326083,1.0
2834027571,1.0
2841353476,1.0
2841682787,1.0
2842108210,1.0
2844085461,2.0
2846663385,1.0
2848252432,1.0
2848993491,0.0
2852899113,0.0
2857162258,1.0
2858967288,1.0
2878597878,1.0
2881743736,1.0
2883793638,1.0
2889433635,1.0
2891740872,0.0
2903125497,1.0
2904173352,1.0
2909908526,1.0
2912533259,1.0
2913994456,1.0
2923548847,1.0
2935385802,1.0
2937275517,1.0
2937436849,0.0
2942980610,1.0
2945175660,1.0
2954452489,2.0
2955358696,1.0
2959447888,1.0
2960425510,1.0
2978018901,1.0
2978651261,1.0
2978915301,1.0
2981594310,1.0
2981748737,1.0
2982747256,2.0
2983179809,1.0
2991444039,1.0
2997232612,1.0
2997369643,1.0
3004517593,1.0
3013054279,1.0
3016644136,1.0
3020138827,1.0
3027126485,1.0
3027131033,1.0
3027175813,1.0
3027352793,1.0
3028678097,1.0
3037547121,1.0
3044664527,1.0
3044668917,1.0
3045200844,1.0
3047441154,1.0
3055684983,1.0
3063207985,1.0
3079986094,1.0
3087508827,1.0
3098295646,1.0
3115467549,1.0
3116281316,1.0
3127733541,1.0
3133023601,1.0
3134213921,1.0
3138897481,1.0
3142877576,1.0
3145255146,1.0
3145959239,1.0
3146336130,1.0
3146363237,2.0
3151794084,1.0
3153606956,1.0
3163148070,2.0
3168944977,1.0
3178310229,1.0
3187036970,1.0
3187125694,1.0
3187763194,1.0
3188558830,0.0
3190218893,2.0
3191905064,2.0
3193936051,1.0
3207727990,1.0
3210225459,1.0
3210979450,1.0
3214005433,2.0
3214605233,2.0
3215021121,1.0
3219675469,1.0
3221899499,1.0
3222916362,1.0
3230982326,1.0
3236227384,1.0
3236292185,1.0
3237611533,1.0
3237987454,2.0
3242606862,1.0
3242988211,1.0
3243413346,1.0
3248793252,1.0
3252567442,1.0
3252739150,1.0
3256835689,1.0
3257047456,0.0
3257084158,1.0
3278980771,1.0
3294127299,1.0
3296320187,1.0
3302079706,2.0
3303970222,1.0
3306592849,1.0
3313678069,1.0
3313737115,1.0
3314500315,1.0
3314718199,1.0
3324151143,1.0
3328103300,1.0
3344587091,1.0
3345858640,1.0
3347624260,2.0
3353907712,1.0
3362989235,1.0
3364280350,1.0
3374295154,1.0
3375072193,1.0
3383115214,1.0
3387840999,1.0
3390405255,1.0
3395462782,1.0
3395470841,1.0
3395637394,1.0
3400282468,1.0
3400323767,1.0
3434791216,1.0
3434857138,1.0
3452609901,1.0
3458337916,1.0
3484951036,1.0
3493136657,1.0
3496787132,1.0
3497211396,1.0
3536757616,2.0
3542224753,1.0
3556243160,1.0
3561124332,1.0
3602291597,1.0
3649639092,1.0
3691095076,1.0
3691462521,1.0
3694115056,1.0
3750904576,2.0
3767971403,1.0
3817272275,1.0
3827985089,1.0
3865577362,2.0
3933221235,1.0
3952363934,1.0
3956879655,1.0
4017242955,1.0
4026045455,0.0
4071912199,1.0
4126010893,1.0
4135296683,1.0
4168160241,1.0
4168242695,1.0
4185881038,1.0
4206473374,1.0
4210303203,1.0
4230168979,1.0
4242950240,1.0
4252578735,2.0
4257281248,1.0
4292519659,1.0
4295586803,1.0
4304745313,1.0
4306179448,1.0
4326463994,1.0
4336807819,1.0
4364536217,1.0
4376648537,2.0
4395312869,1.0
4395821867,1.0
4396958260,1.0
4421519734,1.0
4423475074,1.0
4428524481,1.0
4472921357,1.0
4490072542,1.0
4499430739,1.0
4604251185,1.0
4610971101,1.0
4635167687,1.0
4660094854,1.0
4665455474,1.0
4676368926,1.0
4685693714,1.0
4718965428,1.0
4719872722,2.0
4726193834,1.0
4749631173,1.0
4767283157,1.0
4768334003,1.0
4784033478,1.0
4787630420,2.0
4827935894,1.0
4832314828,1.0
4837110317,1.0
4859634618,1.0
4867254005,1.0
4867340667,1.0
4872303902,1.0
4879072019,1.0
4886200005,1.0
4886525181,1.0
4901942889,1.0
4909203478,1.0
4910551035,1.0
4917605667,1.0
701126456676655105,1.0
702921372599656448,1.0
703343453523066881,2.0
703859798538780674,1.0
705023369339662336,2.0
705351206395207680,1.0
705570249643397120,1.0
705988054578630656,1.0
707535359916306435,1.0
708081550605336577,1.0
709748036226957312,1.0
711980580813066240,1.0
712039917493342209,1.0
713902604334465024,1.0
714477321953140736,2.0
714591529751416832,1.0
717110073860993024,1.0
717522108612534273,1.0
718139770430316544,1.0
718593782166458368,1.0
720579941184757760,0.0
721172734038777856,2.0
723146471273431040,1.0
723258780163547137,1.0
728304522662043648,1.0
728415025619034112,1.0
728639050119303168,1.0
729194378779078656,1.0
729719337993506816,2.0
730064899863273472,1.0
730587339030953985,1.0
730740364370444288,1.0
733429965333520390,1.0
735005968606466050,1.0
735291795764957186,1.0
735535180237148160,1.0
735561897479536640,1.0
736362100340101120,1.0
736655842766946304,1.0
737747920317878272,1.0
738090781651697664,1.0
738194465840472064,1.0
740887364248076289,1.0
744220610134413313,1.0
744595917790130176,1.0
744957869754245120,1.0
745300643888300032,1.0
745386523869143043,1.0
745609653581717505,1.0
746370648855945216,1.0
747111097476521984,1.0
747151042253590529,1.0
747162710677217280,1.0
748006078990917637,1.0
748620770037874688,1.0
753796738322931712,1.0
754042156277493760,1.0
754108043974107137,1.0
756626345862586368,1.0
757848175738703872,1.0
758814776566816768,2.0
761351293457752064,1.0
761955803788087297,1.0
761967143881670656,1.0
762278265398571008,1.0
763377249047412736,1.0
763595413748342789,1.0
763840064631689216,1.0
764190205133717504,1.0
765090982270529536,1.0
765307237153775616,1.0
765510378260357125,1.0
767272756081811457,1.0
767799444993638400,1.0
768295011007934469,1.0
771414505276309504,1.0
772426362485350400,1.0
775182554173407232,2.0
775501047120953344,1.0
776846234271244288,2.0
776959799871303681,1.0
777191985341882368,1.0
777967966600175616,1.0
780111689626681344,1.0
780207641335300096,1.0
781148974053023744,1.0
781360901228298240,1.0
783308042309767168,1.0
783393750454198273,2.0
784113608414392323,1.0
785448020628430849,1.0
785471772904660993,1.0
785546413274914816,1.0
786961690227187712,1.0
788018802869100550,1.0
788060647401615360,1.0
788130042882715649,1.0
788747576598069248,1.0
792013143916605440,1.0
792395212136017920,1.0
795283700426620932,1.0
796457850629279744,1.0
796839329368866817,2.0
797894414039326720,1.0
798578408489963524,1.0
799080815606972416,1.0
800221790354030592,1.0
800680018326077440,1.0
802034597567598593,2.0
803742445280194560,1.0
804025676626067459,1.0
804326064294129664,1.0
805101587374936068,1.0
805528640184287238,1.0
805981294182146048,1.0
806214844387098624,1.0
806261707731595265,1.0
806662692404502528,2.0
807029571195469824,1.0
807787995940036608,1.0
807818269319000064,1.0
808450734240972800,1.0
809384904467316736,1.0
810611350309310464,1.0
811608002872614912,1.0
814514799879081984,1.0
816117506918125568,2.0
818532975906275328,1.0
818800320386072576,1.0
819185162479144960,1.0
820223661525389312,1.0
820446669720276992,2.0
820826373916921856,1.0
821505341322121216,2.0
821696056639496194,1.0
822613594785382400,1.0
823056541729296384,1.0
823593100908040193,1.0
823933874551959552,1.0
824092065164390400,1.0
824319315327483904,1.0
824825637676294144,1.0
828020542728962048,1.0
828310819402313728,1.0
828691196310589440,2.0
829515153771208706,1.0
830889642035703808,1.0
831903527362400260,1.0
832610018914607105,1.0
834519511009091584,2.0
835869142288850944,1.0
836569810691575810,1.0
836634384153395200,1.0
837639904230313988,1.0
838963324113006592,1.0
842902386217693184,1.0
845318650877890560,1.0
845487573011173380,1.0
846113738549792768,1.0
846461799037751296,1.0
848973710916689920,1.0
849376476877266944,1.0
850124612549705728,1.0
851489485166706689,1.0
851751855487148032,1.0
852919543630573569,2.0
853629044319014912,1.0
853722212741898240,1.0
854102723964190720,1.0
854726042958934016,1.0
855955369830395904,2.0
857767183182684160,1.0
860391395428671489,1.0
860444010812514304,1.0
860702908668461056,1.0
861093170024775681,1.0
861680084612153349,1.0
861964181981081604,1.0
863394595228585987,1.0
864192327727886336,2.0
864636075309924353,1.0
865232482307719168,1.0
865305435707985921,1.0
865752884411064320,1.0
866967099415113728,1.0
867826603480539136,1.0
868099546609577993,1.0
868217835708973058,1.0
868638660551245824,1.0
869300015960907776,1.0
870459348094517249,1.0
870995395085815808,1.0
872468909588447232,1.0
873546626937217025,2.0
879506869529616384,1.0
879752218051842049,1.0
884026348515115008,1.0
884134729192275969,1.0
885066831278604290,1.0
885843411835670528,1.0
886811694353264640,1.0
888275165217406978,1.0
890784463784783872,1.0
891021947370340352,1.0
891064163480608768,1.0
893274928857972737,2.0
893858949929291776,1.0
894740180942204930,1.0
895590923119329280,1.0
896144748330831872,1.0
897284489075974144,1.0
899886426312941568,1.0
900073889665077252,2.0
900730131660058625,1.0
901958040831840257,1.0
904873755125657604,1.0
904897416536707073,1.0
904983531553775616,1.0
905443460379017216,1.0
907666595396407296,1.0
910717382879977472,2.0
911059664497971200,1.0
911756586170896384,1.0
912340252882296835,1.0
913149899016933377,1.0
914701376906600449,1.0
914740242233610240,2.0
916217628129218560,1.0
916458827087777793,1.0
917368679951667201,1.0
919548186590621696,2.0
919906847171186688,1.0
921184805328441345,1.0
924780171999277056,1.0
927677462812782593,1.0
929150216623853569,1.0
929787316838662144,1.0
930146052019167232,2.0
930557785808523265,1.0
930566954519207936,1.0
931318257553833985,2.0
932662426495078402,1.0
932785949712384000,1.0
933016350615834624,1.0
933877959420551168,1.0
934213656664870912,1.0
935877816457089024,1.0
937380204212883457,1.0
937771575104778240,1.0
937787097120899073,1.0
940479862938198016,1.0
940588105500897280,1.0
942364199644160000,1.0
946226966075604992,1.0
947487287855558656,2.0
947948729390321670,1.0
948756511022600192,1.0
949132343930843136,1.0
950778122491883522,2.0
950990576551260160,2.0
952247125185720320,1.0
953444662404055041,1.0
955591906741968896,1.0
955808933104443393,1.0
955886730237874181,1.0
956437581331181568,1.0
957024565150011393,1.0
958854275471495169,1.0
960321999842164736,1.0
960884393639366656,1.0
961307945358315520,1.0
961678255450357760,2.0
963973175200616449,1.0
965797076436217857,1.0
966841266381119489,1.0
967178808368549889,1.0
967479117661790208,1.0
967722732090732546,1.0
968627658153177088,1.0
970109612597895168,1.0
971393126978928641,1.0
971536182969384960,1.0
971857794826567680,1.0
972596838414008320,1.0
972851747294273537,1.0
972999488431411200,1.0
973876826564161541,1.0
974072056605179905,1.0
974124934971584512,1.0
975051059268915200,1.0
975146167746121731,1.0
976078973418446848,1.0
976879301302857729,1.0
977021684074078208,2.0
977645375543705602,1.0
978378745881944064,1.0
982277565556518912,1.0
983875620194013184,1.0
985570002131550208,1.0
985938313784807425,1.0
986026786319421440,1.0
988601164785635330,1.0
989134900606525440,1.0
993705834470367232,1.0
995724444894195713,1.0
995895483389304832,1.0
997227280735789056,1.0
998370119561695232,1.0
998590102573023232,1.0
1001727838133796864,1.0
1003187163310129152,1.0
1003958926516383745,1.0
1006186075390439424,2.0
1006347590831464448,1.0
1008077138602258432,1.0
1008882334517653507,1.0
1009441233658265600,1.0
1009532533682397184,1.0
1009587431060852736,1.0
1009629964998709248,1.0
1010377752195805184,1.0
1010801534656016385,1.0
1013259609291673600,1.0
1013502080076664832,1.0
1013526907969724416,1.0
1014345292819279872,1.0
1016291321160626176,1.0
1017375667296591878,1.0
1020104760882495488,1.0
1020441768632946689,1.0
1021254438462210048,1.0
1021427335051038721,1.0
1022319903338987520,1.0
1024105935680221185,1.0
1025399327034929153,1.0
1027928327259009026,1.0
1028421941957292032,1.0
1028673830481485824,1.0
1029020739133997056,1.0
1030168238011731968,1.0
1030579315203878912,1.0
1032847520425107456,1.0
1034295964582854656,1.0
1035299824856313857,1.0
1036816881347219457,1.0
1037768200253915136,1.0
1039315357004115971,2.0
1039334366340698112,1.0
1040023858705850369,2.0
1042586234193756161,1.0
1042860496892772352,1.0
1043500174247641088,1.0
1045696911544594432,1.0
1046415516477390850,1.0
1046476783636234240,1.0
1047279571719127040,1.0
1048950719636590592,2.0
1049430977142018050,1.0
1050507703821328384,1.0
1053063936172421120,1.0
1054149497943662592,2.0
1054519247211294720,1.0
1054831685571887106,1.0
1054951695359377414,1.0
1055935247567781890,2.0
1056278872562356224,2.0
1059637721071636480,1.0
1059778551237484546,1.0
1064701018967920640,1.0
1067055181605437440,1.0
1067560905221623808,1.0
1068172989651390464,1.0
1068918623778017282,2.0
1069665257243713541,1.0
1070543814727745536,1.0
1070588953105969152,2.0
1071400735928172544,1.0
1073712716936830976,1.0
1073968565047476224,1.0
1074411735065481216,1.0
1078044289454747648,1.0
1079132387605266432,1.0
1079374636608114689,1.0
1080465239538229248,1.0
1080999330461343744,1.0
1082399347948638209,1.0
1083319531198603264,1.0
1083555333052788743,1.0
1083738940199317504,1.0
1084260346527805445,1.0
1087983274402766848,1.0
1089984351050350593,1.0
1091414403562401792,2.0
1093852516700295168,1.0
1094348418657460224,1.0
1095260188716777472,1.0
1095724647998545923,2.0
1096205507348623360,1.0
1096227160971509760,1.0
1096878973567418368,2.0
1099487883658899456,1.0
1099687570408177666,1.0
1100152284737085440,1.0
1102773540741275648,1.0
1103117762120028160,2.0
1105176913847439362,2.0
1105779090265726977,1.0
1105991099363975168,2.0
1106035116437049345,2.0
1106884731621257216,1.0
1108409631334793216,2.0
1108436969351049217,1.0
1108946653506002946,1.0
1109405647366426624,1.0
1109593590005723138,1.0
1111290178616942593,1.0
1111398383606886401,1.0
1111464955633643525,1.0
1112858774992171010,1.0
1113159183946452993,1.0
1113584648095973377,1.0
1115680256742965249,1.0
1115838887623122954,1.0
1117606113535516672,1.0
1117616102442455041,1.0
1118193171064745985,2.0
1123241859554381824,1.0
1123395231792209922,1.0
1126937736122982401,1.0
1132435834257399810,1.0
1133040497864466432,1.0
1133910409814171648,1.0
1134206161555787778,1.0
1134331250842451969,1.0
1135008356979093505,1.0
1135229588798431232,1.0
1135540413341868032,1.0
1135994998724452352,1.0
1138253706804310018,1.0
1138460564873711616,2.0
1140603291891642369,1.0
1140855548180672512,1.0
1141771312823721984,1.0
1143342270399373313,1.0
1144203889949831169,1.0
1144289639924207616,1.0
1144380742119632897,1.0
1144598168757293056,1.0
1146169755218456578,1.0
1147646449796157445,1.0
1148735122092568577,1.0
1149316040947576833,1.0
1149910692339814400,1.0
1150176744177045504,1.0
1150773939284652032,1.0
1151488664943366145,1.0
1153773604716404739,1.0
1154318062197207041,1.0
1154768018804809728,1.0
1154882171515088898,1.0
1156033982586208256,1.0
1159104150480850944,1.0
1159457355295338500,1.0
1161709863396958209,1.0
1162106955512590348,1.0
1162219997977960449,1.0
1162600016831078400,1.0
1162772578001461248,1.0
1163554169548095488,1.0
1164864823882067968,1.0
1164918752774934528,1.0
1165031734838276097,1.0
1166069236571226113,1.0
1166556757600157696,1.0
1166717268975333376,1.0
1168192787990425600,1.0
1170770038208565248,0.0
1171878947983962112,1.0
1172239930514448389,1.0
1172868023734218756,1.0
1175487335749885952,1.0
1176572359974772749,1.0
1177284937537339393,1.0
1177376595029450754,2.0
1177645565028569091,1.0
1178793548222566401,1.0
1179737909500489729,2.0
1179831200476794880,1.0
1179875146024325121,1.0
1180991940042661888,1.0
1181242595269369858,2.0
1181408285121011712,1.0
1181546165877317633,1.0
1181986921079287809,1.0
1182391737970503680,2.0
1183544021626621953,1.0
1184231486075092992,1.0
1185531782952816640,1.0
1187143366921850883,1.0
1187164179003662337,1.0
1187413831666065409,1.0
1190371499800174593,1.0
1193629103183806465,1.0
1194082770445852672,1.0
1194591899102961666,1.0
1194615821840142336,1.0
1196506051467763712,1.0
1197389912821116929,2.0
1198658332073938944,1.0
1198941983462612993,2.0
1199151462745440256,1.0
1199272709177446401,1.0
1199298527710416896,1.0
1201999184817094656,1.0
1204374981359984640,1.0
1204543129321398276,1.0
1205246685569540097,1.0
1206708195118370817,1.0
1206937082616303617,1.0
1206958907836583936,1.0
1207409404984868864,1.0
1208769931925319681,1.0
1208950131682422784,1.0
1209208226669060096,1.0
1210638105583276032,1.0
1211315075681640448,1.0
1213405462021853185,1.0
1213892068826763264,1.0
1213956432975908864,1.0
1214207026609278978,1.0
1214240996256403456,1.0
1215303826175078400,1.0
1216021034643705856,1.0
1216745611199905793,1.0
1217047945541046274,1.0
1217265422006915072,1.0
1217601646521270272,1.0
1218596758252552195,1.0
1221508795018379266,1.0
1222274097935073281,1.0
1222930666632839168,1.0
1223858724386877442,1.0
1223999665189900289,2.0
1224107192212578305,1.0
1224424024085868549,1.0
1224855759453736962,1.0
1225141644414025728,1.0
1227388670803677186,1.0
1227417563837194240,1.0
1227433586565009411,1.0
1227472004384727046,1.0
1227962762233548800,1.0
1229382793953714176,1.0
1229490959941017600,1.0
1230108007800770560,1.0
1232000051095965697,1.0
1234240387033661440,1.0
1235012286219083776,1.0
1235284286468542464,1.0
1235985277002248194,1.0
1236324668640047105,1.0
1237561183848333318,1.0
1238612328087576576,1.0
1241061354720681986,1.0
1243221104560345090,1.0
1243888276123025423,1.0
1245378985883828225,1.0
1245513078097293316,1.0
1245757386020831232,1.0
1247345659130392578,1.0
1248311114015834112,2.0
1248842158553141250,1.0
1249512645331308551,1.0
1249895126111043584,1.0
1250135497118228485,1.0
1250243588514099201,1.0
1251989186862866433,1.0
1252286924519243782,1.0
1252293223302619137,1.0
1252772308227407878,1.0
1252868601465323522,1.0
1252934949356941313,1.0
1254018918261198850,1.0
1254064654541901825,1.0
1254461636418711552,1.0
1254895669556449281,1.0
1255110499253071872,1.0
1255595303178317824,1.0
1255915694186795012,1.0
1255960012888829954,1.0
1257339689603825664,1.0
1258043434801250304,1.0
1258426125296054272,1.0
1258837518809784323,1.0
1259613060236541954,1.0
1259816940844937217,1.0
1259833261376901121,1.0
1260641172843909121,1.0
1260958038694883328,1.0
1263095479996493824,1.0
1263841933090308102,1.0
1265825837900849154,2.0
1265853916077527042,1.0
1266878041868959744,1.0
1267164088599076864,1.0
1267822063521107972,1.0
1270093742205173760,1.0
1270673451221757953,1.0
1271509161717706760,1.0
1271686484320350209,1.0
1272195427828297728,1.0
1275784966752755713,1.0
1275961139139051522,2.0
1276982464217579521,2.0
1278213921468342275,1.0
1278393158943100930,1.0
1281353202366111746,1.0
1281736585386569729,1.0
1287874662827950081,1.0
1288005905691418625,1.0
1288514327213944834,1.0
1288632991074394112,1.0
1289558439052496901,1.0
1289606330064437249,1.0
1290076065352896512,1.0
1290284954635640833,1.0
1290301285728567302,1.0
1291531291066798083,2.0
1291710785115361280,1.0
1292903672083488768,1.0
1293643977468633091,1.0
1293961079182094336,1.0
1294589571942973440,1.0
1295049234312581121,2.0
1295381401441796096,1.0
1295456970049118208,1.0
1296385516846317568,1.0
1296479854100127744,2.0
1296685293073047553,1.0
1296781876716240896,1.0
1297554634182209537,1.0
1298953062502014976,1.0
1299517391240671233,2.0
1300174465758826501,1.0
1300441314849222661,1.0
1300619672916824065,1.0
1301654141593366528,1.0
1302143403736481797,1.0
1302384630977507328,1.0
1302512017450971136,1.0
1303063494468788226,1.0
1303384377179611138,1.0
1303704709123969024,2.0
1304214010812936195,1.0
1304621913231286272,1.0
1304846484249161729,1.0
1305509396684984321,1.0
1305607384358727680,1.0
1306136273782935553,1.0
1309005693446492162,1.0
1309334948847943681,1.0
1309505310206439430,1.0
1310570163033513991,1.0
1310964372487929857,1.0
1311765217752371210,1.0
1313258964931366913,1.0
1314978645635629056,2.0
1315011414965264391,1.0
1317060534701875200,1.0
1317288189439115272,1.0
1318671397560979456,0.0
1318790891532820483,1.0
1321074483290144770,1.0
1322691025245261831,1.0
1324053703058509827,1.0
1324512910161272835,1.0
1324869774271188994,1.0
1326000340018270208,1.0
1326332447013953537,1.0
1327442422515765248,1.0
1327812732574371840,1.0
1327928839847219201,1.0
1328047475647782912,1.0
1330174543655284738,1.0
1330278595013578753,1.0
1331901687024349185,1.0
1332842920781770753,1.0
1333696806782267402,1.0
1333823591381676035,1.0
1334315902163148802,1.0
1334367205169905664,1.0
1334551348235264000,1.0
1335127227348910082,1.0
1335613030852386817,1.0
1336424787388854275,1.0
1336874099101102085,1.0
1337978463446249473,1.0
1338786942243065856,1.0
1339614230136426496,1.0
1339638313637036039,1.0
1339746394505142273,1.0
1340365769025187840,1.0
1341379382347255809,1.0
1342498920811921408,1.0
1343156356392640513,1.0
1343335615971155968,1.0
1344671720494526465,1.0
1345618132996509696,1.0
1345723594752446465,1.0
1346932527173394439,1.0
1346933296744124417,1.0
1347142239630225408,1.0
1347272097786171394,1.0
1348229244183322624,1.0
1348291104328843264,1.0
1348410322667843589,1.0
1348675178318893056,1.0
1349204554785591296,2.0
1350705627232813057,1.0
1351953391526826074,1.0
1353317819245420544,1.0
1353479620646080516,1.0
1354265125511983112,1.0
1356317747098095616,1.0
1356743668137353218,1.0
1357164129157410817,1.0
1357341014910898178,2.0
1357834420732846080,1.0
1358117090268446721,1.0
1358263463370498048,1.0
1358458046226202624,1.0
1359601059774279683,1.0
1359860636306579456,1.0
1359979964175630341,1.0
1360022909591371778,1.0
1360055740904312832,1.0
1360345646826483717,2.0
1360918285513068548,1.0
1366873048700313600,1.0
1366985553112014851,1.0
1367178318940827648,1.0
1367507714998472711,1.0
1368498204879114240,1.0
1368909042547105795,1.0
1369587692460253184,1.0
1370233406496382978,1.0
1370830299072987139,1.0
1371795451217907714,1.0
1373270760081522689,1.0
1373274654186434562,1.0
1373635835355045898,1.0
1374463792487170052,1.0
1375070580358152193,1.0
1376240102352039945,1.0
1376761457749094407,1.0
1376880458055573504,1.0
1376904980959989760,1.0
1378739842264207367,1.0
1379603133584785408,1.0
1379812027116351495,1.0
1380117048936722432,1.0
1380182085906862080,1.0
1380278410736439302,1.0
1380436431995162626,1.0
1380868982044037131,1.0
1381323946612637700,1.0
1381363018060161034,1.0
1381917689287876608,1.0
1382330221332938755,1.0
1382336580518621186,0.0
1382832437764485127,1.0
1384630948591902721,1.0
1385427740292091911,1.0
1385555295976534018,1.0
1386064805363134466,1.0
1386245617920401408,1.0
1387143248465047554,2.0
1387459321437593603,1.0
1388522541858254851,1.0
1390697716607451137,1.0
1390787451204014080,1.0
1391882319070388225,1.0
1392849943019331586,1.0
1393597361096691714,1.0
1393599295987716096,1.0
1394117755381682176,1.0
1395386306071498768,1.0
1395792070523109377,1.0
1396186016847998982,1.0
1397416943875809280,1.0
1399195540093554688,1.0
1400905029087813634,1.0
1400950427491897345,1.0
1401102261946884098,1.0
1401196094713958403,1.0
1403018971079643142,1.0
1404553822253449219,1.0
1405315000227532804,1.0
1406220117638266880,1.0
1406743252212994049,1.0
1408148208442908673,1.0
1408304479238197249,1.0
1408440566124253189,1.0
1408670753495535620,1.0
1409159409134096395,1.0
1409943583059288067,1.0
1410382725643751431,1.0
1410586984247029761,1.0
1411098126245679104,1.0
1411895114004238342,1.0
1412111092034244610,1.0
1415746394871189504,1.0
1416583524572975104,1.0
1417165501009043475,2.0
1417305223983419394,1.0
1417485200486027272,1.0
1417920499464687623,2.0
1419853116711784480,1.0
1419992380422373376,1.0
1420776047436566531,1.0
1420842082810449923,1.0
1421131101922332672,1.0
1421197632173707268,1.0
1421898572274995203,1.0
1422563611696844806,1.0
1423784521976193031,1.0
1424401002300542981,1.0
1424523244019752965,1.0
1424542423913570307,1.0
1424634156496027656,1.0
1424796524723294215,1.0
1425560065319313418,1.0
1425905213815365634,1.0
1426162251765981187,1.0
1426573306325577733,1.0
1426665286548312067,1.0
1426726511583932416,1.0
1427175306318712832,1.0
1427258589077508100,1.0
1427428437333995550,1.0
1429199892497543174,1.0
1429565763401175048,1.0
1429889184366534662,1.0
1430455294086193157,1.0
1430701123514556426,1.0
1431297071546617857,1.0
1431810217730248706,1.0
1431924843239260160,1.0
1432883948015820803,1.0
1433277962112143360,1.0
1433489836162396166,1.0
1434672280441921538,1.0
1434746856953765888,1.0
1436645135916453889,1.0
1437146429391351815,2.0
1437229574694346753,1.0
1439018845218361345,1.0
1439897031380668416,1.0
1440017850693992452,1.0
1440210198975561733,1.0
1440410375971737604,1.0
1440848337364656137,1.0
1441477945567047680,1.0
1441492423260065795,1.0
1442076364501180423,2.0
1442426176287346696,1.0
1442495023694553093,2.0
1442859286359523329,1.0
1443532517164785664,1.0
1444575052872159234,1.0
1444645407242571778,1.0
1444654432453529609,1.0
1445084795998982150,1.0
1445085426708926465,1.0
1445583571985469450,1.0
1445711825807437837,1.0
1445773757478359044,1.0
1445901048951017472,1.0
1445905244500676608,1.0
1446352422272528385,2.0
1447502440820002819,1.0
1449405859772047365,1.0
