id,average_activation_time
42203,1.0
863841,2.0
1176801,1.0
1263631,1.0
3258511,1.0
4966041,2.0
5438072,1.0
5548282,1.0
5662022,1.0
5968662,2.0
7312992,1.0
7491592,1.0
7562042,1.0
7801522,1.0
7922582,1.0
8820062,1.0
9356072,1.0
9575562,1.0
9814812,1.0
9898272,1.0
9917992,1.0
9946272,2.0
10155832,1.0
10475892,1.0
10755322,2.0
10982332,2.0
11211852,1.0
11408322,1.0
11423372,1.0
12034642,1.0
12220452,1.0
12688692,1.0
12804792,1.0
12933152,1.0
13218432,1.0
13880132,1.0
14050532,1.0
14079041,0.0
14116980,1.0
14165217,1.0
14218890,1.0
14221144,1.0
14248154,1.0
14260108,1.0
14260960,1.0
14262411,1.0
14265343,2.0
14354253,1.0
14398840,1.0
14411084,1.0
14422995,2.0
14480339,1.0
14501713,1.0
14678279,1.0
14705053,1.0
14781177,1.0
14807056,1.0
14837621,1.0
14968594,1.0
14975580,1.0
14991184,1.0
15022678,1.0
15033684,1.0
15099646,1.0
15103166,1.0
15193285,1.0
15206059,1.0
15208518,2.0
15232412,1.0
15275330,1.0
15285543,1.0
15331235,2.0
15333188,1.0
15352498,1.0
15371526,1.0
15391466,1.0
15407637,1.0
15557829,1.0
15579178,1.0
15608660,2.0
15616657,1.0
15619857,1.0
15633240,1.0
15677734,1.0
15702055,1.0
15810950,0.0
15827727,1.0
15892547,1.0
15927859,1.0
15961009,1.0
15964024,2.0
15986414,1.0
16014404,0.0
16083660,2.0
16116073,1.0
16130709,1.0
16135612,1.0
16146062,1.0
16158419,1.0
16170023,1.0
16173081,1.0
16189107,1.0
16195103,1.0
16213179,1.0
16220555,1.0
16260741,1.0
16267310,1.0
16271356,1.0
16272844,1.0
16278177,1.0
16279532,1.0
16301087,1.0
16320622,1.0
16365907,1.0
16382805,1.0
16386816,1.0
16397147,1.0
16397838,1.0
16398559,1.0
16399202,1.0
16411223,1.0
16422863,1.0
16450356,1.0
16493125,1.0
16552108,1.0
16620002,1.0
16638708,1.0
16645396,1.0
16668042,1.0
16700548,1.0
16702010,1.0
16744663,1.0
16750895,1.0
16788781,1.0
16811701,1.0
16927010,1.0
16958167,1.0
16977860,1.0
16982577,1.0
17076793,1.0
17103416,1.0
17174791,1.0
17204460,1.0
17221430,1.0
17238899,1.0
17247203,1.0
17280115,1.0
17300548,1.0
17388526,1.0
17389318,1.0
17391764,1.0
17513118,1.0
17544187,1.0
17568019,2.0
17622465,1.0
17668656,2.0
17670732,1.0
17686171,1.0
17702445,1.0
17716504,1.0
17721863,1.0
17795257,1.0
17799117,2.0
17818646,1.0
17829189,1.0
17834196,1.0
17874869,1.0
17875426,1.0
17900758,1.0
17901103,1.0
17903589,1.0
17911258,1.0
17912334,1.0
17931988,1.0
17954186,1.0
17969963,0.0
18018958,1.0
18100559,1.0
18108896,1.0
18158343,1.0
18163138,1.0
18191382,1.0
18248641,1.0
18308257,1.0
18340314,2.0
18360735,1.0
18367304,1.0
18377235,1.0
18379358,1.0
18383003,1.0
18418465,1.0
18463733,1.0
18469492,2.0
18517784,1.0
18535591,1.0
18536738,1.0
18540267,1.0
18579611,1.0
18641853,2.0
18681111,0.0
18686095,1.0
18733144,2.0
18774566,1.0
18776647,1.0
18805723,1.0
18828362,1.0
18872226,1.0
18946954,1.0
18947782,1.0
19004331,1.0
19006397,1.0
19088288,1.0
19203412,1.0
19417607,1.0
19513062,2.0
19540359,1.0
19543597,1.0
19557595,1.0
19561169,1.0
19567149,1.0
19590930,2.0
19602163,1.0
19611940,1.0
19634262,0.0
19801206,2.0
19853321,1.0
19903199,1.0
19969078,2.0
19997195,1.0
20005887,2.0
20090340,1.0
20098677,1.0
20199202,0.0
20221381,1.0
20229729,1.0
20346252,1.0
20382860,1.0
20395112,1.0
20442664,1.0
20478618,1.0
20523517,1.0
20530732,1.0
20570921,1.0
20635755,1.0
20657236,1.0
20745003,1.0
20750271,1.0
20917723,1.0
21056196,1.0
21108458,1.0
21147553,1.0
21221149,1.0
21351268,1.0
21410801,1.0
21426717,2.0
21435492,1.0
21453685,2.0
21499014,1.0
21508112,1.0
21576841,2.0
21632994,1.0
21665234,1.0
21889071,1.0
22088704,1.0
22116705,1.0
22176387,1.0
22209185,1.0
22224381,1.0
22233855,1.0
22237383,1.0
22279004,1.0
22296933,1.0
22302066,1.0
22303151,1.0
22411180,1.0
22413078,1.0
22447958,1.0
22485207,1.0
22501387,1.0
22523896,1.0
22531935,1.0
22565926,1.0
22570694,1.0
22590881,2.0
22730871,1.0
22810177,1.0
22849568,0.0
22859291,1.0
22927681,1.0
22988921,1.0
23101207,1.0
23262377,1.0
23281420,1.0
23282993,1.0
23308183,1.0
23321628,1.0
23329546,1.0
23364610,1.0
23370368,1.0
23371273,1.0
23381262,2.0
23424817,1.0
23469093,1.0
23489591,1.0
23510621,1.0
23520166,1.0
23522098,1.0
23604785,1.0
23608974,1.0
23619201,1.0
23713344,1.0
23750353,1.0
23768120,1.0
23937700,1.0
23958713,1.0
23962378,1.0
23993399,1.0
24019364,2.0
24063432,1.0
24219018,1.0
24272959,1.0
24516826,1.0
24558868,1.0
24571654,1.0
24573102,1.0
24628102,2.0
24631971,1.0
24779591,1.0
24805185,1.0
24890412,1.0
24892031,1.0
24979228,1.0
24990450,0.0
25040040,1.0
25121600,1.0
25127782,1.0
25178182,1.0
25192604,1.0
25206117,1.0
25209036,1.0
25227444,1.0
25314619,1.0
25343387,1.0
25371142,1.0
25393191,1.0
25397132,1.0
25484552,2.0
25514247,1.0
25668131,2.0
25710602,1.0
25813888,1.0
25924647,1.0
26040618,1.0
26063935,1.0
26186692,1.0
26294216,1.0
26498121,1.0
26557104,1.0
26593129,1.0
26613832,1.0
26639101,1.0
26650553,1.0
26730171,1.0
26742720,1.0
26840937,1.0
26914663,1.0
26945306,1.0
27013422,1.0
27101995,1.0
27180434,1.0
27297014,1.0
27315111,2.0
27371671,1.0
27388441,1.0
27543057,1.0
27706824,1.0
27740019,1.0
27842406,1.0
28001773,1.0
28045785,1.0
28183109,1.0
28206390,1.0
28250478,1.0
28321355,1.0
28395319,1.0
28407736,1.0
28436401,1.0
28566386,1.0
28910863,1.0
28927228,1.0
28941139,2.0
29017104,1.0
29196028,1.0
29209374,1.0
29222237,1.0
29252601,1.0
29256016,1.0
29304563,1.0
29536329,1.0
29545977,1.0
29583034,1.0
29754743,0.0
29829354,1.0
29839691,1.0
29891001,1.0
29904143,1.0
29933279,1.0
30089706,1.0
30096900,1.0
30165114,1.0
30176508,1.0
30238286,1.0
30247200,1.0
30368137,1.0
30435678,2.0
30592131,1.0
30626128,1.0
30865662,1.0
31067324,1.0
31272178,1.0
31422641,1.0
31525585,1.0
31549980,1.0
31619745,1.0
32244772,1.0
32292352,1.0
32480499,1.0
32602930,1.0
32616305,1.0
32733640,1.0
33002327,1.0
33047300,1.0
33061603,1.0
33080879,1.0
33131098,1.0
33238876,1.0
33335941,1.0
33359155,2.0
33734273,1.0
33908144,1.0
33927548,1.0
33949279,1.0
34105622,1.0
34542041,2.0
34560347,1.0
34606493,0.0
34671957,1.0
34705278,1.0
34774986,1.0
34797684,1.0
34855249,1.0
34943006,1.0
34947566,1.0
35051540,1.0
35089753,1.0
35110833,2.0
35112456,1.0
35235926,1.0
35598007,1.0
35692915,1.0
35709217,1.0
35826823,1.0
35835586,1.0
36111440,1.0
36133644,0.0
36281810,1.0
36372378,1.0
36395646,1.0
36422158,2.0
36471917,1.0
36488911,1.0
36758722,1.0
36775409,1.0
36877221,1.0
37513699,1.0
37539428,1.0
37552089,1.0
37597963,1.0
37609730,1.0
37740276,1.0
37787774,1.0
37987143,1.0
38042361,1.0
38221378,1.0
38268238,1.0
38278107,1.0
38471212,1.0
38514854,2.0
38520056,1.0
38584709,1.0
38698216,1.0
38713575,1.0
38735327,1.0
38878429,1.0
38880420,1.0
38891477,1.0
38937272,1.0
39041254,1.0
39288111,1.0
39582722,1.0
39607816,1.0
39614857,1.0
39669972,1.0
39728961,1.0
39759112,1.0
39822897,1.0
39895121,1.0
39977710,1.0
40010093,2.0
40082030,1.0
40121934,1.0
40163215,1.0
40216315,1.0
40216513,1.0
40379301,1.0
40537685,1.0
40550119,0.0
40591485,1.0
40654708,1.0
40697478,1.0
40729467,1.0
40735014,1.0
40766070,1.0
40790499,2.0
41043869,1.0
41239526,1.0
41297024,1.0
41378883,1.0
41696451,1.0
42141479,1.0
42183750,1.0
42195974,1.0
42232039,1.0
42233912,1.0
42234395,1.0
42247052,1.0
42271645,1.0
42577820,1.0
42957913,1.0
42965729,1.0
43304756,1.0
43510607,1.0
44030462,1.0
44208473,1.0
44361737,1.0
44539994,1.0
45113982,1.0
45226179,1.0
45672815,1.0
45848808,0.0
45868481,1.0
45950539,1.0
46198219,1.0
46214091,1.0
46244249,1.0
46398107,1.0
46401192,1.0
46975259,1.0
47022386,1.0
47080348,1.0
47205125,2.0
47215727,1.0
47279641,1.0
47338701,0.0
47371589,1.0
47509891,1.0
47602896,1.0
47692251,0.0
47817168,1.0
47880403,1.0
48035511,1.0
48079678,1.0
48097983,2.0
48406683,1.0
48457183,1.0
48475006,2.0
48518723,1.0
48520441,1.0
48928700,1.0
49110594,2.0
49422559,1.0
49660950,1.0
50084549,1.0
50326275,2.0
50378531,1.0
50503401,1.0
50530930,2.0
50645941,1.0
51019525,1.0
51075355,1.0
51184630,1.0
51196933,1.0
51325250,1.0
51398426,2.0
51471628,1.0
51510332,1.0
51514769,2.0
51792066,1.0
52003137,1.0
52245251,1.0
52441348,1.0
52516962,1.0
52734415,1.0
53066212,1.0
53154833,1.0
53452624,1.0
53754232,1.0
53772503,1.0
53807352,1.0
53922816,1.0
54034509,1.0
54042169,1.0
54050353,2.0
54356684,2.0
54426656,1.0
54650770,1.0
54837922,1.0
54978406,1.0
55276113,1.0
55468747,1.0
56124877,1.0
56134750,1.0
56164450,1.0
56204360,1.0
56212232,1.0
56541037,1.0
56556726,1.0
56568168,1.0
56704801,2.0
57290634,1.0
57431906,1.0
58088208,1.0
58340767,1.0
58494323,1.0
58727461,1.0
59096084,2.0
59134408,1.0
59180910,1.0
59337169,1.0
59342468,1.0
59639693,1.0
59686058,0.0
59829657,1.0
59835490,1.0
59844723,1.0
59936143,1.0
60058363,1.0
60597469,1.0
60637549,1.0
60971504,1.0
61018115,1.0
61520162,1.0
61521038,0.0
61529217,1.0
61562192,1.0
61939378,1.0
62018616,1.0
62311579,1.0
62314888,1.0
62320200,1.0
62346069,1.0
63464371,1.0
63538801,1.0
63772479,1.0
63805091,1.0
63826204,1.0
63863473,1.0
64029992,1.0
64044209,1.0
64434700,1.0
64819384,1.0
64915782,1.0
65208984,1.0
65506912,1.0
65544087,1.0
65743442,1.0
66119059,1.0
66324129,2.0
66371891,1.0
66446686,1.0
67171013,1.0
67278150,1.0
67637756,1.0
67662683,1.0
67758676,2.0
67763905,1.0
68214115,1.0
68279581,1.0
68372616,1.0
68476864,1.0
68599588,1.0
68966030,1.0
69177316,1.0
69233373,1.0
69712457,1.0
69738406,1.0
69744142,1.0
69874367,1.0
70499348,1.0
70750793,1.0
70821808,1.0
70860193,1.0
71049747,1.0
71283410,1.0
71413673,1.0
71444847,1.0
71464042,1.0
71665807,1.0
72095672,1.0
72339761,1.0
72950055,1.0
73154696,1.0
73199415,1.0
73273499,1.0
73606743,1.0
73873854,1.0
73953285,1.0
74133153,2.0
74211986,1.0
74276700,1.0
74753016,1.0
74787035,1.0
74883793,1.0
74937543,1.0
75305649,1.0
75368511,1.0
75841164,1.0
75984040,1.0
76238276,1.0
76264942,1.0
76722664,1.0
77035084,1.0
77254498,1.0
77596220,1.0
78084063,1.0
78103711,1.0
78344028,1.0
78429753,1.0
78601855,1.0
78641250,1.0
78955632,2.0
78998799,1.0
79121813,1.0
79201672,1.0
79272691,1.0
79303792,1.0
79709538,1.0
80034004,1.0
80212065,1.0
80702644,1.0
80728527,1.0
80908590,1.0
81290051,1.0
81435636,1.0
81470134,1.0
82017007,1.0
82149920,1.0
82679357,1.0
83153695,1.0
83265746,1.0
83738583,1.0
83874078,1.0
84105025,1.0
84191159,1.0
84334815,1.0
84523762,1.0
84704052,1.0
84734389,1.0
84922699,1.0
85470272,1.0
85594765,1.0
85859978,1.0
86264076,1.0
86344211,1.0
86405875,1.0
86425142,1.0
86861008,1.0
87742926,1.0
87863020,1.0
88036806,1.0
88476286,1.0
88696744,2.0
88714562,1.0
89155640,1.0
89259075,1.0
89309555,1.0
89319056,1.0
89505108,1.0
89760824,1.0
90680886,1.0
90723150,1.0
90732175,1.0
90743813,1.0
91201741,1.0
91443885,1.0
91481264,1.0
91495913,1.0
91609985,1.0
91928034,1.0
91942071,1.0
92551736,1.0
92572432,1.0
92807592,1.0
92821882,1.0
92864186,1.0
92905504,1.0
92920967,1.0
93020616,1.0
94045996,1.0
94226922,1.0
94473980,1.0
94712187,1.0
95744058,1.0
95878929,1.0
95982820,1.0
96027015,1.0
96281231,1.0
96446389,2.0
96822790,1.0
97251097,1.0
97290530,1.0
97506376,2.0
97709356,1.0
97751783,1.0
97904065,1.0
97923908,1.0
98019343,1.0
98045874,1.0
98134071,1.0
99401353,1.0
99740489,1.0
100157279,1.0
100408891,1.0
100684583,1.0
100812193,1.0
100874975,1.0
101113338,1.0
101362574,1.0
101579405,1.0
101905063,1.0
102532798,1.0
102629820,2.0
102887506,1.0
102944946,1.0
103031465,1.0
104036460,1.0
104037382,2.0
104300984,1.0
104351679,1.0
104525511,1.0
104544288,1.0
104585835,1.0
104733801,1.0
105106236,1.0
105372011,1.0
105712176,1.0
105975090,1.0
106100935,1.0
106515659,1.0
106594094,1.0
106769241,1.0
106812159,1.0
107169602,1.0
107277118,1.0
107886768,1.0
107900713,1.0
108069639,2.0
108710103,1.0
108912964,1.0
109048384,1.0
109375565,1.0
109567991,1.0
109778147,1.0
110276808,1.0
110396108,1.0
110460722,1.0
110475311,1.0
111324544,1.0
111411054,1.0
111492979,1.0
111695410,1.0
112516813,2.0
112548739,1.0
112753504,1.0
112815157,1.0
112903588,1.0
113072731,1.0
113654419,1.0
113754405,1.0
114008221,1.0
114042301,1.0
114268227,1.0
114358452,1.0
114374812,2.0
114590651,1.0
115539859,1.0
115587493,1.0
115896286,1.0
115946871,1.0
115967076,1.0
116273085,1.0
116288313,1.0
116378790,1.0
116476946,2.0
116679707,1.0
116808839,1.0
117562974,1.0
117589552,1.0
117607659,1.0
118141650,1.0
118851989,1.0
118937966,1.0
119244612,1.0
119609883,1.0
119748374,1.0
119818129,1.0
119925381,0.0
120115370,1.0
120139457,1.0
121238813,1.0
121451579,1.0
121477706,1.0
121651443,1.0
121932886,1.0
122053347,1.0
122130825,1.0
122144451,1.0
122198871,1.0
122991613,1.0
122999764,1.0
123110855,1.0
123519401,1.0
123910630,1.0
123920535,1.0
124566630,1.0
124851971,1.0
124878802,1.0
125322205,1.0
125736340,1.0
126075164,1.0
126346375,1.0
126353742,1.0
126366102,1.0
126754950,1.0
127134078,1.0
127146449,1.0
127369948,1.0
127409121,1.0
127608538,1.0
127609972,1.0
127707268,1.0
127849332,1.0
128277327,1.0
128712259,1.0
128786520,1.0
128826792,1.0
128908662,1.0
129316450,1.0
129395750,0.0
129849617,1.0
129863114,1.0
130634396,1.0
131220911,2.0
131223451,1.0
131317072,1.0
131475986,1.0
132191779,1.0
132210296,1.0
132246530,1.0
132281365,1.0
132763075,1.0
132989977,1.0
133355510,1.0
133459481,1.0
134114078,1.0
134876261,1.0
134965367,1.0
135000298,1.0
135340459,1.0
135498902,1.0
135997305,1.0
136043632,1.0
136778379,1.0
137527508,1.0
138077463,1.0
138366163,1.0
138468171,1.0
138545271,1.0
138839349,1.0
138876297,1.0
139195722,1.0
139261738,1.0
139712323,1.0
140128813,1.0
140253506,1.0
140883428,2.0
141087863,1.0
141116912,1.0
141266091,1.0
141637949,1.0
141667494,1.0
142402651,2.0
142889852,1.0
143107317,1.0
143296074,1.0
143303507,1.0
143456066,1.0
143550591,1.0
144876537,1.0
144959438,1.0
145058470,1.0
145647271,1.0
145688884,2.0
145757413,1.0
146093582,2.0
146483618,2.0
147446901,1.0
148108579,1.0
148418070,1.0
148489517,1.0
149004101,1.0
149212376,1.0
149610000,1.0
149669949,1.0
149701807,1.0
150270263,0.0
151192794,1.0
151941759,1.0
152012918,1.0
154271777,1.0
154311944,1.0
154888106,1.0
154915250,1.0
155629527,1.0
155777848,1.0
155972389,1.0
155999177,1.0
156025186,1.0
156487702,1.0
156821005,1.0
157152601,1.0
158870879,1.0
159109812,1.0
159582453,1.0
160325388,1.0
160429871,1.0
160667143,1.0
160681232,1.0
161018089,1.0
161121771,1.0
161226001,1.0
161269013,1.0
161552398,1.0
161748431,1.0
162787080,1.0
163448607,1.0
163999674,1.0
164317823,1.0
164368721,1.0
164824407,1.0
165020784,1.0
165039539,1.0
165100373,1.0
165125725,1.0
165812196,0.0
166207562,1.0
166790278,1.0
167137696,1.0
167499145,1.0
167985567,1.0
168653579,1.0
169237647,1.0
169268197,1.0
169277762,1.0
169387999,1.0
169524689,1.0
169670184,1.0
170433844,1.0
171076111,1.0
171102859,1.0
171209642,1.0
171283230,1.0
171470835,1.0
172352150,2.0
172566006,1.0
172889446,1.0
173045802,1.0
173833508,1.0
173851488,1.0
173906493,1.0
174320275,1.0
174341402,1.0
174544891,1.0
174617725,1.0
175259033,0.0
175463362,1.0
176143558,1.0
176398351,1.0
176897435,1.0
177177601,2.0
177435560,2.0
179129165,1.0
182230187,2.0
182401775,1.0
182447270,1.0
182812107,1.0
183410833,1.0
183734792,1.0
184049121,1.0
184164307,1.0
184265422,1.0
184847738,1.0
184853651,1.0
184861330,2.0
184975034,1.0
185265486,1.0
185290543,1.0
185335312,1.0
185588713,1.0
186172136,1.0
186980225,1.0
187553450,2.0
188123107,1.0
188162948,1.0
188240446,1.0
188359178,1.0
188565420,1.0
188637506,1.0
188738602,1.0
189406309,1.0
189550754,1.0
189844325,1.0
190055835,1.0
190203516,2.0
190231473,1.0
190340842,1.0
190410219,1.0
190516402,1.0
190948207,1.0
190996147,1.0
191677847,1.0
191915993,1.0
191921881,1.0
192775929,1.0
193246596,1.0
193471925,1.0
193706585,1.0
193721508,1.0
193818171,1.0
194562157,1.0
195049872,1.0
195684533,1.0
196164822,1.0
196607761,1.0
196717787,0.0
197607704,1.0
197638869,1.0
198471885,1.0
198755506,1.0
199314998,1.0
200880994,1.0
202276242,1.0
202884906,2.0
204488460,1.0
204728910,1.0
204876816,1.0
205091914,1.0
205366389,1.0
205535583,1.0
205786669,0.0
206220968,1.0
206296054,1.0
207657278,1.0
207745302,1.0
209176493,1.0
209721468,1.0
209869192,1.0
210304635,1.0
210565134,1.0
210662301,1.0
212463932,1.0
212884620,1.0
213469437,1.0
213613679,1.0
214213512,2.0
214492262,1.0
214530013,2.0
214875221,1.0
214946558,1.0
215423949,1.0
215426830,1.0
215632349,0.0
216438127,1.0
216830006,1.0
216889136,1.0
217245691,1.0
217485938,1.0
217610069,1.0
218213287,2.0
218325978,1.0
218953601,1.0
219538361,1.0
219845452,1.0
221355278,1.0
221631493,2.0
221938834,2.0
222139364,1.0
222232460,1.0
222265111,1.0
222670808,1.0
222987791,1.0
223606459,1.0
224063162,1.0
224600898,1.0
224723351,1.0
224737149,1.0
225067116,2.0
225901906,1.0
226456784,1.0
226666386,1.0
227101581,1.0
227435918,2.0
227523961,1.0
227826524,1.0
228354250,1.0
228529107,2.0
228977093,1.0
229289841,1.0
229570590,1.0
229871638,1.0
231146728,1.0
231871190,1.0
231979866,2.0
232446981,1.0
232519990,1.0
232652583,2.0
233210108,1.0
234550882,0.0
235355769,1.0
236490334,1.0
236492761,1.0
237008509,1.0
237020420,1.0
237267492,1.0
237536271,1.0
237720914,1.0
238446507,1.0
238747752,1.0
238865666,1.0
239840882,1.0
240364410,1.0
240466705,1.0
240786249,0.0
240942162,1.0
241177509,1.0
241923768,1.0
242063148,1.0
242506295,1.0
242533078,1.0
242619951,1.0
242705938,1.0
242827267,1.0
242867688,1.0
243755326,1.0
243903847,1.0
243978138,2.0
244066053,1.0
244108520,1.0
244120148,1.0
244242483,1.0
244337006,2.0
244516354,1.0
244635844,1.0
244650352,1.0
244804542,1.0
244811497,1.0
244863081,1.0
245111321,1.0
245149238,1.0
245243074,1.0
245428397,1.0
245630986,1.0
245651739,1.0
245687693,1.0
246116520,1.0
246242542,1.0
246380006,1.0
246574430,2.0
246576523,1.0
246667561,1.0
246811073,1.0
246825072,1.0
246948963,1.0
247320598,1.0
247478131,1.0
247487340,2.0
247897149,1.0
248103244,1.0
248202917,2.0
248493376,1.0
248568868,1.0
248891184,1.0
248911548,1.0
249012894,1.0
249025789,1.0
249196138,1.0
249221867,1.0
249820920,1.0
250170548,1.0
250321705,2.0
250348629,1.0
250414494,1.0
250723217,2.0
250756508,1.0
250804320,1.0
250804618,1.0
250839952,1.0
250997985,1.0
251332947,1.0
251927751,1.0
252073146,1.0
252139226,1.0
252351829,1.0
252399534,1.0
252636557,1.0
252733781,1.0
252770855,1.0
252875042,1.0
252905412,1.0
253050330,2.0
253086457,1.0
253217581,1.0
253909654,1.0
254051612,1.0
254370449,1.0
255067647,1.0
256069692,1.0
256552850,0.0
256775505,1.0
257179344,1.0
257530658,1.0
257811744,1.0
258000605,1.0
258170457,1.0
258405050,1.0
258554207,1.0
258916078,1.0
259004774,1.0
259067553,1.0
259116532,1.0
259388196,1.0
259964096,1.0
259986634,1.0
261022418,1.0
261772246,0.0
261788602,2.0
261944831,1.0
262305830,1.0
262453084,1.0
263163489,1.0
263288756,1.0
263617374,1.0
264344213,1.0
264488661,1.0
265108749,1.0
265419095,1.0
265743906,1.0
266325764,1.0
266580278,1.0
266603022,1.0
266653082,1.0
266779150,1.0
267453558,2.0
267941120,1.0
267966719,1.0
268089441,1.0
268292892,1.0
268469213,1.0
268573963,1.0
268619848,1.0
268832287,0.0
268881635,1.0
269363685,1.0
269485361,1.0
269930134,1.0
270986351,1.0
271136094,1.0
271504586,1.0
271599963,1.0
271989352,1.0
272110718,1.0
272133230,1.0
272180018,1.0
272185225,0.0
272250877,0.0
272445421,1.0
272626019,1.0
272677124,1.0
272685848,1.0
273107148,1.0
273262205,0.0
273465530,1.0
273683993,1.0
274004832,1.0
274220538,1.0
274261470,1.0
274269625,1.0
274369575,2.0
274633701,1.0
275164696,1.0
275210802,1.0
275249156,1.0
275735174,1.0
275979196,1.0
276093811,1.0
276212175,1.0
276258166,1.0
276615676,1.0
276671875,1.0
276713213,0.0
277276615,1.0
277355379,1.0
277585663,1.0
277625770,1.0
277805535,1.0
277806137,1.0
277809140,1.0
278142445,1.0
278260840,1.0
278528608,1.0
278882082,1.0
279195976,1.0
279237257,1.0
279499945,1.0
279679549,1.0
279748443,1.0
279903663,1.0
280064371,1.0
280223998,1.0
280677070,1.0
280831905,1.0
281121545,1.0
281221725,1.0
281289042,1.0
281574433,1.0
281587128,1.0
281715248,1.0
282149727,1.0
282164421,1.0
282378768,1.0
282526718,0.0
283094543,1.0
283226685,0.0
283757448,1.0
284131433,1.0
284236497,1.0
285190720,1.0
285273370,1.0
285334490,1.0
285771480,1.0
285804058,1.0
285973062,1.0
286467935,1.0
286499066,1.0
286723230,1.0
287178633,1.0
287303720,1.0
288445186,2.0
288465992,1.0
288495993,1.0
288535758,1.0
288782188,1.0
289406986,1.0
290613833,1.0
290683608,1.0
290791883,1.0
291336460,1.0
291362474,2.0
291462147,1.0
291627601,1.0
291878014,1.0
291918098,1.0
291947329,1.0
292006029,1.0
292044950,1.0
292053307,1.0
292091883,1.0
292465873,1.0
292468351,1.0
292480113,1.0
293210232,1.0
293271375,1.0
293403080,1.0
293588108,1.0
293695734,1.0
294405740,1.0
294539923,1.0
294650131,1.0
294660973,0.0
295386584,1.0
295849676,1.0
296553576,1.0
296847290,1.0
296907422,1.0
297020666,1.0
297549798,1.0
297824796,1.0
297986745,1.0
298321046,1.0
298558514,1.0
298589738,1.0
299993498,1.0
300211451,1.0
300313868,1.0
300629341,1.0
301144504,1.0
302216857,1.0
302593437,1.0
302984766,1.0
303922812,1.0
305001163,1.0
305361426,1.0
305945328,1.0
306310965,1.0
306967462,1.0
307324209,1.0
307441302,1.0
307572043,1.0
308428507,1.0
308726840,2.0
309031930,1.0
309706285,1.0
309932421,1.0
310425304,1.0
311614578,1.0
311703111,1.0
312037303,1.0
312422268,1.0
312720576,1.0
312759403,1.0
313021214,1.0
313250205,1.0
314032410,1.0
314093378,1.0
314719703,1.0
315555817,1.0
316245912,1.0
316283083,1.0
316574958,1.0
317907582,2.0
318550526,1.0
319425480,1.0
319585669,1.0
320292649,1.0
320409135,1.0
322508230,1.0
322591151,1.0
322832745,1.0
322879541,1.0
323950660,1.0
324012128,1.0
324703658,1.0
325016010,1.0
325068048,1.0
325913360,1.0
325928151,1.0
325997865,2.0
326461319,1.0
326564502,1.0
327244966,1.0
327394273,1.0
327533387,1.0
329279939,2.0
329294962,1.0
329810452,1.0
330215204,1.0
331365026,1.0
331368277,1.0
331864347,1.0
332063391,1.0
333172435,1.0
334294620,1.0
334361219,1.0
335436662,1.0
335712129,1.0
335759893,1.0
335769776,1.0
336152251,1.0
336357663,1.0
338501720,2.0
339724344,1.0
339752726,0.0
340359067,1.0
340691869,2.0
341653196,1.0
341866567,0.0
342138959,1.0
342168708,1.0
342176065,1.0
342281222,1.0
342474185,1.0
342699819,1.0
342820532,1.0
342972141,1.0
343059330,1.0
343324476,1.0
343554388,1.0
343610237,1.0
343626865,1.0
343627226,1.0
343681064,2.0
344210345,1.0
344258682,1.0
344492115,1.0
346299251,1.0
346655007,1.0
349391821,1.0
349453445,1.0
349587321,1.0
349692386,1.0
349980521,1.0
350045415,1.0
350499770,1.0
351013017,1.0
351155835,1.0
351686967,1.0
351739406,1.0
351909182,1.0
352018084,1.0
352278772,1.0
352386097,1.0
352522038,1.0
352797710,1.0
353239455,1.0
353379283,1.0
354964895,1.0
355032977,1.0
355376282,1.0
355569142,1.0
356170244,1.0
356235103,1.0
356406495,2.0
356528936,1.0
357100957,1.0
357958653,1.0
358143304,1.0
359087790,1.0
360677740,1.0
360841006,1.0
361299964,1.0
361551024,2.0
361577914,1.0
361881477,1.0
361933684,1.0
361939671,1.0
362257145,1.0
363070453,1.0
365035637,1.0
365473506,2.0
365563514,1.0
365780558,1.0
366225624,1.0
366315170,1.0
366673557,1.0
366968661,1.0
369095421,1.0
369284450,1.0
369686684,1.0
369833271,1.0
370526520,1.0
371490958,1.0
371739649,1.0
372271204,1.0
372308730,1.0
372577100,1.0
372638581,1.0
373460084,1.0
374102478,1.0
374155276,1.0
374560910,1.0
374599609,1.0
374624709,1.0
374654206,1.0
374684129,1.0
374871615,1.0
375303344,1.0
375339745,1.0
375766773,1.0
375844065,1.0
375977415,1.0
376391827,1.0
376497783,1.0
376539606,1.0
377106318,1.0
377139026,1.0
377588094,0.0
378280914,1.0
378321467,1.0
378602976,1.0
378623066,1.0
378860765,1.0
380451775,1.0
380583252,1.0
380681593,1.0
380977188,1.0
381642280,2.0
382144255,1.0
382210860,1.0
382786654,1.0
382864620,1.0
382935719,1.0
383093901,1.0
384032072,1.0
384051609,1.0
384288098,1.0
384516903,1.0
385159068,2.0
385235958,1.0
385678932,1.0
385791673,1.0
386072477,1.0
387363418,1.0
387492503,1.0
387818233,1.0
388280935,1.0
388467011,2.0
389705011,1.0
389770276,1.0
392903689,1.0
393195013,1.0
393348427,1.0
393713239,2.0
394245906,1.0
394638583,1.0
395523305,1.0
395569923,2.0
395993515,1.0
396271232,1.0
396740319,1.0
396745864,1.0
398073394,1.0
398455202,1.0
400259548,1.0
401169703,1.0
403336006,1.0
403643684,1.0
404149170,1.0
404256223,1.0
404349157,1.0
404672308,1.0
405708725,1.0
406742639,1.0
406956528,1.0
407049282,1.0
407055170,1.0
407372483,1.0
407729904,1.0
408072407,0.0
408368556,1.0
409615650,1.0
411088142,1.0
412597196,1.0
412708728,0.0
413109219,1.0
413514250,1.0
413660195,1.0
414218319,0.0
414275183,1.0
414473726,1.0
414543613,1.0
415774799,0.0
416468980,1.0
416719703,1.0
417254713,1.0
417389780,0.0
418159540,1.0
420812893,1.0
421151200,1.0
421482494,1.0
423241704,1.0
424352276,1.0
425318753,1.0
425710711,1.0
426171945,1.0
427814660,1.0
427818013,1.0
429404649,1.0
429997139,1.0
430839747,1.0
431673426,1.0
431940711,1.0
433488291,1.0
433586429,1.0
433864333,1.0
434655132,1.0
436077930,1.0
436260090,1.0
436737559,2.0
437658020,1.0
437853191,1.0
437991980,1.0
438492113,1.0
439108899,1.0
439313680,1.0
440923660,1.0
441064283,1.0
441289118,1.0
442162382,1.0
442436822,1.0
443804372,1.0
445580884,1.0
446268135,1.0
446272806,1.0
446471174,1.0
449128142,1.0
449322071,1.0
450070002,1.0
450289619,1.0
451297395,1.0
452877328,1.0
454283726,1.0
455900881,1.0
456023744,1.0
456210920,1.0
456997166,1.0
457136882,1.0
457789280,2.0
458631280,1.0
459900383,1.0
460413702,2.0
460654701,1.0
461027370,1.0
461498536,1.0
461741892,1.0
462128118,1.0
462273510,1.0
462516083,1.0
463091649,1.0
463433398,1.0
463489747,1.0
465136859,1.0
465567742,1.0
465605743,1.0
465821314,1.0
465916525,1.0
466832463,1.0
467069418,2.0
467664297,1.0
467817388,1.0
469591354,1.0
469671065,1.0
470780364,1.0
471625743,1.0
472212001,1.0
472515859,1.0
473377694,2.0
473687952,1.0
474178244,1.0
474516210,1.0
475302173,1.0
475531158,1.0
475867856,1.0
476484031,1.0
477327043,1.0
477503229,1.0
477550622,1.0
478739122,1.0
478759271,1.0
478914619,1.0
479033982,1.0
479088229,1.0
479135002,1.0
479171478,1.0
479787515,1.0
479862010,1.0
480418245,1.0
480837710,1.0
480908856,1.0
482142586,1.0
482386429,1.0
483451607,1.0
485544916,1.0
487686623,1.0
487857297,1.0
487902564,2.0
487917184,1.0
488052222,0.0
488101851,1.0
489498904,1.0
491473893,1.0
491606159,1.0
491697655,1.0
491779798,1.0
491861073,1.0
492736486,1.0
492844678,1.0
492909056,1.0
493283266,1.0
493727233,2.0
493737345,1.0
494161033,1.0
494259870,1.0
494626844,1.0
494683709,1.0
495066576,1.0
495159064,1.0
495401684,1.0
495561254,1.0
495918203,1.0
495943220,1.0
496131529,1.0
496282216,1.0
496775153,1.0
497484572,1.0
497526888,1.0
499190879,1.0
500232993,1.0
500410246,1.0
501963166,1.0
502194126,1.0
505441579,1.0
506618878,1.0
506816322,1.0
506923082,1.0
507802048,1.0
509197992,2.0
509489122,1.0
509604564,1.0
509679793,1.0
510602178,1.0
511015085,1.0
511101681,1.0
512897789,1.0
513521744,1.0
514482028,1.0
515619336,1.0
515847342,1.0
516583662,1.0
516604259,1.0
517237024,1.0
518931960,1.0
519750654,1.0
519883595,1.0
522647870,1.0
523351475,1.0
523664519,1.0
524557553,0.0
524590563,1.0
524785211,1.0
525719842,1.0
525857359,1.0
525910396,1.0
526957006,1.0
527802176,1.0
529477577,1.0
529665584,1.0
531718121,1.0
532260535,1.0
532739227,1.0
532798356,1.0
534242717,2.0
534720794,1.0
535799622,1.0
536591461,1.0
536594609,1.0
536780214,1.0
536853804,1.0
538160411,1.0
538684370,1.0
538688851,1.0
540487077,1.0
540982171,1.0
541177087,1.0
543143031,1.0
543972287,1.0
545652293,1.0
545727034,2.0
546527413,1.0
547671992,1.0
548833557,1.0
549456994,1.0
549516349,1.0
549598823,1.0
549739378,1.0
550491423,1.0
550951761,1.0
551095778,1.0
552119609,1.0
552163959,1.0
552261115,1.0
552394700,1.0
552414805,1.0
552741734,1.0
552761766,1.0
554522397,1.0
555310132,1.0
555726339,1.0
555848992,1.0
557289715,1.0
557432349,1.0
558330112,1.0
558812434,2.0
559023147,1.0
559025858,1.0
559474664,1.0
559870034,1.0
559921999,1.0
560707426,1.0
560765411,1.0
560903736,1.0
561133976,1.0
561492593,1.0
561789525,2.0
562179539,1.0
562452889,1.0
562762571,1.0
563064119,1.0
563152589,1.0
563410368,2.0
563682660,1.0
563978872,1.0
564156066,2.0
564207331,0.0
564376906,1.0
564702160,1.0
565410230,1.0
565731151,1.0
566020335,1.0
566525251,1.0
566822128,1.0
567611080,1.0
568429780,1.0
568592688,1.0
568769809,1.0
569282240,1.0
570078368,2.0
570417814,1.0
570619229,1.0
570841936,1.0
571149651,1.0
571224125,1.0
571519594,1.0
574122321,1.0
574237017,1.0
575698060,1.0
575768903,2.0
576365948,1.0
576452704,1.0
576605854,1.0
576797963,1.0
577170668,1.0
577727470,1.0
577968691,1.0
578272027,1.0
578590553,1.0
578640179,1.0
579377522,0.0
580978766,1.0
581336996,1.0
581532895,1.0
581833131,1.0
582828847,1.0
582914397,1.0
583364739,1.0
583543380,1.0
585989171,1.0
588497903,1.0
588746667,1.0
589333322,1.0
590154066,1.0
590165011,1.0
590232437,1.0
590339623,1.0
591383718,1.0
593891991,1.0
594678526,1.0
595162282,1.0
595794765,1.0
596009099,1.0
596748570,1.0
596787864,1.0
598641595,1.0
599628533,1.0
599677550,1.0
600234980,1.0
601285783,1.0
601555458,1.0
602083976,1.0
602771526,1.0
602790864,1.0
603662056,1.0
604018110,1.0
604050321,1.0
604092867,1.0
605379442,1.0
605976446,1.0
606418709,1.0
606870513,1.0
607348321,1.0
608316391,1.0
608694463,1.0
608732471,1.0
609432652,1.0
609606631,1.0
610279363,1.0
611244326,1.0
611777769,1.0
612933385,1.0
613073821,1.0
614336344,1.0
615622748,1.0
616598562,1.0
618429904,1.0
619056446,1.0
619612365,1.0
620296387,1.0
620960591,1.0
621164749,2.0
621249680,2.0
622097019,1.0
622885791,1.0
623331613,1.0
624251860,1.0
624619918,1.0
624681580,2.0
624883194,1.0
624962704,1.0
625193066,1.0
627726748,1.0
629539554,1.0
629743388,1.0
630583335,1.0
631071790,1.0
631988630,0.0
632305734,1.0
632355011,2.0
633211148,1.0
633313449,1.0
634127491,1.0
634365138,1.0
635040003,1.0
635207814,1.0
635750362,1.0
636649732,1.0
637381053,1.0
700191209,1.0
700994268,1.0
703436516,1.0
703481138,1.0
703676670,1.0
703722876,1.0
709304733,1.0
709860687,1.0
712588754,1.0
713023110,1.0
714086898,1.0
715046844,1.0
716501756,1.0
717397976,1.0
718125878,1.0
719025902,1.0
720467439,1.0
721401357,1.0
726344857,1.0
727277222,1.0
731034620,1.0
731106744,1.0
732743912,1.0
732988856,1.0
733289617,1.0
733455468,1.0
733817826,1.0
734095130,1.0
734791975,1.0
737514554,1.0
738577573,1.0
739149720,0.0
739347067,1.0
741563432,1.0
742419990,1.0
743891682,1.0
744530425,1.0
746272837,1.0
746307966,1.0
746495156,1.0
747064303,1.0
747315625,1.0
749515428,1.0
750042494,1.0
751852736,1.0
752526390,1.0
752608976,1.0
755526284,2.0
756913038,1.0
760497115,1.0
763991641,1.0
764896957,1.0
766052262,1.0
766360387,1.0
768217681,1.0
768306276,1.0
768392971,1.0
770492281,1.0
772015567,1.0
772669356,1.0
773752172,1.0
773820109,1.0
774316063,1.0
775279674,1.0
776856139,1.0
778920158,2.0
780323935,0.0
784654056,1.0
785882137,1.0
787540741,1.0
790573393,1.0
792139214,1.0
794664236,1.0
795014186,1.0
797430894,1.0
799272060,1.0
803381983,0.0
803458741,1.0
803464596,1.0
805321236,1.0
807403196,1.0
810166189,1.0
811341486,1.0
811549418,1.0
814266428,1.0
814289414,1.0
814493144,2.0
816330907,1.0
817310264,1.0
817580826,1.0
817636056,1.0
817946592,1.0
818223001,1.0
820394508,1.0
824053778,1.0
824450408,1.0
827073805,1.0
828014604,1.0
828207181,1.0
831073214,1.0
831394436,1.0
836229236,1.0
836525641,1.0
837070783,1.0
837896886,1.0
838462542,1.0
842768190,1.0
843872180,1.0
843912870,1.0
844452866,1.0
845793992,1.0
846078295,1.0
846667915,1.0
848215760,1.0
854874115,1.0
857503261,1.0
858518816,1.0
859029968,1.0
860021480,1.0
864047214,2.0
866219268,1.0
866416675,1.0
866885359,1.0
868664184,1.0
868994263,1.0
870258986,1.0
870881503,1.0
871074475,1.0
872156101,1.0
872810605,1.0
874587830,1.0
874599972,1.0
879291181,1.0
881426857,1.0
883195724,1.0
883270158,1.0
884681534,1.0
891422779,1.0
892064864,1.0
893479800,1.0
896126557,1.0
896411018,1.0
896523848,1.0
897157166,1.0
898315524,1.0
900019370,1.0
900079710,1.0
900460459,1.0
902081383,1.0
909045265,2.0
911471588,0.0
917946234,1.0
922207584,2.0
925220521,1.0
928260986,1.0
928773218,1.0
929808596,1.0
930386257,1.0
930731941,1.0
931172473,1.0
931397016,1.0
932099905,1.0
932140800,1.0
933145620,1.0
936078120,1.0
941075214,1.0
942370814,1.0
946126124,1.0
946252093,1.0
946856348,1.0
946882993,1.0
950298044,1.0
952509391,1.0
952815679,2.0
955813645,1.0
956575868,1.0
956645852,1.0
958059691,1.0
959616290,1.0
960897097,1.0
961514730,1.0
961562418,1.0
962522162,1.0
963133478,1.0
963149508,1.0
964595772,1.0
964720886,1.0
964952442,1.0
965262703,1.0
966475711,1.0
967092727,1.0
967218847,1.0
968892402,1.0
970391360,1.0
984087986,1.0
985033201,2.0
985345664,1.0
985610131,1.0
987742428,1.0
989524916,1.0
991292864,1.0
993940874,2.0
996081618,1.0
998328097,1.0
998463632,1.0
998712356,1.0
1000072428,1.0
1000121898,1.0
1002181382,1.0
1005090338,1.0
1006745179,1.0
1007255220,1.0
1011023348,1.0
1014015888,1.0
1016055744,1.0
1016344074,1.0
1017182682,1.0
1020805591,1.0
1022624791,1.0
1023119263,1.0
1025224374,1.0
1025381606,1.0
1028574457,1.0
1031531706,1.0
1032507164,1.0
1032849138,1.0
1033285939,1.0
1033730023,2.0
1035022080,1.0
1038828488,1.0
1040069642,1.0
1041561337,1.0
1048057538,1.0
1051813561,1.0
1052848710,1.0
1052890357,1.0
1053294163,1.0
1055761939,1.0
1055801324,1.0
1058174719,1.0
1058550589,1.0
1063416206,1.0
1064928865,1.0
1065829609,1.0
1066931820,1.0
1067040523,1.0
1070982332,1.0
1071269940,1.0
1072270926,0.0
1072715886,1.0
1074335960,1.0
1075681226,1.0
1078364808,1.0
1080003638,1.0
1084139348,1.0
1084390676,1.0
1086224065,1.0
1088465473,1.0
1093876945,1.0
1095778142,1.0
1102344307,1.0
1104422828,1.0
1104945319,1.0
1106068465,1.0
1107155809,1.0
1107193328,1.0
1111684734,1.0
1113219848,2.0
1113358962,1.0
1115085588,1.0
1115743411,1.0
1118262685,1.0
1122821269,1.0
1123298138,1.0
1126462440,1.0
1131699392,1.0
1132172420,2.0
1133870300,1.0
1138479456,1.0
1138774873,1.0
1141357614,1.0
1143758460,1.0
1145763823,1.0
1149274476,1.0
1149447600,1.0
1149886351,1.0
1155632521,1.0
1160209698,1.0
1160964450,1.0
1161773396,1.0
1161819426,1.0
1164339799,1.0
1165944978,1.0
1166197440,1.0
1168880456,1.0
1168889689,1.0
1169435017,1.0
1172366414,1.0
1173487902,1.0
1180274570,1.0
1180302456,1.0
1183628382,1.0
1184773766,1.0
1186606184,1.0
1188166700,1.0
1196088434,1.0
1196233544,1.0
1197864396,1.0
1198351736,1.0
1201882182,1.0
1205581352,1.0
1210346707,1.0
1213932116,1.0
1217033150,1.0
1219923578,1.0
1223950760,1.0
1224753522,1.0
1225685834,1.0
1226745896,1.0
1228338595,1.0
1236419006,1.0
1241724194,1.0
1241938664,1.0
1244372887,1.0
1246570008,1.0
1252685460,1.0
1257790524,1.0
1262185260,1.0
1265040463,1.0
1267982563,1.0
1268197814,1.0
1268868582,1.0
1269990092,2.0
1270383308,1.0
1271102306,1.0
1277702514,1.0
1280972258,1.0
1281660648,1.0
1282257536,1.0
1283648018,1.0
1284332827,1.0
1287165872,1.0
1290220297,2.0
1305697758,1.0
1312689637,1.0
1317418116,1.0
1318596690,1.0
1324334436,1.0
1325446172,1.0
1325684365,1.0
1327666400,1.0
1332217788,1.0
1335043297,1.0
1335362690,1.0
1338269324,2.0
1340647489,1.0
1341618252,1.0
1342069742,1.0
1342848846,1.0
1343062806,1.0
1344052376,1.0
1346268799,2.0
1346752914,1.0
1346936882,1.0
1349603492,1.0
1350875772,1.0
1353027698,1.0
1354514791,1.0
1357931292,1.0
1361822936,1.0
1362286033,1.0
1364400174,1.0
1367957858,1.0
1368299923,1.0
1368556596,1.0
1369937910,1.0
1373611190,2.0
1373991758,1.0
1375223731,1.0
1375778762,1.0
1377425540,1.0
1380338395,1.0
1380591152,1.0
1381876639,1.0
1382787902,1.0
1385142120,1.0
1385785302,1.0
1386821444,1.0
1390184486,1.0
1395062400,1.0
1395092719,1.0
1395573282,1.0
1396121088,1.0
1398407226,1.0
1400022122,1.0
1408553192,1.0
1408989782,1.0
1410169802,1.0
1416149642,1.0
1417651057,1.0
1418601386,1.0
1419615337,1.0
1421932208,1.0
1421968442,1.0
1426275908,1.0
1428826266,1.0
1429556228,1.0
1431077072,2.0
1432822363,1.0
1436184229,1.0
1437010028,1.0
1438300010,1.0
1439990076,1.0
1447429249,1.0
1447500974,1.0
1447951549,1.0
1449320024,1.0
1449681354,1.0
1450117208,1.0
1452154190,1.0
1452523140,1.0
1454190546,1.0
1454928205,1.0
1457593346,1.0
1459578954,1.0
1461083509,1.0
1462888219,1.0
1464710695,1.0
1464864302,1.0
1466130590,1.0
1467415686,1.0
1473247921,1.0
1474351362,1.0
1478487794,1.0
1480979274,1.0
1483115347,1.0
1483413924,1.0
1483720117,1.0
1486136467,1.0
1486577563,1.0
1490829685,1.0
1498327201,1.0
1508110801,1.0
1511667030,1.0
1516443830,1.0
1517785830,1.0
1518121218,1.0
1520790236,1.0
1529643188,1.0
1530633828,1.0
1532059003,1.0
1533143322,1.0
1533980137,1.0
1534736059,1.0
1539304093,1.0
1539786830,1.0
1541636461,1.0
1543396879,1.0
1543621812,1.0
1544098346,1.0
1545053600,1.0
1546707727,1.0
1548449911,2.0
1549119812,1.0
1553568678,1.0
1553678239,1.0
1554026516,1.0
1560830034,1.0
1563418116,1.0
1568361462,1.0
1571464364,1.0
1577656471,1.0
1581712848,1.0
1582129344,1.0
1587082884,1.0
1587277334,1.0
1594767902,1.0
1595223594,1.0
1595968483,1.0
1595984340,1.0
1606694744,1.0
1607298926,1.0
1609094347,1.0
1611362473,1.0
1612782462,1.0
1613440789,1.0
1621628809,1.0
1622278086,1.0
1623029167,1.0
1629524390,1.0
1630560463,1.0
1634103324,1.0
1634795276,1.0
1635955628,2.0
1636677512,1.0
1643827760,1.0
1645101518,1.0
1646334073,0.0
1646524483,1.0
1650588223,2.0
1652858042,1.0
1653056605,1.0
1654195111,1.0
1658060336,1.0
1658497970,1.0
1660911480,1.0
1661182770,1.0
1662392328,1.0
1663428859,1.0
1666873268,1.0
1671440185,1.0
1672060663,1.0
1676832624,1.0
1679672582,1.0
1686740173,1.0
1691207420,1.0
1693965810,1.0
1696849597,1.0
1699266222,1.0
1703331764,1.0
1704892705,1.0
1705708466,1.0
1706203484,1.0
1707025764,1.0
1707636642,0.0
1719914058,1.0
1720325022,1.0
1722999380,1.0
1729193269,1.0
1729978615,1.0
1730897000,2.0
1732148604,1.0
1738057094,1.0
1759535042,1.0
1852026889,1.0
1852239302,2.0
1852773120,1.0
1858605360,1.0
1867869019,1.0
1869443246,1.0
1872440785,1.0
1873749758,1.0
1874119104,1.0
1876821878,1.0
1880517650,1.0
1881086226,2.0
1882871270,1.0
1883503086,1.0
1883901072,1.0
1887595058,1.0
1890389540,1.0
1892889174,1.0
1894669172,1.0
1894762183,1.0
1898718420,1.0
1899063048,0.0
1904648114,2.0
1909127594,1.0
1917216540,1.0
1917792367,1.0
1923754400,1.0
1927067096,1.0
1928383550,1.0
1932563430,1.0
1935335732,1.0
1939332804,1.0
1939552088,1.0
1940163871,1.0
1945413174,1.0
1945704210,2.0
1957288050,1.0
1960905264,1.0
1962787141,1.0
1963707690,1.0
1965727063,1.0
1965901333,1.0
1972656259,1.0
1976161178,1.0
1977535040,1.0
2147623108,1.0
2147736458,1.0
2148927146,1.0
2151613567,1.0
2151893489,1.0
2153925662,1.0
2155133512,1.0
2155368667,1.0
2157244796,2.0
2159101465,1.0
2159143291,1.0
2161273424,1.0
2165369432,1.0
2166348872,1.0
2166755307,1.0
2166766790,1.0
2167166754,1.0
2168339228,1.0
2171336220,1.0
2171473181,1.0
2172301957,1.0
2174544164,2.0
2174624728,1.0
2174765248,1.0
2178299731,1.0
2179048830,1.0
2179985958,1.0
2180279040,1.0
2181094165,1.0
2185520736,1.0
2190688044,1.0
2191882972,1.0
2192354906,1.0
2193211639,1.0
2193429451,1.0
2194496264,1.0
2194704332,1.0
2194707954,1.0
2198725662,1.0
2201466604,1.0
2202236205,1.0
2204603143,1.0
2205379124,1.0
2207862536,1.0
2211020226,1.0
2212712047,1.0
2216992111,1.0
2218170768,1.0
2219828840,1.0
2221666722,1.0
2226595754,1.0
2228866291,2.0
2229187188,1.0
2230201182,1.0
2230228135,1.0
2233495160,1.0
2235109106,1.0
2236412437,1.0
2240007445,1.0
2242940071,0.0
2245822809,1.0
2246651074,1.0
2246861179,1.0
2250600822,1.0
2252974998,1.0
2253795524,1.0
2254171724,0.0
2254247360,1.0
2255130686,1.0
2256955027,1.0
2257946473,2.0
2261896579,1.0
2262160692,1.0
2262304373,1.0
2263235551,1.0
2263611764,1.0
2263886570,2.0
2266156348,1.0
2271466230,1.0
2275007473,1.0
2275260536,1.0
2275886439,1.0
2278652731,2.0
2279964458,1.0
2280753158,1.0
2282503537,1.0
2285515771,1.0
2288450013,1.0
2289086672,1.0
2291616902,1.0
2291668635,1.0
2292642554,1.0
2293400150,1.0
2294943949,1.0
2298494857,1.0
2300630916,1.0
2302934247,1.0
2305376845,1.0
2306023107,1.0
2307595789,1.0
2307667986,1.0
2308693465,1.0
2308999809,1.0
2310972873,1.0
2312086998,1.0
2319126458,1.0
2319481470,1.0
2321364325,1.0
2321539819,1.0
2322580746,1.0
2322742226,1.0
2323834254,1.0
2328551789,1.0
2328714525,1.0
2329359954,1.0
2329404853,2.0
2330690786,2.0
2332742508,0.0
2334251844,1.0
2334292102,1.0
2335459747,1.0
2336704663,1.0
2337057565,1.0
2337081763,1.0
2337169082,1.0
2339595207,1.0
2340561200,1.0
2340639356,1.0
2341257349,1.0
2344419362,0.0
2345269014,1.0
2345353339,1.0
2345872214,1.0
2347314541,1.0
2349869699,1.0
2350842762,1.0
2351183016,1.0
2353185104,1.0
2356255075,1.0
2356511802,1.0
2357019144,1.0
2359994298,1.0
2361659523,1.0
2361760201,2.0
2363048184,1.0
2363571329,1.0
2364543156,2.0
2365063687,1.0
2367303485,2.0
2367782426,1.0
2369459569,1.0
2369738982,1.0
2370679706,2.0
2370756440,1.0
2373123864,1.0
2375671734,1.0
2375939700,1.0
2377483297,1.0
2377760095,1.0
2379836665,1.0
2380475316,1.0
2380853546,1.0
2382402638,1.0
2382985722,2.0
2384404819,1.0
2388076304,1.0
2391028039,1.0
2393877565,1.0
2395405134,1.0
2397249467,1.0
2398636999,1.0
2398652172,1.0
2399974861,1.0
2400000572,1.0
2400409201,1.0
2403281177,1.0
2407372861,1.0
2408040639,1.0
2409663512,1.0
2409753944,2.0
2410344827,1.0
2411078349,1.0
2413332228,1.0
2414991108,1.0
2416987094,1.0
2418651039,1.0
2422634642,1.0
2422659372,1.0
2422889322,1.0
2423963544,1.0
2429416742,1.0
2430047892,1.0
2432292664,1.0
2432396348,2.0
2434162616,1.0
2435064488,1.0
2435336635,1.0
2436061363,2.0
2437928781,1.0
2439166100,1.0
2439917222,1.0
2439928526,1.0
2440810478,1.0
2448183522,1.0
2448438361,1.0
2451982879,2.0
2452465303,1.0
2452510988,1.0
2453484217,1.0
2455282524,1.0
2456090006,1.0
2456365379,1.0
2458706217,1.0
2458783644,1.0
2459208067,1.0
2459730643,1.0
2461413607,1.0
2462297426,2.0
2462641501,1.0
2465329364,1.0
2466115268,1.0
2469606308,1.0
2474878388,1.0
2477862566,1.0
2478837301,2.0
2479224015,1.0
2484867234,1.0
2493477740,1.0
2497826733,1.0
2499765411,1.0
2500886207,1.0
2502119838,1.0
2504541775,1.0
2504595173,1.0
2506299709,1.0
2510607106,1.0
2513815812,1.0
2513848772,1.0
2513973205,0.0
2516656489,1.0
2525412733,1.0
2530008414,0.0
2531031282,1.0
2531796766,1.0
2534622463,1.0
2535562177,1.0
2536457582,1.0
2539706393,1.0
2541558216,1.0
2544286639,1.0
2547255943,2.0
2547479355,1.0
2547997213,1.0
2550233168,1.0
2550603348,1.0
2552770807,1.0
2553547478,1.0
2555150671,1.0
2555308646,0.0
2555669810,1.0
2557859383,1.0
2558166399,1.0
2560632538,1.0
2561429863,1.0
2562075345,1.0
2562583105,1.0
2563267070,1.0
2565540063,1.0
2565711156,1.0
2565889062,1.0
2568029796,1.0
2569323896,1.0
2573566824,1.0
2573832608,2.0
2575105178,1.0
2577417224,1.0
2579229572,1.0
2579359027,1.0
2580524542,1.0
2580573206,1.0
2586301754,1.0
2586530690,1.0
2588690641,2.0
2591497068,1.0
2595351727,1.0
2600741635,1.0
2601225888,1.0
2601405631,1.0
2601777381,1.0
2606160644,1.0
2606472114,1.0
2608278954,1.0
2608355011,1.0
2610160608,1.0
2610228313,1.0
2612807188,1.0
2617445790,1.0
2620272561,1.0
2640946469,1.0
2646026455,1.0
2646453578,1.0
2649268477,1.0
2650286647,1.0
2651576688,1.0
2651714172,1.0
2655986288,1.0
2659339698,1.0
2673432539,1.0
2678072299,0.0
2684150467,1.0
2688244771,2.0
2688936277,1.0
2693638711,2.0
2693735376,1.0
2695759657,1.0
2696499924,1.0
2699710783,1.0
2703251972,1.0
2710528980,1.0
2711875642,1.0
2715271017,2.0
2715275551,0.0
2717141005,1.0
2717607468,1.0
2719864680,2.0
2720749324,1.0
2722422829,1.0
2723248116,1.0
2726766875,1.0
2727104911,1.0
2727310657,1.0
2730870751,1.0
2734340015,2.0
2735613917,1.0
2740832577,1.0
2748908419,1.0
2749373577,1.0
2750128888,1.0
2752659114,1.0
2764314803,1.0
2767149023,1.0
2772001302,1.0
2774966905,2.0
2776775090,1.0
2783465111,1.0
2783925642,1.0
2784043980,1.0
2785990732,1.0
2786190433,1.0
2786453723,1.0
2787872741,1.0
2795176785,1.0
2796774360,1.0
2797134487,1.0
2797149584,1.0
2797935107,1.0
2800741820,0.0
2801061205,1.0
2801095093,1.0
2801151640,1.0
2801940764,2.0
2802164864,1.0
2803615777,1.0
2806025053,1.0
2806685818,1.0
2807682921,1.0
2807874943,1.0
2808077842,1.0
2809579420,1.0
2810340435,1.0
2813519606,1.0
2814653607,1.0
2814976597,1.0
2817115358,1.0
2819598111,1.0
2820234879,1.0
2821464243,1.0
2824020340,1.0
2828187289,1.0
2828630539,1.0
2829000901,1.0
2829326083,1.0
2829798301,1.0
2830877802,1.0
2831610879,1.0
2834027571,1.0
2834753506,1.0
2839674810,1.0
2841353476,1.0
2841682787,1.0
2842108210,1.0
2844085461,1.0
2844386969,1.0
2845747685,1.0
2846663385,1.0
2848252432,1.0
2848325709,1.0
2848993491,0.0
2852899113,0.0
2853989866,1.0
2854830300,1.0
2857162258,1.0
2857721650,1.0
2858967288,1.0
2861279433,1.0
2863551224,1.0
2866614370,1.0
2869430815,1.0
2871257389,1.0
2871728962,1.0
2872544674,1.0
2872976578,1.0
2878597878,1.0
2881743736,1.0
2883793638,1.0
2885769910,1.0
2886941025,1.0
2887544220,1.0
2889433635,1.0
2891740872,0.0
2896012540,1.0
2897430250,1.0
2903125497,1.0
2903614908,1.0
2904173352,1.0
2904548296,1.0
2905252436,1.0
2909908526,1.0
2911660443,1.0
2912533259,1.0
2913994456,1.0
2923254216,1.0
2923548847,1.0
2923748740,1.0
2924898800,1.0
2926114316,1.0
2926539764,1.0
2931322335,1.0
2935385802,1.0
2937275517,1.0
2937436849,0.0
2942980610,1.0
2945175660,1.0
2947794802,1.0
2948595247,2.0
2955358696,1.0
2959447888,1.0
2960425510,1.0
2968424080,1.0
2968507103,1.0
2968625753,1.0
2970313930,1.0
2970837568,1.0
2973604683,1.0
2975160689,1.0
2978018901,1.0
2978651261,1.0
2978915301,1.0
2979044764,1.0
2981594310,1.0
2981748737,1.0
2983179809,1.0
2985897154,1.0
2986879348,1.0
2991444039,1.0
2993775174,1.0
2995187879,1.0
2997232612,1.0
2997369643,1.0
2998532843,1.0
3004517593,1.0
3004731065,1.0
3007830927,1.0
3008716164,1.0
3010165940,1.0
3013054279,1.0
3015024748,1.0
3015944460,1.0
3016644136,1.0
3018841938,1.0
3020138827,1.0
3021899490,1.0
3025416359,0.0
3025820980,1.0
3027126485,1.0
3027131033,1.0
3027175813,1.0
3027352793,1.0
3028678097,1.0
3033796116,2.0
3037547121,1.0
3037899209,1.0
3043023821,1.0
3044664527,1.0
3044668917,1.0
3045200844,1.0
3047441154,1.0
3053107588,1.0
3055684983,1.0
3063207985,1.0
3069298972,1.0
3069762388,1.0
3075929388,1.0
3079986094,1.0
3082900265,1.0
3083497578,1.0
3087508827,1.0
3087811674,1.0
3096625250,1.0
3098295646,1.0
3111765339,1.0
3112228915,1.0
3113225173,2.0
3115467549,1.0
3116281316,1.0
3127733541,1.0
3133023601,1.0
3133994786,1.0
3134213921,1.0
3135148227,1.0
3137916773,1.0
3138897481,1.0
3138902536,1.0
3142877576,1.0
3145255146,1.0
3145959239,1.0
3146202635,2.0
3146336130,1.0
3146363237,2.0
3148281878,1.0
3150800516,1.0
3151794084,1.0
3153084524,2.0
3153606956,1.0
3158078347,1.0
3158178364,1.0
3163148070,1.0
3164387878,2.0
3165242127,1.0
3166954121,1.0
3168944977,1.0
3170559853,1.0
3171057170,1.0
3178310229,1.0
3179422780,1.0
3180619280,1.0
3181880412,1.0
3182332453,1.0
3187036970,1.0
3187125694,1.0
3187763194,1.0
3188558830,0.0
3190218893,2.0
3191905064,1.0
3193936051,1.0
3201120029,1.0
3207727990,1.0
3210225459,1.0
3210979450,1.0
3213941327,1.0
3214005433,2.0
3215021121,1.0
3218932860,1.0
3219675469,1.0
3221899499,1.0
3222916362,1.0
3230982326,1.0
3236227384,1.0
3236292185,1.0
3236365296,1.0
3237611533,1.0
3237987454,1.0
3242282429,1.0
3242606862,1.0
3242988211,1.0
3243413346,1.0
3248793252,1.0
3250066182,1.0
3252567442,1.0
3252739150,1.0
3254400099,1.0
3255889380,1.0
3256835689,1.0
3257047456,0.0
3257078154,1.0
3257084158,1.0
3257661611,1.0
3268565808,1.0
3278980771,1.0
3290638083,1.0
3294127299,1.0
3296320187,1.0
3297710454,1.0
3299469609,1.0
3300693633,1.0
3302079706,1.0
3303200602,1.0
3303605923,2.0
3303821876,1.0
3303970222,1.0
3304522599,1.0
3305969806,1.0
3306022386,2.0
3306592849,1.0
3310729620,1.0
3313678069,1.0
3313737115,1.0
3314500315,1.0
3314718199,1.0
3314912109,1.0
3324151143,1.0
3328103300,1.0
3333795492,1.0
3342264135,1.0
3344587091,1.0
3345858640,1.0
3351916392,1.0
3353907712,1.0
3362989235,1.0
3364280350,1.0
3372677836,1.0
3374295154,1.0
3375064758,1.0
3375072193,1.0
3379976578,1.0
3383115214,1.0
3387840999,1.0
3390405255,1.0
3395462782,1.0
3395470841,1.0
3395637394,1.0
3400282468,1.0
3400323767,1.0
3402128080,0.0
3418465993,1.0
3418588623,1.0
3419010088,1.0
3431896257,2.0
3433719760,1.0
3434791216,1.0
3434857138,1.0
3438124552,1.0
3449275407,2.0
3452609901,1.0
3458337916,1.0
3484951036,1.0
3492639915,1.0
3493136657,1.0
3496787132,1.0
3497211396,1.0
3511941449,1.0
3536757616,1.0
3539962880,1.0
3542224753,1.0
3556243160,1.0
3558926597,1.0
3561124332,1.0
3578717895,1.0
3581784381,1.0
3586975572,1.0
3602291597,1.0
3607702640,1.0
3632851392,1.0
3635505735,1.0
3649639092,1.0
3675933919,1.0
3676427473,1.0
3677313497,1.0
3691095076,1.0
3691462521,1.0
3694115056,1.0
3742238123,1.0
3750904576,1.0
3767971403,1.0
3817272275,1.0
3827985089,1.0
3865577362,1.0
3933221235,1.0
3948995117,1.0
3949264752,1.0
3950670863,1.0
3952363934,1.0
3956879655,1.0
3959605152,1.0
3997936454,1.0
4017242955,1.0
4018846452,1.0
4024032261,1.0
4026045455,0.0
4041137254,1.0
4071912199,1.0
4091664921,1.0
4104867797,1.0
4126010893,1.0
4135296683,1.0
4148412316,1.0
4149852979,1.0
4168143058,1.0
4168160241,1.0
4168242695,1.0
4179502257,1.0
4185881038,1.0
4197757781,1.0
4206473374,1.0
4210303203,1.0
4218682163,1.0
4230168979,1.0
4242950240,1.0
4252578735,2.0
4257281248,1.0
4269803603,1.0
4273980252,1.0
4284943934,2.0
4292519659,1.0
4295586803,1.0
4304745313,1.0
4306179448,1.0
4308416115,1.0
4326463994,1.0
4329149122,1.0
4336807819,1.0
4352626513,1.0
4364536217,1.0
4376648537,2.0
4395312869,1.0
4395821867,1.0
4396958260,1.0
4421519734,1.0
4423475074,1.0
4428524481,1.0
4472921357,1.0
4490028554,1.0
4490072542,1.0
4499430739,1.0
4516921234,1.0
4604251185,1.0
4610971101,1.0
4623339465,1.0
4635167687,1.0
4637532628,1.0
4660094854,1.0
4665455474,1.0
4676368926,1.0
4681656433,1.0
4685693714,1.0
4697174714,1.0
4718965428,1.0
4719872722,1.0
4720066045,2.0
4726193834,1.0
4729460081,1.0
4746198495,2.0
4749631173,1.0
4752522058,1.0
4755451337,1.0
4759953132,1.0
4760139313,1.0
4767283157,1.0
4768334003,1.0
4775862446,1.0
4784033478,1.0
4787630420,1.0
4800864314,1.0
4819639768,1.0
4827935894,1.0
4832314828,1.0
4834905915,1.0
4835935229,1.0
4837110317,1.0
4850122813,1.0
4859634618,1.0
4865585571,1.0
4867254005,1.0
4867340667,1.0
4872303902,1.0
4874214045,1.0
4879072019,1.0
4880637512,1.0
4886200005,1.0
4886525181,1.0
4890417724,1.0
4901942889,1.0
4909203478,1.0
4910551035,1.0
4917605667,1.0
4919657315,1.0
4922698441,1.0
701126456676655105,1.0
701911546142683136,2.0
702598323958620163,1.0
702921372599656448,1.0
703098761698873344,1.0
703343453523066881,1.0
703859798538780674,1.0
704031546060234753,1.0
704798725747531776,1.0
705023369339662336,1.0
705142279728664576,1.0
705351206395207680,1.0
705570249643397120,1.0
705988054578630656,1.0
706494538597031936,1.0
706882756345729025,1.0
707364896153980928,1.0
707535359916306435,1.0
708081550605336577,1.0
708387548859604992,1.0
708470711250190337,1.0
708648466927509504,1.0
709748036226957312,1.0
710180898763890688,1.0
711980580813066240,1.0
712039917493342209,1.0
713902604334465024,1.0
714477321953140736,1.0
714569357267853312,1.0
714591529751416832,1.0
715394299207090179,1.0
717110073860993024,1.0
717522108612534273,1.0
718082561596067840,1.0
718139770430316544,1.0
718194319576797185,1.0
718235089562419201,1.0
718507682655838208,2.0
718593782166458368,1.0
719596779663138816,2.0
720139702125199360,1.0
720579941184757760,0.0
723146471273431040,1.0
723258780163547137,1.0
724083079971659776,1.0
725702803281305600,1.0
725731648017424385,1.0
726839398373838848,1.0
727212809948401664,1.0
727519870590541824,1.0
727878818246070275,2.0
727897637098135552,1.0
728304522662043648,1.0
728415025619034112,1.0
728594002606428161,1.0
728639050119303168,1.0
728646305946304512,1.0
729194378779078656,1.0
729719337993506816,1.0
730064899863273472,1.0
730587339030953985,1.0
730740364370444288,1.0
730746963054997504,1.0
730780438269206528,1.0
730797462991065088,1.0
730826158258946050,1.0
731469980890476545,1.0
733429965333520390,1.0
735005968606466050,1.0
735291795764957186,1.0
735535180237148160,1.0
735561897479536640,1.0
736222567455989761,2.0
736362100340101120,1.0
736655842766946304,1.0
737747920317878272,1.0
738090781651697664,1.0
738194465840472064,1.0
738780132639440896,2.0
740887364248076289,1.0
741945158741041152,1.0
742467081627705344,1.0
742538359659212800,1.0
742650306635276288,2.0
744220610134413313,1.0
744559800877342730,1.0
744595917790130176,1.0
744957869754245120,1.0
745300643888300032,1.0
745386523869143043,1.0
745609653581717505,1.0
745995126263193601,2.0
746370648855945216,1.0
746383081779662848,1.0
747111097476521984,1.0
747151042253590529,1.0
747162710677217280,1.0
748006078990917637,1.0
748620770037874688,1.0
750275313846935552,1.0
750460751240888324,1.0
750868797079318528,1.0
752886578834386946,1.0
753638148958216192,1.0
753744536887824385,1.0
753796738322931712,1.0
754042156277493760,1.0
754108043974107137,1.0
754319153951944704,1.0
756255749047803905,1.0
756626345862586368,1.0
756909131533922304,1.0
756953808131858432,1.0
757848175738703872,1.0
758042170968375296,1.0
758814776566816768,1.0
758987571699470336,1.0
759764062343430144,1.0
760249397103828992,1.0
760257132675600386,1.0
760492161884446720,1.0
760499214367526912,1.0
761351293457752064,1.0
761955803788087297,1.0
761967143881670656,1.0
762278265398571008,1.0
763377249047412736,1.0
763595413748342789,1.0
763840064631689216,1.0
764128520834584577,1.0
764190205133717504,1.0
765090982270529536,1.0
765177124730929152,1.0
765307237153775616,1.0
765510378260357125,1.0
766392155258679296,1.0
767272756081811457,1.0
767799444993638400,1.0
768295011007934469,1.0
768559569891012608,1.0
769165632738762752,1.0
771389564736905216,1.0
771414505276309504,1.0
771466526348107776,1.0
771715827800342528,1.0
772426362485350400,1.0
775182554173407232,2.0
775501047120953344,1.0
776959799871303681,1.0
777191985341882368,1.0
777967966600175616,1.0
777974569822986241,1.0
778792652644818944,2.0
779175673264902144,1.0
780111689626681344,1.0
780207641335300096,1.0
781148974053023744,1.0
781360901228298240,1.0
783308042309767168,1.0
783393750454198273,1.0
784113608414392323,1.0
785448020628430849,1.0
785471772904660993,1.0
785546413274914816,1.0
786738726466707460,1.0
786961690227187712,1.0
787478328089468928,1.0
787728000041254916,1.0
788018802869100550,1.0
788060647401615360,1.0
788130042882715649,1.0
788747576598069248,1.0
788806262045732864,1.0
788952406872690689,2.0
791282631006621696,0.0
792013143916605440,1.0
792395212136017920,1.0
795283700426620932,1.0
795627516878852096,1.0
796457850629279744,1.0
796839329368866817,1.0
797133264716754944,1.0
797894414039326720,1.0
798578408489963524,1.0
799080815606972416,1.0
799437474242117632,1.0
800221790354030592,1.0
800680018326077440,1.0
802034597567598593,1.0
802954176640806912,1.0
803502925209178112,1.0
803742445280194560,1.0
804025676626067459,1.0
804326064294129664,1.0
804810092302503936,1.0
805101587374936068,1.0
805528640184287238,1.0
805909673274646528,1.0
805981294182146048,1.0
806214844387098624,1.0
806261707731595265,1.0
807029571195469824,1.0
807787995940036608,1.0
807818269319000064,1.0
808010543298650112,1.0
808450734240972800,1.0
809384904467316736,1.0
810349699316072448,1.0
810501263251140612,1.0
810611350309310464,1.0
810723502768713728,1.0
811608002872614912,1.0
813058232797237248,2.0
814514799879081984,1.0
814944553492828160,1.0
815428708144218112,1.0
816117506918125568,2.0
816758120819015680,1.0
817873908779073536,1.0
818467340895522817,1.0
818532975906275328,1.0
818660875259277313,1.0
818800320386072576,1.0
819185162479144960,1.0
819279657187086336,1.0
819405797151113221,1.0
819966855393615872,1.0
820223661525389312,1.0
820446669720276992,1.0
820730609043505152,1.0
820826373916921856,1.0
821066393143672836,1.0
821505341322121216,1.0
821696056639496194,1.0
822613594785382400,1.0
822810047025659904,1.0
823056541729296384,1.0
823317383838253056,1.0
823593100908040193,1.0
823680319274381312,1.0
823686137306812417,1.0
823933874551959552,1.0
824092065164390400,1.0
824319315327483904,1.0
824357739501531136,1.0
824825637676294144,1.0
825060240383172609,1.0
825060844845281281,1.0
825823199489318912,1.0
825925386110382080,1.0
828020542728962048,1.0
828306494156181505,1.0
828310819402313728,1.0
828691196310589440,1.0
829515153771208706,1.0
829553755507085314,1.0
829798935380246529,1.0
830585528961495040,1.0
830889642035703808,1.0
831903527362400260,1.0
832055013467889664,1.0
832610018914607105,1.0
832706277310595072,2.0
834030391434551296,1.0
834519511009091584,1.0
834709340825149440,1.0
835869142288850944,1.0
836569810691575810,1.0
836634384153395200,1.0
837639904230313988,1.0
838066498782519298,1.0
838440724408516608,1.0
838963324113006592,1.0
840606252006854665,1.0
840697793618550787,1.0
842121813278752768,1.0
842902386217693184,1.0
843485673420013569,1.0
843517713389510657,1.0
843635229139128320,1.0
845109889852588032,1.0
845271811097055234,1.0
845318650877890560,1.0
845487573011173380,1.0
846113738549792768,1.0
846461799037751296,1.0
846920964113870848,1.0
847251704068190208,1.0
848973710916689920,1.0
849376476877266944,1.0
850124612549705728,1.0
851489485166706689,1.0
851751855487148032,1.0
852302557456117760,1.0
852332765735395328,2.0
852919543630573569,1.0
853629044319014912,1.0
853722212741898240,1.0
854088184191479809,1.0
854102723964190720,1.0
854726042958934016,1.0
855541065444667397,1.0
855955369830395904,2.0
856686343144955904,1.0
856852362278948864,2.0
857464194626727936,1.0
857767183182684160,1.0
857850670057050112,1.0
860391395428671489,1.0
860444010812514304,1.0
860702908668461056,1.0
861093170024775681,1.0
861680084612153349,1.0
861964181981081604,1.0
863394595228585987,1.0
864192327727886336,1.0
864457447062351873,1.0
864636075309924353,1.0
864910325321265153,2.0
865232482307719168,1.0
865300797130764288,1.0
865305435707985921,1.0
865566329247608832,1.0
865752884411064320,1.0
866821540079435777,1.0
866967099415113728,1.0
867826603480539136,1.0
868099546609577993,1.0
868217835708973058,1.0
868638660551245824,1.0
869300015960907776,1.0
869639001400942592,1.0
870459348094517249,1.0
870995395085815808,1.0
871189841186357248,1.0
872152901870911489,1.0
872468909588447232,1.0
872885192590884865,1.0
873256308660719617,1.0
873360193404379137,2.0
873624924711256064,1.0
875672733752987649,1.0
876479489500487681,1.0
877347579180220417,1.0
878242924567441408,1.0
879506869529616384,1.0
879752218051842049,1.0
880108852162707456,1.0
881275595807653888,1.0
883431808611889153,1.0
883774859452579840,0.0
884026348515115008,1.0
884134729192275969,1.0
884265045479313408,1.0
884746422364418048,1.0
885066831278604290,1.0
885644906915663872,1.0
885811180278661120,1.0
885843411835670528,1.0
886811694353264640,1.0
888275165217406978,1.0
889421222613626880,1.0
889661863100907520,2.0
890784463784783872,1.0
891021947370340352,1.0
891058415195303939,1.0
891064163480608768,1.0
892060639526395904,1.0
893274928857972737,1.0
893858949929291776,1.0
894740180942204930,1.0
895590923119329280,1.0
896144748330831872,1.0
896453296059146240,1.0
896509288889430017,2.0
896874095106826240,1.0
896911058459340800,1.0
897094186213588992,1.0
897284489075974144,1.0
898969348408258561,1.0
899886426312941568,1.0
900031843080192000,1.0
900412752832978944,1.0
900730131660058625,1.0
901958040831840257,1.0
902627303913611268,1.0
903430820312076289,1.0
904215922436702209,1.0
904365258399244288,1.0
904873755125657604,1.0
904897416536707073,1.0
904983531553775616,1.0
905443460379017216,1.0
907302868645953537,1.0
907365745515999233,1.0
907666595396407296,1.0
910601686573559808,2.0
910717382879977472,1.0
911059664497971200,1.0
911756586170896384,1.0
912006790493212672,1.0
912340252882296835,1.0
912657193941553153,1.0
913090676304306176,1.0
913149899016933377,1.0
914701376906600449,1.0
914740242233610240,1.0
915573469475110913,2.0
915577980092641280,1.0
916217628129218560,1.0
916458827087777793,1.0
917122313837039616,1.0
917184736501657600,1.0
917368679951667201,1.0
919548186590621696,1.0
919906847171186688,1.0
920307650402775041,1.0
921184805328441345,1.0
922605476424048640,1.0
922963142300143616,1.0
924390522600468485,1.0
924449589717061632,1.0
924780171999277056,1.0
925675836526776321,1.0
927677462812782593,1.0
927687867232550913,1.0
928390260580585472,1.0
928790819145842688,1.0
929150216623853569,1.0
929787316838662144,1.0
929856990934790144,1.0
930146052019167232,1.0
930557785808523265,1.0
930566954519207936,1.0
931318257553833985,2.0
932662426495078402,1.0
932785949712384000,1.0
933016350615834624,1.0
933472054644486145,1.0
933877959420551168,1.0
934213656664870912,1.0
935335003084423168,1.0
935697022400602112,1.0
935877816457089024,1.0
937380204212883457,1.0
937771575104778240,1.0
937787097120899073,1.0
938552716686708736,1.0
938848632383483904,2.0
939007961388662784,1.0
939043270549577728,1.0
939081077808816130,1.0
939968588512870400,1.0
940479862938198016,1.0
940588105500897280,1.0
942364199644160000,1.0
943174774154498048,0.0
943892192447344641,1.0
945672241576136706,1.0
946092660795744256,1.0
946226966075604992,1.0
947487287855558656,2.0
947948729390321670,1.0
947989309239545857,1.0
948418445187715072,2.0
948659409399382017,1.0
948756511022600192,1.0
949132343930843136,1.0
950848085802004480,1.0
950990576551260160,2.0
951527727365988352,1.0
951698105010864128,1.0
952247125185720320,1.0
952980338745147394,1.0
953444662404055041,1.0
954224146174558208,1.0
954431291629473794,1.0
955253114239627264,2.0
955591906741968896,1.0
955808933104443393,1.0
955886730237874181,1.0
955937460202168321,1.0
956294047966081025,1.0
956437581331181568,1.0
957024565150011393,1.0
957087589382737920,1.0
957374975593377793,1.0
957384842718560257,1.0
957808962983755776,1.0
957821497170477056,1.0
958043434568134656,1.0
958854275471495169,1.0
959432437754421249,1.0
959542409435762691,1.0
960321999842164736,1.0
960608105980506112,1.0
960624707820113920,1.0
960884393639366656,1.0
960954351324934145,1.0
961001501513699328,1.0
961307945358315520,1.0
961678255450357760,1.0
962255435766968322,1.0
962424351596281856,1.0
962464629296254977,2.0
963973175200616449,1.0
965309176627920896,1.0
965478102594863104,1.0
965797076436217857,1.0
965974299470385154,1.0
966399088085389312,1.0
966408773823852544,1.0
966841266381119489,1.0
967178808368549889,1.0
967479117661790208,1.0
967722732090732546,1.0
967837552425119744,1.0
968113704024895489,1.0
968303534822313984,1.0
968627658153177088,1.0
969202095252561920,1.0
970054179459919873,1.0
970109612597895168,1.0
971393126978928641,1.0
971536182969384960,1.0
971857794826567680,1.0
972596838414008320,1.0
972851747294273537,1.0
972999488431411200,1.0
973491119433572352,1.0
973876826564161541,1.0
974072056605179905,1.0
974124934971584512,1.0
975051059268915200,1.0
975146167746121731,1.0
975460565484122112,1.0
975519759105060864,1.0
975860978830028801,1.0
976078973418446848,1.0
976143225927839744,1.0
976879301302857729,1.0
977021684074078208,1.0
977645375543705602,1.0
978378745881944064,1.0
978535635085504512,1.0
979048605087563782,1.0
979151092691894272,1.0
979827806023618560,1.0
980543041541873664,2.0
981229378825801728,1.0
982017242354388992,1.0
982277565556518912,1.0
982359026410209280,1.0
982630470008553474,1.0
983448844041060352,1.0
983875620194013184,1.0
984004551937314816,2.0
985254690588905477,1.0
985570002131550208,1.0
985723108719054849,1.0
985938313784807425,1.0
986026786319421440,1.0
986519394997039104,1.0
986951065256919040,1.0
988277286204932096,1.0
988601164785635330,1.0
989134900606525440,1.0
989247521259249664,1.0
989298765163937792,1.0
989311745100566529,0.0
989507174094262278,1.0
992390491105882112,1.0
993705834470367232,1.0
994221357071089664,2.0
995724444894195713,1.0
995895483389304832,1.0
996200380013916160,1.0
996245368416407553,1.0
997227280735789056,1.0
998370119561695232,1.0
998590102573023232,1.0
998962971517898754,1.0
999621483755286530,1.0
1001727838133796864,1.0
1002348476594884610,1.0
1003187163310129152,1.0
1003958926516383745,1.0
1004351103197220864,2.0
1006186075390439424,1.0
1006347590831464448,1.0
1007090293567557634,2.0
1008077138602258432,1.0
1008882334517653507,1.0
1008888246640762880,1.0
1008987247616512000,1.0
1009115210546929664,1.0
1009441233658265600,1.0
1009532533682397184,1.0
1009587431060852736,1.0
1009629964998709248,1.0
1009785173011988480,1.0
1010377752195805184,1.0
1010379252867321857,1.0
1010557821614739456,1.0
1010801534656016385,1.0
1012178620209606656,1.0
1012406984719470592,1.0
1012535841028075523,1.0
1013259609291673600,1.0
1013502080076664832,1.0
1013526907969724416,1.0
1014345292819279872,1.0
1014584876106944512,1.0
1014641512670523392,1.0
1015928973732114435,1.0
1016291321160626176,1.0
1016486686958739457,1.0
1017375667296591878,1.0
1017832535508815873,1.0
1017842910740410368,1.0
1018130243805110272,1.0
1019968606459842565,1.0
1019972864114556928,1.0
1020104760882495488,1.0
1020441768632946689,1.0
1020584027827212288,2.0
1020781133313654784,1.0
1021254438462210048,1.0
1021427335051038721,1.0
1022319903338987520,1.0
1023170244766883840,1.0
1024021327756382209,1.0
1024105935680221185,1.0
1025399327034929153,1.0
1025533236766760960,1.0
1026442571352948736,1.0
1026468656195227649,1.0
1027928327259009026,1.0
1028312435818749952,1.0
1028378474107482112,1.0
1028421941957292032,1.0
1028673830481485824,1.0
1029020739133997056,1.0
1030168238011731968,1.0
1030546808743841794,2.0
1030579315203878912,1.0
1031479589959356416,1.0
1032847520425107456,1.0
1034295964582854656,1.0
1035299824856313857,1.0
1036816881347219457,1.0
1037768200253915136,1.0
1039315357004115971,1.0
1039334366340698112,1.0
1040023858705850369,1.0
1040405782402084864,1.0
1040629333210148865,1.0
1042586234193756161,1.0
1042821954821087232,1.0
1042855112195026944,2.0
1042860496892772352,1.0
1043304396149276672,1.0
1043500174247641088,1.0
1044778781230039042,1.0
1045369159578574850,1.0
1045428236392517632,1.0
1045696911544594432,1.0
1046415516477390850,1.0
1046476783636234240,1.0
1047194401011900416,1.0
1047279571719127040,1.0
1048648400240070657,1.0
1049430977142018050,1.0
1050404170195333121,1.0
1050507703821328384,1.0
1050930813888589825,1.0
1051191909874569216,1.0
1051514280749752321,1.0
1053063936172421120,1.0
1053324714427465728,1.0
1054519247211294720,1.0
1054831685571887106,1.0
1054951695359377414,1.0
1055935247567781890,1.0
1057723606027792385,1.0
1058174548837888000,1.0
1059637721071636480,1.0
1059778551237484546,1.0
1060278863874478080,1.0
1060711269634846720,2.0
1062846217418240000,1.0
1063494232126689280,0.0
1064324514513702912,1.0
1064701018967920640,1.0
1064964294448750595,1.0
1066847336050147329,1.0
1067055181605437440,1.0
1067196222119628809,1.0
1067560905221623808,1.0
1068172989651390464,1.0
1068479286892523520,1.0
1069317606983782400,1.0
1069665257243713541,1.0
1069734050301128705,1.0
1070543814727745536,1.0
1070588953105969152,2.0
1071400735928172544,1.0
1072892244011700224,1.0
1073712716936830976,1.0
1073968565047476224,1.0
1074091746521427969,2.0
1074411735065481216,1.0
1076825961688125441,1.0
1078044289454747648,1.0
1079132387605266432,1.0
1079374636608114689,1.0
1079877193495277568,2.0
1080465239538229248,1.0
1080529497152278528,1.0
1080742203633262592,1.0
1080965055007592456,1.0
1080999330461343744,1.0
1081036726758531072,1.0
1081375274472591361,1.0
1082399347948638209,1.0
1083319531198603264,1.0
1083555333052788743,1.0
1083738940199317504,1.0
1084260346527805445,1.0
1084444054530727937,1.0
1085244786897027072,2.0
1086084557009575936,0.0
1087828196966481921,1.0
1087983274402766848,1.0
1088545656002801664,1.0
1088806163385217024,1.0
1089723361142296578,1.0
1089984351050350593,1.0
1090055713462865925,1.0
1090368754456891393,1.0
1091364601814499329,1.0
1091450434500341761,1.0
1093655839783686144,1.0
1093852516700295168,1.0
1093890667909124100,1.0
1094348418657460224,1.0
1095173919491780608,2.0
1095219121447301120,1.0
1095260188716777472,1.0
1095724647998545923,1.0
1095768409449459712,1.0
1096205507348623360,1.0
1096227160971509760,1.0
1096251117745332226,1.0
1097176821622284289,1.0
1098366530591457281,1.0
1098418046002253824,1.0
1098567360330502144,1.0
1099487883658899456,1.0
1099687570408177666,1.0
1099855211038892032,1.0
1100152284737085440,1.0
1100509588175097860,1.0
1100840274136363009,1.0
1101246138739539969,1.0
1101599164427837440,1.0
1102773540741275648,1.0
1104096944052293632,1.0
1105176913847439362,1.0
1105779090265726977,1.0
1106035116437049345,2.0
1106253079983390721,1.0
1106771831837675521,1.0
1106884731621257216,1.0
1107013222853304320,1.0
1108409631334793216,1.0
1108436969351049217,1.0
1108946653506002946,1.0
1109136672917209091,1.0
1109141736972939264,1.0
1109405647366426624,1.0
1109593590005723138,1.0
1109676125490499584,1.0
1111290178616942593,1.0
1111398383606886401,1.0
1111464955633643525,1.0
1112858774992171010,1.0
1112914064076931072,1.0
1113159183946452993,1.0
1113174179044634624,1.0
1113547517105528833,1.0
1113584648095973377,1.0
1113612686783283200,1.0
1114536540586348551,1.0
1115680256742965249,1.0
1115838887623122954,1.0
1116360718687690758,1.0
1117035592565628928,1.0
1117606113535516672,1.0
1117616102442455041,1.0
1118193171064745985,1.0
1120045145276198914,1.0
1120085915710263297,1.0
1121246126571573249,1.0
1121568275085844480,2.0
1121808544377053185,1.0
1122573500248510464,1.0
1123047281618505729,1.0
1123241859554381824,1.0
1123297838333603840,1.0
1123395231792209922,1.0
1125543746697924609,1.0
1126279695400566790,1.0
1126916444178898944,2.0
1126937736122982401,1.0
1131206711296045058,1.0
1131717785648807937,1.0
1132435834257399810,1.0
1133040497864466432,1.0
1133696644422275072,1.0
1133910409814171648,1.0
1134206161555787778,1.0
1134331250842451969,1.0
1135008356979093505,1.0
1135229588798431232,1.0
1135278580689190912,1.0
1135540413341868032,1.0
1135994998724452352,1.0
1138253706804310018,1.0
1138564320390836224,1.0
1139058361477951494,1.0
1139158523755974656,1.0
1139298009303269376,1.0
1139932775388049414,1.0
1140603291891642369,1.0
1140855548180672512,1.0
1141126539213340672,1.0
1141771312823721984,1.0
1142048265346715649,1.0
1142263233438294016,1.0
1142295084572073985,1.0
1143229947932229632,0.0
1143342270399373313,1.0
1144203889949831169,1.0
1144289639924207616,1.0
1144380742119632897,1.0
1144598168757293056,1.0
1144689874424999937,1.0
1144704604442988544,1.0
1145662294849990656,1.0
1146169755218456578,1.0
1147137986431258624,1.0
1147646449796157445,1.0
1148643937441210369,1.0
1148735122092568577,1.0
1149316040947576833,1.0
1149910692339814400,1.0
1150176744177045504,1.0
1150773939284652032,1.0
1151231204923977729,1.0
1151320679020498944,2.0
1151488664943366145,1.0
1151612946830831616,1.0
1153463878195589125,1.0
1153773604716404739,1.0
1154227430535491584,1.0
1154318062197207041,1.0
1154768018804809728,1.0
1154882171515088898,1.0
1155088283916836864,1.0
1155208255066558475,1.0
1156033982586208256,1.0
1157250876051984385,1.0
1157395568135557120,1.0
1158232790934048768,1.0
1159104150480850944,1.0
1159411999706451968,1.0
1159457355295338500,1.0
1159560116657709056,1.0
1160029264022003712,1.0
1161071830247059456,1.0
1161351506983038976,1.0
1161444234609565696,1.0
1161649331214200834,1.0
1161709863396958209,1.0
1162020975187288064,1.0
1162106955512590348,1.0
1162145379011518465,1.0
1162219997977960449,1.0
1162600016831078400,1.0
1162772578001461248,1.0
1163464930223435777,1.0
1163554169548095488,1.0
1164159672082763777,1.0
1164786873429970944,1.0
1164864823882067968,1.0
1164918752774934528,1.0
1165031734838276097,1.0
1165622056089612289,1.0
1165843165225484288,1.0
1166056317657604096,1.0
1166065776438272004,1.0
1166069236571226113,1.0
1166556757600157696,1.0
1166717268975333376,1.0
1167062654436937731,1.0
1167358020508147712,1.0
1167568401927147520,1.0
1167622160220733440,1.0
1167760915707527168,1.0
1167997092163227651,1.0
1168009774086131713,2.0
1168192787990425600,1.0
1169174808887623680,1.0
1169244348648587264,1.0
1169267399230550017,1.0
1169270397470048258,1.0
1169271231926767627,1.0
1169274023777169408,1.0
1169307285006348288,1.0
1169410448594071552,1.0
1169500847488659456,1.0
1170770038208565248,0.0
1171095411307753472,1.0
1171742672614113282,1.0
1171878947983962112,1.0
1172014145274671104,1.0
1172239930514448389,1.0
1172345379125260288,1.0
1172700557426876416,1.0
1172868023734218756,1.0
1173083481536159744,1.0
1173596152266018816,1.0
1174668703469719553,1.0
1174774009361260553,1.0
1175288710180421632,1.0
1175447873325953029,1.0
1175487335749885952,1.0
1175642770024697856,1.0
1176151245469487105,1.0
1176343584187940864,1.0
1176572359974772749,1.0
1176685970340532224,1.0
1176867008077582337,1.0
1177284937537339393,1.0
1177367344164888580,1.0
1177376595029450754,1.0
1177467015583301633,1.0
1177551303725240322,1.0
1177645565028569091,1.0
1178019071821877250,1.0
1178287557357883392,1.0
1178561952626274305,1.0
1178575157364850689,1.0
1178739479160348677,1.0
1178793548222566401,1.0
1179456300591173632,1.0
1179737909500489729,1.0
1179831200476794880,1.0
1179875146024325121,1.0
1179928124613484544,1.0
1180669622095372289,1.0
1180868127359291392,1.0
1180991940042661888,1.0
1181242595269369858,1.0
1181269652871270400,1.0
1181408285121011712,1.0
1181546165877317633,1.0
1181567074084122624,1.0
1181632680892362752,1.0
1181986921079287809,1.0
1182292603040960512,1.0
1182391737970503680,2.0
1183161327033954304,1.0
1183544021626621953,1.0
1184000832506753024,1.0
1184231486075092992,1.0
1184610187442823169,1.0
1184752030801203200,1.0
1185285260348678144,1.0
1185531782952816640,1.0
1185936230393024512,1.0
1185949888787308544,1.0
1187118198795259905,1.0
1187143366921850883,1.0
1187164179003662337,1.0
1187413831666065409,1.0
1187944161464475648,1.0
1188438369182707712,1.0
1189752232335462400,1.0
1189873607771611136,1.0
1190293452820320256,1.0
1190371499800174593,1.0
1193629103183806465,1.0
1194082770445852672,1.0
1194310568200548352,1.0
1194591899102961666,1.0
1194615821840142336,1.0
1194626706956439558,1.0
1196506051467763712,1.0
1197389912821116929,1.0
1198417127637569537,2.0
1198658332073938944,1.0
1198941983462612993,1.0
1199151462745440256,1.0
1199272709177446401,1.0
1199298527710416896,1.0
1199890847954882560,1.0
1199923131730792449,1.0
1200093889790717952,1.0
1201545155360116737,1.0
1201999184817094656,1.0
1203817853494779904,1.0
1204374981359984640,1.0
1204543129321398276,1.0
1204829532529803265,1.0
1205246685569540097,1.0
1205769293939515392,2.0
1205921326139088899,1.0
1206708195118370817,1.0
1206937082616303617,1.0
1206958907836583936,1.0
1207409404984868864,1.0
1207489601805455363,1.0
1208769931925319681,1.0
1208950131682422784,1.0
1209208226669060096,1.0
1209477090652803073,1.0
1210638105583276032,1.0
1211315075681640448,1.0
1211653933875089408,1.0
1212150302788345857,1.0
1212777267169873920,1.0
1213189717425917953,1.0
1213405462021853185,1.0
1213892068826763264,1.0
1213956432975908864,1.0
1214156187509252104,1.0
1214207026609278978,1.0
1214240996256403456,1.0
1214368702277308421,1.0
1215019668571860999,1.0
1215303826175078400,1.0
1216021034643705856,1.0
1216033469316390912,2.0
1216731501728952320,1.0
1216745611199905793,1.0
1217047945541046274,1.0
1217265422006915072,1.0
1217425422696288256,1.0
1217601646521270272,1.0
1217831815219699712,1.0
1218009078959607810,1.0
1218282094213967875,1.0
1218596758252552195,1.0
1218987476112543744,1.0
1219432023044939776,1.0
1221508795018379266,1.0
1222274097935073281,1.0
1222668550080475136,1.0
1222930666632839168,1.0
1223647519491665924,1.0
1223858724386877442,1.0
1224107192212578305,1.0
1224139531177185281,1.0
1224424024085868549,1.0
1224720670745157633,1.0
1224855759453736962,1.0
1225141644414025728,1.0
1225234537111683072,1.0
1225286358635352064,1.0
1225848216467509248,1.0
1226687437281406979,1.0
1227171998356443136,1.0
1227302519061135360,1.0
1227388670803677186,1.0
1227417563837194240,1.0
1227433586565009411,1.0
1227472004384727046,1.0
1227766472921014272,1.0
1227962762233548800,1.0
1228018552428466176,1.0
1229230225549971456,1.0
1229382793953714176,1.0
1229442788623818752,1.0
1229490959941017600,1.0
1230108007800770560,1.0
1231044484261019648,1.0
1231658802119761920,1.0
1231693228937752578,1.0
1232000051095965697,1.0
1232176513887305728,1.0
1232369847134121986,1.0
1232471924145577985,1.0
1232835905616011264,1.0
1233856446900600832,1.0
1234240387033661440,1.0
1235012286219083776,1.0
1235284286468542464,1.0
1235344992765448193,1.0
1235721448066408448,1.0
1235985277002248194,1.0
1236324668640047105,1.0
1236439017433989122,1.0
1237226500413407232,1.0
1237561183848333318,1.0
1238160283333525504,1.0
1238214998838697984,1.0
1238612328087576576,1.0
1239007657803026432,1.0
1239205382444085248,1.0
1239564608941113347,1.0
1239567083404292097,1.0
1239635457656356865,1.0
1239638979214966786,1.0
1239698227739459584,1.0
1240213307908390912,1.0
1240478580510871552,1.0
1240872856508137472,1.0
1241061354720681986,1.0
1241360253960237057,1.0
1241397628924915713,1.0
1242110720507932672,1.0
1242131169304621057,2.0
1242517797621530625,1.0
1242522201770856449,1.0
1242970742347702272,1.0
1243221104560345090,1.0
1243888276123025423,1.0
1244629107624689664,1.0
1245316480046116864,2.0
1245378985883828225,1.0
1245513078097293316,1.0
1245566530332450816,1.0
1245757386020831232,1.0
1246982847287746560,1.0
1247345659130392578,1.0
1247541393121087495,1.0
1247907027650838528,2.0
1248311114015834112,1.0
1248842158553141250,1.0
1248917771733237760,1.0
1249029070886666240,1.0
1249391634527199233,1.0
1249512645331308551,1.0
1249738426792005640,1.0
1249895126111043584,1.0
1250135497118228485,1.0
1250176138867027970,2.0
1250243588514099201,1.0
1250570398971953152,1.0
1250830543119319042,1.0
1251137320289525760,1.0
1251518605600206850,1.0
1251566644188475392,1.0
1251658931849617408,2.0
1251989186862866433,1.0
1252040788982169600,1.0
1252286924519243782,1.0
1252293223302619137,1.0
1252621477674921985,1.0
1252772308227407878,1.0
1252868601465323522,1.0
1252934949356941313,1.0
1252976493971595265,1.0
1253397325893873665,1.0
1253484460928098304,1.0
1254018918261198850,1.0
1254064654541901825,1.0
1254461636418711552,1.0
1254864716733833216,1.0
1254895669556449281,1.0
1255110499253071872,1.0
1255595303178317824,1.0
1255915694186795012,1.0
1255960012888829954,1.0
1256646787726745600,1.0
1257339689603825664,1.0
1257536517141966848,1.0
1257715438336700417,1.0
1257769442278289408,1.0
1258043434801250304,1.0
1258426125296054272,1.0
1258440535402065920,1.0
1258501542933483520,1.0
1258837518809784323,1.0
1259130000969588737,1.0
1259613060236541954,1.0
1259816940844937217,1.0
1259833261376901121,1.0
1260145160253509632,1.0
1260614810355544065,1.0
1260641172843909121,1.0
1260759194833006593,2.0
1260770767123312640,2.0
1260958038694883328,1.0
1262580922479570944,1.0
1263095479996493824,1.0
1263128428909223936,1.0
1263488873054625792,1.0
1263841933090308102,1.0
1263856408199602176,1.0
1264258256131592192,2.0
1264712331457638400,1.0
1265350869391781888,1.0
1265825837900849154,2.0
1265835600923357185,1.0
1265853916077527042,1.0
1266371396847890439,2.0
1266878041868959744,1.0
1267164088599076864,1.0
1267822063521107972,1.0
1267928172160573445,1.0
1268141213112324096,1.0
1268686766439006215,1.0
1269643480537509888,1.0
1270093742205173760,1.0
1270673451221757953,1.0
1270789336116670467,1.0
1271509161717706760,1.0
1271686484320350209,1.0
1272195427828297728,1.0
1273476574495469569,1.0
1273760349167276034,1.0
1274006014019481600,1.0
1275556749555240960,1.0
1275784966752755713,1.0
1275867029573111813,1.0
1275961139139051522,2.0
1276982464217579521,1.0
1277704050969063425,1.0
1278213921468342275,1.0
1278393158943100930,1.0
1278437200145907712,1.0
1278516624199311362,1.0
1278662030325510144,1.0
1278712277345034240,1.0
1278776092355108868,1.0
1279157580799983617,1.0
1279605491270733824,1.0
1279885961841819649,1.0
1280337364993429504,1.0
1280589273335500801,1.0
1280657278409093121,1.0
1281353202366111746,1.0
1281736585386569729,1.0
1282047448010166272,1.0
1282959763911909376,1.0
1283460034182209537,1.0
1283961213471338496,1.0
1285762150741323776,1.0
1286102971974025217,1.0
1286368171650408449,1.0
1286688760025948160,1.0
1286836203938025472,1.0
1286866100328824832,2.0
1287451187860639744,1.0
1287874662827950081,1.0
1287896006550589442,1.0
1288005905691418625,1.0
1288514327213944834,1.0
1288632991074394112,1.0
1288862425861836801,1.0
1289381869201641473,1.0
1289558439052496901,1.0
1289606330064437249,1.0
1290076065352896512,1.0
1290284954635640833,1.0
1290301285728567302,1.0
1290390627218108416,1.0
1290861566758277120,1.0
1291069648574832640,1.0
1291531291066798083,1.0
1291592284417351680,1.0
1291710785115361280,1.0
1292903672083488768,1.0
1293035801778049029,2.0
1293197752919183360,1.0
1293272027122610179,1.0
1293510025680478208,1.0
1293643977468633091,1.0
1293961079182094336,1.0
1294012499013054466,1.0
1294307575085715456,1.0
1294589571942973440,1.0
1294697611539161088,1.0
1294756234374111236,1.0
1295049234312581121,1.0
1295281472224538625,1.0
1295381401441796096,1.0
1295456970049118208,1.0
1295516603430273024,1.0
1296385516846317568,1.0
1296479854100127744,1.0
1296685293073047553,1.0
1296781876716240896,1.0
1297181907160109057,1.0
1297264439662608384,1.0
1297554634182209537,1.0
1298334315185500161,1.0
1298953062502014976,1.0
1299403161564741633,1.0
1299517391240671233,1.0
1299879120332095489,2.0
1300174465758826501,1.0
1300309398166949889,1.0
1300441314849222661,1.0
1300619672916824065,1.0
1300849593358471170,1.0
1301200782717587458,1.0
1301539941948764160,1.0
1301654141593366528,1.0
1302031249360531456,1.0
1302143403736481797,1.0
1302384630977507328,1.0
1302512017450971136,1.0
1302625101075156994,1.0
1303032382052851713,1.0
1303063494468788226,1.0
1303140940102512640,1.0
1303384377179611138,1.0
1303704709123969024,1.0
1304214010812936195,1.0
1304621913231286272,1.0
1304846484249161729,1.0
1305509396684984321,1.0
1305607384358727680,1.0
1305987513669029891,1.0
1306136273782935553,1.0
1306274561135181824,1.0
1306303710931439617,1.0
1308274897630777344,1.0
1308400921496387593,1.0
1308561614866714631,2.0
1308909374144942080,1.0
1309005693446492162,1.0
1309199463190274049,1.0
1309334948847943681,1.0
1309505310206439430,1.0
1310206245631078400,1.0
1310374181687537664,1.0
1310570163033513991,1.0
1310724884008321028,1.0
1310964372487929857,1.0
1311359699183439872,1.0
1311765217752371210,1.0
1311896805920043009,1.0
1312209568047431680,1.0
1313258964931366913,1.0
1314978645635629056,2.0
1315011414965264391,1.0
1316013080250216453,1.0
1316178719342379008,2.0
1316525236087554051,1.0
1317060534701875200,1.0
1317212216354082816,1.0
1317288189439115272,1.0
1318231497174880259,1.0
1318671397560979456,0.0
1318741345905922048,1.0
1318790891532820483,1.0
1319082870498091008,1.0
1319308147165638656,2.0
1321074483290144770,1.0
1321948290661838848,1.0
1322691025245261831,1.0
1324053703058509827,1.0
1324512910161272835,1.0
1324786872913113090,1.0
1324869774271188994,1.0
1326000340018270208,1.0
1326303320177324035,1.0
1326306504027287554,1.0
1326332447013953537,1.0
1326481061296082945,1.0
1327442422515765248,1.0
1327727543496171520,1.0
1327812732574371840,1.0
1327928839847219201,1.0
1328047475647782912,1.0
1328923279332159488,2.0
1329086628397158409,1.0
1329165444218056704,1.0
1329430334195208192,1.0
1329460132967821314,1.0
1330174543655284738,1.0
1330278595013578753,1.0
1330571074061393923,1.0
1330919892988686338,1.0
1331370908989140992,1.0
1331901687024349185,1.0
1332444101258719236,1.0
1332478258831495169,1.0
1332842920781770753,1.0
1333030975681536000,1.0
1333696806782267402,1.0
1333823591381676035,1.0
1333910351696461830,1.0
1334216352740085761,2.0
1334315902163148802,1.0
1334367205169905664,1.0
1334551348235264000,1.0
1334589021951991809,2.0
1335127227348910082,1.0
1335433670019059712,1.0
1335613030852386817,1.0
1335769353124343808,1.0
1336424787388854275,1.0
1336451673053679620,1.0
1336874099101102085,1.0
1337184287032930310,1.0
1337443412220342272,2.0
1337648276733124610,1.0
1337783599446286338,1.0
1337859846385889283,1.0
1337978463446249473,1.0
1338157627453427713,1.0
1338474046095233026,1.0
1338786942243065856,1.0
1339327325578678272,1.0
1339359361353846784,1.0
1339579267965997057,1.0
1339614230136426496,1.0
1339638313637036039,1.0
1339746394505142273,1.0
1339815329195704322,1.0
1339998018309918721,1.0
1340365769025187840,1.0
1340517896854904832,1.0
1340703531012075533,1.0
1341379382347255809,1.0
1342125115383939073,0.0
1342498920811921408,1.0
1343156356392640513,1.0
1343247090298859522,1.0
1343335615971155968,1.0
1344671720494526465,1.0
1345618132996509696,1.0
1345723594752446465,1.0
1346317368637603841,1.0
1346932527173394439,1.0
1346933296744124417,1.0
1347142239630225408,1.0
1347272097786171394,1.0
1347654502787076096,1.0
1347801793930035200,1.0
1348229244183322624,1.0
1348291104328843264,1.0
1348410322667843589,1.0
1348675178318893056,1.0
1349200706037805057,1.0
1349358194796195840,1.0
1349608584896794624,1.0
1350014733135572993,1.0
1350630948354871298,1.0
1350705627232813057,1.0
1350924172554366979,1.0
1351286814313738243,1.0
1351940525633400834,1.0
1351953391526826074,1.0
1352699133379883008,1.0
1352995635566407680,1.0
1353105998102241280,1.0
1353317819245420544,1.0
1353424314943631360,1.0
1353479620646080516,1.0
1353619250838183938,1.0
1354038378640134145,1.0
1354056541780004864,1.0
1354134859053232128,1.0
1354265125511983112,1.0
1355517412196552711,1.0
1356317747098095616,1.0
1356397585179828229,1.0
1356743668137353218,1.0
1356746588828311554,1.0
1357164129157410817,1.0
1357200256618795008,1.0
1357341014910898178,1.0
1357834420732846080,1.0
1357838111204642818,1.0
1357917347181453312,1.0
1358117090268446721,1.0
1358263463370498048,1.0
1358458046226202624,1.0
1358706577356775429,1.0
1358930019960111104,1.0
1358953654204723202,1.0
1359601059774279683,1.0
1359860636306579456,1.0
1359979964175630341,1.0
1360022909591371778,1.0
1360055740904312832,1.0
1360345646826483717,1.0
1360918285513068548,1.0
1361804785003954183,1.0
1362218598849208320,1.0
1363912931151384588,1.0
1364756283186905089,1.0
1364969404132446218,1.0
1366233564254265345,1.0
1366873048700313600,1.0
1366985553112014851,1.0
1367128056972779522,1.0
1367178318940827648,1.0
1367507714998472711,1.0
1368321380555530243,1.0
1368498204879114240,1.0
1368517630735290370,1.0
1368535075969712133,1.0
1368577273171902467,2.0
1368781872130445313,2.0
1368909042547105795,1.0
1369385038664658954,1.0
1369587692460253184,1.0
1370233406496382978,1.0
1370830299072987139,1.0
1371405733418373122,1.0
1371795451217907714,1.0
1371923720609095686,1.0
1372521854632611843,1.0
1372683277979459587,1.0
1373262840098918402,1.0
1373270760081522689,1.0
1373274654186434562,1.0
1373435309782822912,1.0
1373635835355045898,1.0
1374463792487170052,1.0
1375070580358152193,1.0
1375146737279582208,1.0
1375846488031432705,1.0
1376240102352039945,1.0
1376678992736964611,1.0
1376761457749094407,1.0
1376880458055573504,1.0
1376904980959989760,1.0
1378038493105037320,2.0
1378739842264207367,1.0
1379156396323840001,1.0
1379486103707746306,1.0
1379603133584785408,1.0
1379812027116351495,1.0
1379906748841136130,1.0
1379954132203765768,2.0
1380117048936722432,1.0
1380182085906862080,1.0
1380189591735517190,1.0
1380278410736439302,1.0
1380436431995162626,1.0
1380673186505850881,2.0
1380868982044037131,1.0
1381323946612637700,1.0
1381363018060161034,1.0
1381917689287876608,1.0
1382092362462154753,1.0
1382330221332938755,1.0
1382336580518621186,0.0
1382405059670081540,1.0
1382425350785937408,2.0
1382439377406722048,1.0
1382749548578234370,1.0
1382832437764485127,1.0
1383459804962639884,1.0
1383574236288094214,1.0
1384140731770544131,1.0
1384165113205198860,1.0
1384365976922181637,1.0
1384630948591902721,1.0
1384768345577168896,2.0
1384893312797003781,1.0
1384919856768856064,1.0
1384941248620990465,1.0
1385344932378923009,1.0
1385427740292091911,1.0
1385555295976534018,1.0
1386064805363134466,1.0
1386140085058367489,1.0
1386245617920401408,1.0
1386793782683652096,1.0
1386817530308747264,1.0
1387143248465047554,1.0
1387459321437593603,1.0
1388522541858254851,1.0
1389668038593634306,1.0
1389705366871621632,1.0
1390067256080621568,1.0
1390697716607451137,1.0
1390787451204014080,1.0
1391714455390670851,1.0
1391882319070388225,1.0
1392453820702154754,1.0
1392849943019331586,1.0
1392927838001459201,1.0
1392960794980126720,1.0
1393384383650975744,1.0
1393597361096691714,1.0
1393599295987716096,1.0
1394117755381682176,1.0
1395386306071498768,1.0
1395792070523109377,1.0
1396107226608283649,1.0
1396186016847998982,1.0
1396272483309862913,1.0
1396338835596795904,1.0
1397268212522291211,1.0
1397377294990258180,1.0
1397416943875809280,1.0
1398664818874208261,1.0
1399195540093554688,1.0
1400095745760452610,2.0
1400905029087813634,1.0
1400950427491897345,1.0
1401102261946884098,1.0
1401196094713958403,1.0
1401765171601850373,1.0
1402679875631190017,1.0
1403018971079643142,1.0
1403260119715090432,1.0
1403372126304866305,1.0
1404553822253449219,1.0
1404590411847405568,1.0
1405315000227532804,1.0
1405392336801124352,1.0
1405750979732021253,1.0
1406220117638266880,1.0
1406413723691110405,1.0
1406743252212994049,1.0
1406836405712588802,1.0
1407372687316590594,1.0
1408148208442908673,1.0
1408262420640960512,1.0
1408273203273912322,2.0
1408304479238197249,1.0
1408440566124253189,1.0
1408670753495535620,1.0
1409159409134096395,1.0
1409943583059288067,1.0
1410382725643751431,1.0
1410586984247029761,1.0
1410832490701467650,1.0
1411098126245679104,1.0
1411387510282985473,2.0
1411895114004238342,1.0
1412111092034244610,1.0
1414050885999595522,1.0
1414394706855931905,1.0
1414597315344490499,1.0
1415746394871189504,1.0
1416101066580627464,1.0
1416583524572975104,1.0
1417147821472501764,1.0
1417305223983419394,1.0
1417485200486027272,1.0
1419262698341113861,2.0
1419756165055975441,1.0
1419853116711784480,1.0
1419992380422373376,1.0
1420446766869225478,1.0
1420776047436566531,1.0
1420842082810449923,1.0
1421131101922332672,1.0
1421197632173707268,1.0
1421263144274567172,1.0
1421898572274995203,1.0
1422563611696844806,1.0
1422740806016843776,1.0
1423258513665581061,2.0
1423390095562915849,1.0
1423672567869624322,1.0
1423784521976193031,1.0
1424051485961228295,1.0
1424401002300542981,1.0
1424523244019752965,1.0
1424542423913570307,1.0
1424634156496027656,1.0
1424698080150974465,1.0
1424796524723294215,1.0
1424797446845173778,1.0
1425531663178780681,1.0
1425560065319313418,1.0
1425866189780160514,0.0
1425905213815365634,1.0
1425939253456949252,1.0
1426123212220424193,1.0
1426162251765981187,1.0
1426540276856893441,1.0
1426573306325577733,1.0
1426651135582998531,1.0
1426665286548312067,1.0
1426726511583932416,1.0
1426738406827114505,2.0
1426965765744439300,1.0
1427015461351342080,1.0
1427044343005818885,1.0
1427113908217815041,1.0
1427175306318712832,1.0
1427258589077508100,1.0
1427351911410257934,1.0
1427428437333995550,1.0
1427959621612969988,2.0
1428151019981180932,1.0
1428915745933742082,1.0
1429199892497543174,1.0
1429498190718545923,1.0
1429502438520901633,1.0
1429513454491164676,1.0
1429565763401175048,1.0
1429889184366534662,1.0
1429976728894574594,2.0
1430152342435991556,2.0
1430338907779084288,1.0
1430455294086193157,1.0
1430701123514556426,1.0
1430883215439540230,1.0
1431289619656630272,2.0
1431297071546617857,1.0
1431354715057623041,1.0
1431810217730248706,1.0
1431924843239260160,1.0
1432466218074714113,1.0
1432511719620988929,1.0
1432545138119675905,1.0
1432592905055653889,1.0
1432883948015820803,1.0
1433277962112143360,1.0
1433489836162396166,1.0
1433606604218408963,1.0
1433867054168387590,1.0
1434279894867918850,2.0
1434304146035912704,1.0
1434546559685849088,1.0
1434567543948300290,1.0
1434672280441921538,1.0
1434746856953765888,1.0
1434884225036021762,1.0
1435677654699675654,1.0
1436320286958309377,2.0
1436412482386550784,1.0
1436448639077912576,1.0
1436645135916453889,1.0
1437115306716143616,1.0
1437229574694346753,1.0
1437350036388466695,1.0
1437734637531504644,1.0
1437745884159102988,1.0
1437800221375963143,1.0
1438136202645884928,1.0
1438670371427917832,1.0
1438871779779530755,1.0
1438926139427274756,1.0
1439018845218361345,1.0
1439047013690232832,1.0
1439240496921161733,1.0
1439897031380668416,1.0
1440017850693992452,1.0
1440210198975561733,1.0
1440410375971737604,1.0
1440509126216347656,1.0
1440532151582134272,1.0
1440664285210767367,1.0
1440828246132596736,1.0
1440848337364656137,1.0
1441020558691475456,1.0
1441302197409435648,1.0
1441477945567047680,1.0
1441492423260065795,1.0
1442076364501180423,1.0
1442426176287346696,1.0
1442850635200843792,1.0
1442859286359523329,1.0
1442989306256113667,1.0
1443218100824985600,1.0
1443532517164785664,1.0
1443664767013502976,1.0
1444458812614709250,1.0
1444575052872159234,1.0
1444645407242571778,1.0
1444654432453529609,1.0
1445084795998982150,1.0
1445085426708926465,1.0
1445583571985469450,1.0
1445711825807437837,1.0
1445773757478359044,1.0
1445882748585930752,1.0
1445901048951017472,1.0
1445905244500676608,1.0
1446352422272528385,1.0
1447502440820002819,1.0
1449405859772047365,1.0
