83508245,dckurek,1442922344037552128,7,20
83508245,dckurek,1442922342644998150,26,75
83508245,dckurek,1441902432250859524,758,0
83508245,dckurek,1440394467337334798,3,14
83508245,dckurek,1440126344067629056,1,13
4568748862,ziad_aboultaif,1448021350765957132,0,1
4568748862,ziad_aboultaif,1448021348828295178,1,8
4568748862,ziad_aboultaif,1445768173140148227,0,0
4568748862,ziad_aboultaif,1445768171328184326,0,1
4568748862,ziad_aboultaif,1445493262274351114,1,4
4568748862,ziad_aboultaif,1443293672754200577,0,0
4568748862,ziad_aboultaif,1441610914302734336,2,10
4568748862,ziad_aboultaif,1440337973111709714,4,61
44070432,LailaGoodridge,1447769721416257536,0,23
44070432,LailaGoodridge,1447262697263812612,1,110
44070432,LailaGoodridge,1445835568559001600,13,148
44070432,LailaGoodridge,1443649661047214104,1,33
44070432,LailaGoodridge,1442153254167605249,0,0
44070432,LailaGoodridge,1441536788548386819,0,48
44070432,LailaGoodridge,1440316314711564302,6,128
24558868,DaneLIoydMP,1448754538513641473,21,0
24558868,DaneLIoydMP,1448681760972214276,1,3
24558868,DaneLIoydMP,1447955219929776134,1,5
24558868,DaneLIoydMP,1446653995553017858,140,0
24558868,DaneLIoydMP,1445842100939943939,0,8
24558868,DaneLIoydMP,1445841774111608833,44,0
24558868,DaneLIoydMP,1445782312780664838,9,0
24558868,DaneLIoydMP,1443985858873499664,37,0
24558868,DaneLIoydMP,1443708570055413765,594,0
24558868,DaneLIoydMP,1443557083983589377,4,0
24558868,DaneLIoydMP,1442328923090538503,0,17
24558868,DaneLIoydMP,1442321464137375745,144,0
24558868,DaneLIoydMP,1441773802300469252,566,0
24558868,DaneLIoydMP,1441566462204780550,1504,0
24558868,DaneLIoydMP,1441202381899902977,105,675
24558868,DaneLIoydMP,1441042430992601098,7,0
24558868,DaneLIoydMP,1440779854014607365,5,0
24558868,DaneLIoydMP,1440183058817110016,2,38
24558868,DaneLIoydMP,1440149764050337792,6,0
24215794,R_Boissonnault,1448420209635725315,1,37
24215794,R_Boissonnault,1447370971938111488,0,75
24215794,R_Boissonnault,1447344354205442048,66,0
24215794,R_Boissonnault,1447209235700334595,834,0
24215794,R_Boissonnault,1445906211417645057,40,226
24215794,R_Boissonnault,1445851395928719360,23,0
24215794,R_Boissonnault,1445851384608292866,88,0
24215794,R_Boissonnault,1445851316199194629,49,0
24215794,R_Boissonnault,1445848188993241091,26,93
24215794,R_Boissonnault,1443742401583988738,17,82
24215794,R_Boissonnault,1443622233864216605,5,63
24215794,R_Boissonnault,1443585078471258118,38,231
24215794,R_Boissonnault,1443389714254352384,659,0
24215794,R_Boissonnault,1441192504305467397,282,0
24215794,R_Boissonnault,1440843962755936258,135,0
24215794,R_Boissonnault,1440809619081744387,40,503
24215794,R_Boissonnault,1440809487711944704,16,297
24215794,R_Boissonnault,1440809377439502345,33,415
24215794,R_Boissonnault,1440809250729574404,24,367
24215794,R_Boissonnault,1440809135365246986,467,4269
24215794,R_Boissonnault,1440419956122816519,34,555
24215794,R_Boissonnault,1440418571025203201,64,720
24215794,R_Boissonnault,1440194103380115456,3,38
24215794,R_Boissonnault,1440190306696065031,4,63
24215794,R_Boissonnault,1440123781972840455,21,98
24215794,R_Boissonnault,1440111069821734915,2,26
24215794,R_Boissonnault,1440080881180286978,2,14
24215794,R_Boissonnault,1440035620559065089,1,16
24215794,R_Boissonnault,1440015077705351168,371,0
24215794,R_Boissonnault,1440005429266878468,17,84
24215794,R_Boissonnault,1439959062939013129,7,0
24215794,R_Boissonnault,1439958987248570376,2,0
24215794,R_Boissonnault,1439958964112814080,2,0
24215794,R_Boissonnault,1439945053997252608,12,56
24215794,R_Boissonnault,1439766827282755587,272,0
1425866189780160514,POhara2021,1448446583566131202,1,0
1425866189780160514,POhara2021,1448324799227383810,0,0
1425866189780160514,POhara2021,1448131290641965058,4,48
1425866189780160514,POhara2021,1445929727580061698,0,2
1425866189780160514,POhara2021,1445929070374449152,1,11
1425866189780160514,POhara2021,1444648065433014278,11,0
1425866189780160514,POhara2021,1443920328376393743,14,0
1425866189780160514,POhara2021,1443573732421685251,0,10
1425866189780160514,POhara2021,1443556240475500550,17,0
1425866189780160514,POhara2021,1443548819094966276,19,0
1425866189780160514,POhara2021,1443347005754028039,786,0
1425866189780160514,POhara2021,1443329207505936389,1,0
1425866189780160514,POhara2021,1443231885744906245,32,0
1425866189780160514,POhara2021,1442560733162532864,11,0
1425866189780160514,POhara2021,1442553671301181440,14,0
1425866189780160514,POhara2021,1441178159752306688,0,1
1425866189780160514,POhara2021,1441115535026974721,15,0
1425866189780160514,POhara2021,1441010819202961413,0,1
1425866189780160514,POhara2021,1441002591173939200,0,2
1425866189780160514,POhara2021,1440894470409662470,16,116
1425866189780160514,POhara2021,1440885982597943297,34,0
1425866189780160514,POhara2021,1440729299582001156,20,0
1425866189780160514,POhara2021,1440069329739870215,0,4
1425866189780160514,POhara2021,1440067613648850945,24,0
1425866189780160514,POhara2021,1439926233521954816,113,0
1425866189780160514,POhara2021,1439783117494145026,3,5
1425866189780160514,POhara2021,1439782906067660803,0,1
1425866189780160514,POhara2021,1439765033437827078,50,0
1420552213253038080,NathalieSincla3,1446462949858611213,107,0
1420552213253038080,NathalieSincla3,1445460691972866059,9,43
1420552213253038080,NathalieSincla3,1440322679651782674,0,0
1420552213253038080,NathalieSincla3,1440322302801895424,0,0
1420552213253038080,NathalieSincla3,1440322108379185159,0,0
1420552213253038080,NathalieSincla3,1440321570497458186,0,1
1420552213253038080,NathalieSincla3,1440321464750653443,1,1
1420552213253038080,NathalieSincla3,1440321313998925827,0,0
1420552213253038080,NathalieSincla3,1440320778214412301,0,0
1420552213253038080,NathalieSincla3,1440320623067033602,0,2
1420552213253038080,NathalieSincla3,1440320200549670918,0,0
1420552213253038080,NathalieSincla3,1440320075974676491,0,0
1420552213253038080,NathalieSincla3,1440319784860540943,0,1
1420552213253038080,NathalieSincla3,1440319585526304774,0,0
1420552213253038080,NathalieSincla3,1440319213080432657,0,1
1420552213253038080,NathalieSincla3,1440319096646553601,0,1
1420552213253038080,NathalieSincla3,1440318864923906055,1,3
1420552213253038080,NathalieSincla3,1440318721969455109,0,0
1420552213253038080,NathalieSincla3,1440318551210872837,0,1
1420552213253038080,NathalieSincla3,1440318336206737419,0,0
1420552213253038080,NathalieSincla3,1440318204367147018,0,1
1420552213253038080,NathalieSincla3,1440317915526361099,0,0
1420552213253038080,NathalieSincla3,1440317696101421067,0,0
1420552213253038080,NathalieSincla3,1440317512378294283,0,1
1420552213253038080,NathalieSincla3,1440317146936983562,1,2
1420552213253038080,NathalieSincla3,1440316874709893130,2,4
1420552213253038080,NathalieSincla3,1440316697995460613,0,1
1420552213253038080,NathalieSincla3,1440288149507166217,19,110
1420552213253038080,NathalieSincla3,1440035653505339394,0,0
1420552213253038080,NathalieSincla3,1439924961834147842,39,206
335769776,jwaldag,1448572059571744774,0,9
335769776,jwaldag,1447042070040887301,2,4
335769776,jwaldag,1446389039079198727,3,0
335769776,jwaldag,1446024350168059910,1,0
335769776,jwaldag,1446024155367804936,1,0
335769776,jwaldag,1443764602383343616,7,0
335769776,jwaldag,1443450092346818563,13,240
335769776,jwaldag,1442559939004678147,0,13
335769776,jwaldag,1441294145134350339,0,0
335769776,jwaldag,1441241719610109952,5,53
335769776,jwaldag,1440184186933972992,3,34
335769776,jwaldag,1440184185524613129,4,44
335769776,jwaldag,1440184184144687108,2,26
335769776,jwaldag,1440184182659948551,29,359
335769776,jwaldag,1440120214507728896,4,12
335769776,jwaldag,1440048084772261891,1,10
335769776,jwaldag,1440029283397685257,3,14
335769776,jwaldag,1439965116410253313,6,10
335769776,jwaldag,1439773209130270723,10,42
401738614,BerubeABJNE,1445428518758797321,0,8
401738614,BerubeABJNE,1443596051651387397,19,0
401738614,BerubeABJNE,1443288218649174017,32,0
401738614,BerubeABJNE,1443218400600338432,2,4
401738614,BerubeABJNE,1442482565227626497,7,29
401738614,BerubeABJNE,1440164387298242567,10,0
401738614,BerubeABJNE,1440155396358819846,4,19
401738614,BerubeABJNE,1440003636059418624,5,26
401738614,BerubeABJNE,1439960994185420800,11,17
1173429508034220032,ClaudeDBF_bq,1440713183237267467,21,0
1173429508034220032,ClaudeDBF_bq,1440178469682376708,1,7
1187132490684784642,LouiseChabotBQ,1445439994752118790,4,42
16279532,terrybeech,1446646569101451264,0,0
16279532,terrybeech,1446568358434918400,311,0
16279532,terrybeech,1446568241644539906,90,0
16279532,terrybeech,1446568167279509509,59,0
16279532,terrybeech,1446568158286938112,379,0
16279532,terrybeech,1446160226370031618,24,0
16279532,terrybeech,1446160206187012121,338,0
16279532,terrybeech,1446160183768535040,220,0
16279532,terrybeech,1445222022733197314,203,0
16279532,terrybeech,1445222006870319108,751,0
16279532,terrybeech,1444083058412457984,120,0
16279532,terrybeech,1443966314704347142,301,0
16279532,terrybeech,1443647831714193412,30,0
16279532,terrybeech,1443635300413186064,223,0
16279532,terrybeech,1443596194299748352,1,1
16279532,terrybeech,1443595141353283585,167,0
16279532,terrybeech,1443595007672430594,353,0
16279532,terrybeech,1443594912478515204,0,2
16279532,terrybeech,1443594868593500165,9,7
16279532,terrybeech,1443594645334896647,0,1
16279532,terrybeech,1443594568117719046,0,1
16279532,terrybeech,1443594491617812484,0,1
16279532,terrybeech,1443594326982987777,0,1
16279532,terrybeech,1443594196938547205,0,1
16279532,terrybeech,1443593676492525569,7,21
16279532,terrybeech,1443593505272705024,21,0
16279532,terrybeech,1443593491079057414,18,0
16279532,terrybeech,1443593476071956480,14,0
16279532,terrybeech,1443593442429489156,552,0
16279532,terrybeech,1443393753583030272,56,0
16279532,terrybeech,1443393735165767682,42,0
16279532,terrybeech,1443281983921000448,30,0
16279532,terrybeech,1443281956888666112,140,0
16279532,terrybeech,1443281734536077312,350,0
16279532,terrybeech,1443244122530189315,230,0
16279532,terrybeech,1443243985791639552,106,0
16279532,terrybeech,1442510397517357064,2,4
16279532,terrybeech,1442509063716175877,678,0
16279532,terrybeech,1440357169371574284,80,0
16279532,terrybeech,1440334411531112452,3,0
16279532,terrybeech,1440172998527315976,3,0
16279532,terrybeech,1440140755243261952,0,12
16279532,terrybeech,1440140628189343745,43,0
16279532,terrybeech,1440140616487170060,14,0
16279532,terrybeech,1440140265549750274,137,0
16279532,terrybeech,1440139867250315268,175,0
16279532,terrybeech,1440115215144681476,0,1
16279532,terrybeech,1440106467739066370,1008,0
16279532,terrybeech,1440102535017107456,442,0
16279532,terrybeech,1440101064372469767,540,0
16279532,terrybeech,1440101031380066309,63,0
16279532,terrybeech,1440100717549686789,1,0
16279532,terrybeech,1440010628932927490,1116,0
16279532,terrybeech,1440010531444707328,77,0
16279532,terrybeech,1440010406769008644,538,0
16279532,terrybeech,1440010391673720833,168,0
16279532,terrybeech,1440010071681822724,118,0
16279532,terrybeech,1440010048177016837,147,0
16279532,terrybeech,1440010018967883776,615,0
16279532,terrybeech,1439992200075485184,1,0
16279532,terrybeech,1439992034182373377,6,0
16279532,terrybeech,1439852678524203009,23,0
16279532,terrybeech,1439852678478139393,6,0
16279532,terrybeech,1439852523167236100,12,0
16279532,terrybeech,1439852484441214976,2,0
16279532,terrybeech,1439765828744847363,581,0
16279532,terrybeech,1439746663053086720,3,0
216469057,seblemire,1446268737661833217,29,0
216469057,seblemire,1446206610997657612,53,0
216469057,seblemire,1445810301191000066,1,8
216469057,seblemire,1440304214899519489,0,0
216469057,seblemire,1440304078517510147,0,2
216469057,seblemire,1440181114996346888,3,39
216469057,seblemire,1440049399065833482,0,2
216469057,seblemire,1439775507621556224,1,2
216469057,seblemire,1439757615039459334,0,8
1342125115383939073,JeanDenisGaron1,1448716414777442305,0,1
1342125115383939073,JeanDenisGaron1,1447639426889306118,6,0
1342125115383939073,JeanDenisGaron1,1447541951587364864,0,17
1342125115383939073,JeanDenisGaron1,1447259017076744194,6,0
1342125115383939073,JeanDenisGaron1,1447210819352252422,1,25
1342125115383939073,JeanDenisGaron1,1446879900460269584,3,0
1342125115383939073,JeanDenisGaron1,1446823282242727939,3,8
1342125115383939073,JeanDenisGaron1,1446810457801695234,0,0
1342125115383939073,JeanDenisGaron1,1446808945281077252,0,11
1342125115383939073,JeanDenisGaron1,1446640685856210947,33,0
1342125115383939073,JeanDenisGaron1,1446497205351817230,10,27
1342125115383939073,JeanDenisGaron1,1446466721867608065,9,0
1342125115383939073,JeanDenisGaron1,1446447237731606533,5,0
1342125115383939073,JeanDenisGaron1,1446437314083934223,19,0
1342125115383939073,JeanDenisGaron1,1446277769185447943,7,60
1342125115383939073,JeanDenisGaron1,1446207569182220294,48,0
1342125115383939073,JeanDenisGaron1,1446203827510816768,25,0
1342125115383939073,JeanDenisGaron1,1446178211356938244,53,0
1342125115383939073,JeanDenisGaron1,1446137826526040064,11,0
1342125115383939073,JeanDenisGaron1,1446070045981937664,16,0
1342125115383939073,JeanDenisGaron1,1445436561730965520,17,161
1342125115383939073,JeanDenisGaron1,1445422627900821511,15,0
1342125115383939073,JeanDenisGaron1,1445134704324251650,44,376
1342125115383939073,JeanDenisGaron1,1445028356794327050,8,0
1342125115383939073,JeanDenisGaron1,1445027971853606915,46,0
1342125115383939073,JeanDenisGaron1,1444423742038364162,32,0
1342125115383939073,JeanDenisGaron1,1444315142548869124,120,0
1342125115383939073,JeanDenisGaron1,1443935157845729287,24,0
1342125115383939073,JeanDenisGaron1,1443924290747965462,6,0
1342125115383939073,JeanDenisGaron1,1443551398612946947,19,0
1342125115383939073,JeanDenisGaron1,1443551362185371650,17,75
1342125115383939073,JeanDenisGaron1,1443546707942428678,1,6
1342125115383939073,JeanDenisGaron1,1443313703848484869,0,1
1342125115383939073,JeanDenisGaron1,1443280126712717316,786,0
1342125115383939073,JeanDenisGaron1,1443176658740056066,0,6
1342125115383939073,JeanDenisGaron1,1442997968085393412,854,0
1342125115383939073,JeanDenisGaron1,1442157504960426000,4,35
1342125115383939073,JeanDenisGaron1,1442104683561201670,46,0
1342125115383939073,JeanDenisGaron1,1442103353559900160,48,0
1342125115383939073,JeanDenisGaron1,1441380788973436937,103,0
1342125115383939073,JeanDenisGaron1,1441221436320845826,589,0
1342125115383939073,JeanDenisGaron1,1441130155196313609,7,53
1342125115383939073,JeanDenisGaron1,1441011767040221187,35,0
1342125115383939073,JeanDenisGaron1,1440821104000442371,54,0
1342125115383939073,JeanDenisGaron1,1440817638397997063,2,53
1342125115383939073,JeanDenisGaron1,1440726180894679050,4,0
1342125115383939073,JeanDenisGaron1,1440658436530655252,0,1
1342125115383939073,JeanDenisGaron1,1440657844395659274,0,1
1342125115383939073,JeanDenisGaron1,1440657163714646038,6,0
1342125115383939073,JeanDenisGaron1,1440646260998868995,0,1
1342125115383939073,JeanDenisGaron1,1440191950875811840,14,229
1342125115383939073,JeanDenisGaron1,1440177316122927108,0,7
1342125115383939073,JeanDenisGaron1,1439934506966847489,39,165
1342125115383939073,JeanDenisGaron1,1439927821925761033,113,0
1342125115383939073,JeanDenisGaron1,1439926420994760704,10,44
1342125115383939073,JeanDenisGaron1,1439765026970210308,32,0
273262205,A_Larouche_Shef,1448496364967579648,0,4
273262205,A_Larouche_Shef,1448016922851872785,0,11
273262205,A_Larouche_Shef,1447610722972803075,6,17
273262205,A_Larouche_Shef,1447376292001812481,6,17
273262205,A_Larouche_Shef,1446855369985347588,4,18
273262205,A_Larouche_Shef,1446681302246297601,1,4
273262205,A_Larouche_Shef,1446320110365462537,10,52
273262205,A_Larouche_Shef,1445962690070032388,12,0
273262205,A_Larouche_Shef,1445166578950082562,1,8
273262205,A_Larouche_Shef,1444704011161161734,0,9
273262205,A_Larouche_Shef,1444424047052394499,0,7
273262205,A_Larouche_Shef,1443993495606284292,7,21
273262205,A_Larouche_Shef,1443636304432992261,45,0
273262205,A_Larouche_Shef,1443286806112448513,3,19
273262205,A_Larouche_Shef,1443064744311762947,2,13
273262205,A_Larouche_Shef,1442335983035289602,0,2
273262205,A_Larouche_Shef,1441115166410625030,15,58
273262205,A_Larouche_Shef,1440756590416592912,2,26
273262205,A_Larouche_Shef,1440756164443078662,20,0
273262205,A_Larouche_Shef,1440334290621919241,0,2
273262205,A_Larouche_Shef,1440213125903437825,8,131
273262205,A_Larouche_Shef,1440046161402884106,0,3
273262205,A_Larouche_Shef,1440045288543059971,8,27
3234862179,BlanchetteMax,1448430035317272582,0,0
3234862179,BlanchetteMax,1447531870036676616,3,18
3234862179,BlanchetteMax,1446593278728675330,0,2
3234862179,BlanchetteMax,1446517543917785090,32,0
3234862179,BlanchetteMax,1445860553273102342,1,6
3234862179,BlanchetteMax,1445524137422700549,0,6
3234862179,BlanchetteMax,1444081069909815296,1,5
3234862179,BlanchetteMax,1443629110480277509,0,1
3234862179,BlanchetteMax,1443357243504799747,786,0
3234862179,BlanchetteMax,1442595609228165120,11,0
3234862179,BlanchetteMax,1442536113571344384,48,0
3234862179,BlanchetteMax,1441491272460554243,72,0
3234862179,BlanchetteMax,1441035140071710730,7,36
3234862179,BlanchetteMax,1440347488280465418,0,1
3234862179,BlanchetteMax,1440321841604694020,0,2
3234862179,BlanchetteMax,1440201721158856704,0,0
3234862179,BlanchetteMax,1440165730956177415,12,0
3234862179,BlanchetteMax,1440165175575805960,3,30
3234862179,BlanchetteMax,1440008837889773571,9,26
3234862179,BlanchetteMax,1439907304808321024,8,35
3234862179,BlanchetteMax,1439781097039089667,25,0
261772246,mariosimardbq,1447681178828484616,0,3
261772246,mariosimardbq,1447632543856177158,0,1
261772246,mariosimardbq,1446468632230367242,7,18
261772246,mariosimardbq,1446431805964537883,6,11
261772246,mariosimardbq,1446277282545418250,0,22
261772246,mariosimardbq,1446254179073286145,19,0
261772246,mariosimardbq,1446080050294575110,1,1
261772246,mariosimardbq,1445889777392254979,0,1
261772246,mariosimardbq,1444336366947602432,10,0
261772246,mariosimardbq,1443297099202940941,786,0
261772246,mariosimardbq,1443214763828387845,26,0
261772246,mariosimardbq,1442110667541008407,5,19
261772246,mariosimardbq,1441488431453024259,0,1
261772246,mariosimardbq,1441478987360866307,0,2
261772246,mariosimardbq,1440803734917836804,7,67
261772246,mariosimardbq,1440788298453032960,1,23
261772246,mariosimardbq,1440747787071541251,21,0
261772246,mariosimardbq,1440425126860767233,859,0
261772246,mariosimardbq,1440421985155092484,0,6
261772246,mariosimardbq,1440387073425375248,5,45
261772246,mariosimardbq,1439960295896723464,7,45
261772246,mariosimardbq,1439918705257984006,113,0
38625077,sukhdhaliwal,1448704187416473602,2,0
38625077,sukhdhaliwal,1448702915934179329,1,5
38625077,sukhdhaliwal,1448320789619507207,1,3
38625077,sukhdhaliwal,1448300846022742023,1,2
38625077,sukhdhaliwal,1447993174614364161,2,10
38625077,sukhdhaliwal,1447250233524580352,1,19
38625077,sukhdhaliwal,1446924495151779841,0,10
38625077,sukhdhaliwal,1446601591721582597,1,6
38625077,sukhdhaliwal,1446590318422286339,0,2
38625077,sukhdhaliwal,1446497967884562442,1,4
38625077,sukhdhaliwal,1446202579172552704,2,3
38625077,sukhdhaliwal,1446191277326798865,149,0
38625077,sukhdhaliwal,1446190932487901210,338,0
38625077,sukhdhaliwal,1446172873937195009,2,15
38625077,sukhdhaliwal,1445919454160773124,8,29
38625077,sukhdhaliwal,1445835650834436102,61,0
38625077,sukhdhaliwal,1445783623467032577,0,6
38625077,sukhdhaliwal,1445773305999347714,44,0
38625077,sukhdhaliwal,1445667996144332806,0,0
38625077,sukhdhaliwal,1445623639122989057,5,28
38625077,sukhdhaliwal,1445038821314207744,2,27
38625077,sukhdhaliwal,1444402789128364035,1,5
38625077,sukhdhaliwal,1443986888092573698,0,0
38625077,sukhdhaliwal,1443764887046348806,1,19
38625077,sukhdhaliwal,1443672443139198985,1,21
38625077,sukhdhaliwal,1443579883385278467,1,1
38625077,sukhdhaliwal,1443579879811813390,1,1
38625077,sukhdhaliwal,1443579873885245444,1,6
38625077,sukhdhaliwal,1443313374704508930,2,7
38625077,sukhdhaliwal,1443279689980596225,4,6
38625077,sukhdhaliwal,1443258933628444673,2,3
38625077,sukhdhaliwal,1443016957465284608,23,125
38625077,sukhdhaliwal,1443003866077753347,4,17
38625077,sukhdhaliwal,1442918080124907521,1,4
38625077,sukhdhaliwal,1442913510485217280,27,0
38625077,sukhdhaliwal,1442568398383185922,1,5
38625077,sukhdhaliwal,1442497265575157765,0,7
38625077,sukhdhaliwal,1441844641922383875,1,8
38625077,sukhdhaliwal,1441807200964395016,3,12
38625077,sukhdhaliwal,1441581668691689473,0,11
38625077,sukhdhaliwal,1441121185404624896,1,24
38625077,sukhdhaliwal,1440780222803046404,6,24
38625077,sukhdhaliwal,1440400227362492421,2,10
38625077,sukhdhaliwal,1440338544698937356,4,67
1063494232126689280,JulieVignolaBL,1447921377122693134,0,2
1063494232126689280,JulieVignolaBL,1447919727595200522,0,6
1063494232126689280,JulieVignolaBL,1447763085813485572,0,1
1063494232126689280,JulieVignolaBL,1447729299155476480,0,1
1063494232126689280,JulieVignolaBL,1447709785927847937,3,19
1063494232126689280,JulieVignolaBL,1447661959575482369,0,6
1063494232126689280,JulieVignolaBL,1447659437959880706,0,2
1063494232126689280,JulieVignolaBL,1447656026791202817,0,0
1063494232126689280,JulieVignolaBL,1447655654328619012,0,0
1063494232126689280,JulieVignolaBL,1447655379727536133,1,8
1063494232126689280,JulieVignolaBL,1447647106035032077,0,1
1063494232126689280,JulieVignolaBL,1447644658453123084,0,1
1063494232126689280,JulieVignolaBL,1447641214967328774,0,1
1063494232126689280,JulieVignolaBL,1447637048987357186,0,2
1063494232126689280,JulieVignolaBL,1447636941533552646,0,12
1063494232126689280,JulieVignolaBL,1447581084137492486,11,28
1063494232126689280,JulieVignolaBL,1447581082505949186,14,39
1063494232126689280,JulieVignolaBL,1447581081432207363,25,59
1063494232126689280,JulieVignolaBL,1447213601006276608,2,23
1063494232126689280,JulieVignolaBL,1446838316654120960,0,2
1063494232126689280,JulieVignolaBL,1446330633341620224,0,6
1063494232126689280,JulieVignolaBL,1445795611865874435,3,33
1063494232126689280,JulieVignolaBL,1445610483722059786,3,20
1063494232126689280,JulieVignolaBL,1445543252342444042,0,36
1063494232126689280,JulieVignolaBL,1444727005069578241,0,1
1063494232126689280,JulieVignolaBL,1444709490226520069,0,1
1063494232126689280,JulieVignolaBL,1444678069986398217,0,0
1063494232126689280,JulieVignolaBL,1444673140207013889,1,29
1063494232126689280,JulieVignolaBL,1444464343882600448,0,2
1063494232126689280,JulieVignolaBL,1444291273519734785,0,5
1063494232126689280,JulieVignolaBL,1444282481725906946,0,6
1063494232126689280,JulieVignolaBL,1444095694801883138,4,22
1063494232126689280,JulieVignolaBL,1442259682630914052,0,1
1063494232126689280,JulieVignolaBL,1442251335257182210,0,3
1063494232126689280,JulieVignolaBL,1442206828058787841,0,8
1063494232126689280,JulieVignolaBL,1442203482077888513,0,9
1063494232126689280,JulieVignolaBL,1442200067918663683,0,3
1063494232126689280,JulieVignolaBL,1442192543249154055,0,2
1063494232126689280,JulieVignolaBL,1442158701528457219,89,321
1063494232126689280,JulieVignolaBL,1442153191811031041,18,58
1063494232126689280,JulieVignolaBL,1441793916144168961,0,1
1063494232126689280,JulieVignolaBL,1441777867621158926,0,1
1063494232126689280,JulieVignolaBL,1441066445383819267,0,1
1063494232126689280,JulieVignolaBL,1441066303146512397,0,0
1063494232126689280,JulieVignolaBL,1440995733377884161,0,0
1063494232126689280,JulieVignolaBL,1440810834737844231,3,49
1063494232126689280,JulieVignolaBL,1440808124449890312,1,1
1063494232126689280,JulieVignolaBL,1440777647190011907,19,61
1063494232126689280,JulieVignolaBL,1440487199674290189,0,1
1063494232126689280,JulieVignolaBL,1440454299331350533,0,2
1063494232126689280,JulieVignolaBL,1440400417578311687,0,4
1063494232126689280,JulieVignolaBL,1440368527077097481,0,0
1063494232126689280,JulieVignolaBL,1440367678540054535,0,1
1063494232126689280,JulieVignolaBL,1440352330356957196,0,1
1063494232126689280,JulieVignolaBL,1440224506069405697,19,120
1063494232126689280,JulieVignolaBL,1440223785530003456,26,0
1063494232126689280,JulieVignolaBL,1440173646236971016,5,47
1063494232126689280,JulieVignolaBL,1440173329776668677,2,8
1063494232126689280,JulieVignolaBL,1440173176193884164,3,10
1063494232126689280,JulieVignolaBL,1440173000926531584,4,17
1063494232126689280,JulieVignolaBL,1440172609568608262,2,17
1063494232126689280,JulieVignolaBL,1440172380677029898,4,9
1063494232126689280,JulieVignolaBL,1440170011402784774,2,12
1063494232126689280,JulieVignolaBL,1440169607411634187,2,9
1063494232126689280,JulieVignolaBL,1440169355304583176,1,15
1063494232126689280,JulieVignolaBL,1440168906446893059,2,20
1063494232126689280,JulieVignolaBL,1440168456024821763,1,9
1063494232126689280,JulieVignolaBL,1440167971280744453,1,11
1063494232126689280,JulieVignolaBL,1440159101204385799,0,11
1063494232126689280,JulieVignolaBL,1440158460218265612,0,11
1063494232126689280,JulieVignolaBL,1440158284342693897,0,11
1063494232126689280,JulieVignolaBL,1440151000539549702,2,12
1063494232126689280,JulieVignolaBL,1440146939853430785,0,8
1063494232126689280,JulieVignolaBL,1440146546406817794,0,12
1063494232126689280,JulieVignolaBL,1440146339161993216,0,11
1063494232126689280,JulieVignolaBL,1440072260300070912,0,1
1063494232126689280,JulieVignolaBL,1439995766429437957,8,32
335361064,martchampoux,1448044157373755398,6,12
335361064,martchampoux,1447549181372076033,1,10
335361064,martchampoux,1446611357034549251,0,1
335361064,martchampoux,1446610502793277442,5,0
335361064,martchampoux,1446569446454276098,0,1
335361064,martchampoux,1446569184712957956,6,19
335361064,martchampoux,1446508184286416900,32,0
335361064,martchampoux,1446211732309958661,7,40
335361064,martchampoux,1445501609253818376,0,6
335361064,martchampoux,1445439046415749124,20,100
335361064,martchampoux,1443754341026959367,1,9
335361064,martchampoux,1443012336793620489,33,69
335361064,martchampoux,1442113375056453635,37,135
335361064,martchampoux,1441399898486677515,0,0
335361064,martchampoux,1441114464862965773,0,1
335361064,martchampoux,1441089812736274433,0,1
335361064,martchampoux,1441063979305013248,0,5
335361064,martchampoux,1441049455801692170,0,13
335361064,martchampoux,1440850555321024516,0,15
335361064,martchampoux,1440360741685497859,2,0
335361064,martchampoux,1440332738393829392,0,1
335361064,martchampoux,1440332033616596993,1,20
335361064,martchampoux,1440331844667404290,4,52
335361064,martchampoux,1440014133165006851,3,7
1125543746697924609,MHGaudreauBQ,1447952936382906368,15,54
1125543746697924609,MHGaudreauBQ,1447654744126861315,1,28
1125543746697924609,MHGaudreauBQ,1447532828636422144,1,14
1125543746697924609,MHGaudreauBQ,1447233920056107015,4,11
1125543746697924609,MHGaudreauBQ,1446587582574436357,9,50
1125543746697924609,MHGaudreauBQ,1446488639362453508,0,2
1125543746697924609,MHGaudreauBQ,1446099961448443910,5,14
1125543746697924609,MHGaudreauBQ,1445753246082080769,12,43
1125543746697924609,MHGaudreauBQ,1445011400364109824,5,10
1125543746697924609,MHGaudreauBQ,1443907057019539457,3,6
1125543746697924609,MHGaudreauBQ,1443683741520564242,12,38
1125543746697924609,MHGaudreauBQ,1443250467228852226,8,22
1125543746697924609,MHGaudreauBQ,1442831786019524610,36,0
1125543746697924609,MHGaudreauBQ,1442622579919966208,0,0
1125543746697924609,MHGaudreauBQ,1442565575272697860,0,5
1125543746697924609,MHGaudreauBQ,1442524934081765377,31,95
1125543746697924609,MHGaudreauBQ,1441876054654824453,2,11
1125543746697924609,MHGaudreauBQ,1441844361298268162,4,18
1125543746697924609,MHGaudreauBQ,1441513748582199298,2,3
1125543746697924609,MHGaudreauBQ,1441454607759130631,6,13
1125543746697924609,MHGaudreauBQ,1441033384306806784,19,0
1125543746697924609,MHGaudreauBQ,1441033229654536193,35,0
1125543746697924609,MHGaudreauBQ,1440896013888364544,34,0
1125543746697924609,MHGaudreauBQ,1440895983555072000,16,0
1125543746697924609,MHGaudreauBQ,1440866851823644673,0,2
1125543746697924609,MHGaudreauBQ,1440782358869798914,30,0
1125543746697924609,MHGaudreauBQ,1440776980585086981,17,106
1125543746697924609,MHGaudreauBQ,1440156731225436160,14,0
1125543746697924609,MHGaudreauBQ,1440133716911738880,3,42
1125543746697924609,MHGaudreauBQ,1440112626206486529,2,14
1125543746697924609,MHGaudreauBQ,1440053337194258433,2,3
1125543746697924609,MHGaudreauBQ,1440016705825214465,1,3
1125543746697924609,MHGaudreauBQ,1439974792246005760,16,33
1125543746697924609,MHGaudreauBQ,1439925687318626306,26,44
25127782,HedyFry,1448751725620473861,1,1
25127782,HedyFry,1448741307141156876,5,0
25127782,HedyFry,1448740479944716288,293,0
25127782,HedyFry,1448722046498721792,4,8
25127782,HedyFry,1448661133045297159,7,5
25127782,HedyFry,1448396887787294721,0,0
25127782,HedyFry,1448374238981787650,2,2
25127782,HedyFry,1448362780168388608,5,15
25127782,HedyFry,1448359862698610690,2,3
25127782,HedyFry,1448355256161628163,2,1
25127782,HedyFry,1448355218991710212,1,0
25127782,HedyFry,1448354783266435076,1,9
25127782,HedyFry,1448353847483650048,4,11
25127782,HedyFry,1448340036387102729,11,0
25127782,HedyFry,1448293706122006536,2,3
25127782,HedyFry,1448082312290312197,4,22
25127782,HedyFry,1448065043577274370,2,4
25127782,HedyFry,1448064993790881798,0,2
25127782,HedyFry,1448063438954057729,5,15
25127782,HedyFry,1448063077837012992,2,8
25127782,HedyFry,1448062508049186819,7,0
25127782,HedyFry,1448062007748415491,1,15
25127782,HedyFry,1448061814533550083,26,0
25127782,HedyFry,1448061563819069446,70,0
25127782,HedyFry,1448061162944303104,6,0
25127782,HedyFry,1448060909436354565,0,1
25127782,HedyFry,1448059194125402113,102,0
25127782,HedyFry,1448059089460740098,10,0
25127782,HedyFry,1448058271550435331,0,1
25127782,HedyFry,1448057128720076801,17,0
25127782,HedyFry,1448055260581285889,0,1
25127782,HedyFry,1448046837588381699,0,3
25127782,HedyFry,1447972310749630469,2,5
25127782,HedyFry,1447635624165617665,6,19
25127782,HedyFry,1447590321790017539,3,6
25127782,HedyFry,1447558867475435521,3,12
25127782,HedyFry,1447269753349808129,1,2
25127782,HedyFry,1447268733731233794,1,8
25127782,HedyFry,1446987602192699402,66,280
25127782,HedyFry,1446975148351913991,1,4
25127782,HedyFry,1446928640696934400,0,1
25127782,HedyFry,1446928173724102661,119,0
25127782,HedyFry,1446927765379293185,2,0
25127782,HedyFry,1446927418065764354,3,37
25127782,HedyFry,1446926966016278529,24,0
25127782,HedyFry,1446925393177366531,39,0
25127782,HedyFry,1446925294095400961,682,0
25127782,HedyFry,1446923139376582656,0,2
25127782,HedyFry,1446922525762473984,1,4
25127782,HedyFry,1446921925859561474,10,0
25127782,HedyFry,1446921323930800129,3881,0
25127782,HedyFry,1446920156140097536,0,1
25127782,HedyFry,1446919801004191746,0,1
25127782,HedyFry,1446919467846361090,0,3
25127782,HedyFry,1446918820463927297,691,0
25127782,HedyFry,1446918704071995392,0,1
25127782,HedyFry,1446886136102592512,2,2
25127782,HedyFry,1446869508006694913,3,9
25127782,HedyFry,1446602562581499904,5,8
25127782,HedyFry,1446582430857584643,2,11
25127782,HedyFry,1446569850722258958,6,12
25127782,HedyFry,1446562298055864323,1,3
25127782,HedyFry,1446551023926054935,2,13
25127782,HedyFry,1446540550513979395,3,6
25127782,HedyFry,1446319863358574594,4,9
25127782,HedyFry,1446318302800736257,0,2
25127782,HedyFry,1446231366383845376,2,1
25127782,HedyFry,1446193229687230468,13,0
25127782,HedyFry,1446192392806141976,831,0
25127782,HedyFry,1446191106098618377,2,3
25127782,HedyFry,1446187039943102475,2797,0
25127782,HedyFry,1446186627018067984,825,0
25127782,HedyFry,1446182678886158354,23,38
25127782,HedyFry,1446174613860327424,9,10
25127782,HedyFry,1445939772682235907,2250,0
25127782,HedyFry,1445925765372006401,5,19
25127782,HedyFry,1445911675299790849,2,12
25127782,HedyFry,1445871555129470983,4,7
25127782,HedyFry,1445857314859225093,24,0
25127782,HedyFry,1445855117777932292,4,11
25127782,HedyFry,1445854633478410243,440,0
25127782,HedyFry,1445853824720064513,81,0
25127782,HedyFry,1445849866735816704,14,0
25127782,HedyFry,1445839299815960581,1074,0
25127782,HedyFry,1445839250302267395,74,0
25127782,HedyFry,1445839144274444296,67,0
25127782,HedyFry,1445835028106076162,30,0
25127782,HedyFry,1445835003556864005,0,0
25127782,HedyFry,1445833028643684356,167,0
25127782,HedyFry,1445829086081814533,22,0
25127782,HedyFry,1445826146847711236,8,0
25127782,HedyFry,1445819266058444801,16,31
25127782,HedyFry,1445726793810554881,1,2
25127782,HedyFry,1445563467981721602,5,7
25127782,HedyFry,1445562589056933889,268,0
25127782,HedyFry,1445562145530253312,27,0
25127782,HedyFry,1445559696962641922,2,0
25127782,HedyFry,1445511623859314697,6,8
25127782,HedyFry,1445494613008007172,4,10
25127782,HedyFry,1445427318755897347,6,17
24990450,renevillemure,1448717613358518274,3,8
24990450,renevillemure,1448717153453096962,5,5
24990450,renevillemure,1447991301467774983,10,83
24990450,renevillemure,1446311331255275523,0,6
24990450,renevillemure,1446272475642408967,3,32
24990450,renevillemure,1446272264555597827,0,14
24990450,renevillemure,1446272100176744450,3,25
24990450,renevillemure,1446270801750151173,31,298
24990450,renevillemure,1446270744477020161,1,11
24990450,renevillemure,1446270678420840448,2,49
24990450,renevillemure,1446243425922265088,19,38
24990450,renevillemure,1446146202366615552,0,5
24990450,renevillemure,1443407297204690946,1,16
24990450,renevillemure,1440902348050767872,0,1
24990450,renevillemure,1440834137548492802,34,267
309715967,RhealFortin,1440173110339067913,8,0
3025416359,yvesperronbq,1445363841756540934,0,6
3025416359,yvesperronbq,1443915667896508416,6,39
3025416359,yvesperronbq,1443600792003522562,0,15
3025416359,yvesperronbq,1443313992563298315,1,6
3025416359,yvesperronbq,1441037528056872966,0,33
3025416359,yvesperronbq,1440719473917366273,4,0
3025416359,yvesperronbq,1440719401800515587,21,0
3025416359,yvesperronbq,1440475627388235779,48,0
3025416359,yvesperronbq,1440385424346599430,5,85
3025416359,yvesperronbq,1440321966938812435,18,163
3025416359,yvesperronbq,1440032983059079178,5,14
3025416359,yvesperronbq,1439788121223270403,16,40
1143229947932229632,LucDesiletsBQ,1447633321513598976,0,0
1143229947932229632,LucDesiletsBQ,1447574092446568453,0,0
1143229947932229632,LucDesiletsBQ,1447569143897677826,1,20
1143229947932229632,LucDesiletsBQ,1447559811109883905,36,105
1143229947932229632,LucDesiletsBQ,1447558234894651397,5,0
1143229947932229632,LucDesiletsBQ,1447314721636503553,0,2
1143229947932229632,LucDesiletsBQ,1447211400976388099,0,0
1143229947932229632,LucDesiletsBQ,1447211228896563202,3,28
1143229947932229632,LucDesiletsBQ,1447189687941140486,6,13
1143229947932229632,LucDesiletsBQ,1447017092943945732,57,227
1143229947932229632,LucDesiletsBQ,1446969719530065922,0,0
1143229947932229632,LucDesiletsBQ,1446949293605146631,0,1
1143229947932229632,LucDesiletsBQ,1446559145440776209,10,21
1143229947932229632,LucDesiletsBQ,1446302280723181605,56,158
1143229947932229632,LucDesiletsBQ,1445943757107515396,0,6
1143229947932229632,LucDesiletsBQ,1445942021382868996,36,127
1143229947932229632,LucDesiletsBQ,1445941588488822786,2,8
1143229947932229632,LucDesiletsBQ,1445891921709191168,1,8
1143229947932229632,LucDesiletsBQ,1445802468340912133,3,18
1143229947932229632,LucDesiletsBQ,1445756494780125193,5,34
1143229947932229632,LucDesiletsBQ,1444111783627829249,1,13
1143229947932229632,LucDesiletsBQ,1444074024221487106,0,1
1143229947932229632,LucDesiletsBQ,1443994323721326602,2,10
1143229947932229632,LucDesiletsBQ,1443559451659841541,19,0
1143229947932229632,LucDesiletsBQ,1443191521797451783,854,0
1143229947932229632,LucDesiletsBQ,1443037472246616064,0,2
1143229947932229632,LucDesiletsBQ,1442935857502060546,7,24
1143229947932229632,LucDesiletsBQ,1442168488575922177,6,0
1143229947932229632,LucDesiletsBQ,1442153531666993153,6,12
1143229947932229632,LucDesiletsBQ,1441816281410199558,0,2
1143229947932229632,LucDesiletsBQ,1441814862917783559,0,0
1143229947932229632,LucDesiletsBQ,1441771696545882115,3,32
1143229947932229632,LucDesiletsBQ,1441587526528077825,0,0
1143229947932229632,LucDesiletsBQ,1441573487966052352,33,103
1143229947932229632,LucDesiletsBQ,1441564537820303361,0,0
1143229947932229632,LucDesiletsBQ,1441564164875382784,0,0
1143229947932229632,LucDesiletsBQ,1441200627137220609,2,19
1143229947932229632,LucDesiletsBQ,1441039302767616005,10,32
1143229947932229632,LucDesiletsBQ,1440757101983264785,36,153
1143229947932229632,LucDesiletsBQ,1440668782515474450,11,39
1143229947932229632,LucDesiletsBQ,1440309236534165504,10,95
1143229947932229632,LucDesiletsBQ,1440013042994098179,4,25
1143229947932229632,LucDesiletsBQ,1439775802363715587,1,1
521630301,SPSTremblay,1447624464355713035,93,0
521630301,SPSTremblay,1446136609091510274,3,0
521630301,SPSTremblay,1442880594812313605,0,4
521630301,SPSTremblay,1441122611463786499,8,0
521630301,SPSTremblay,1440505365544661001,1,10
521630301,SPSTremblay,1440063823281483786,24,0
1044738781171961856,GregMcLeanYYC,1445512064978542592,4,15
1044738781171961856,GregMcLeanYYC,1444012251720011777,2,1
1044738781171961856,GregMcLeanYYC,1443606785194033157,2,11
1044738781171961856,GregMcLeanYYC,1440809249307697153,4,58
1044738781171961856,GregMcLeanYYC,1439760917349109763,15,87
2254171724,RonLiepert,1441126944012058631,122,0
2254171724,RonLiepert,1440350857225146370,2,24
2254171724,RonLiepert,1440008541377466371,9,33
2254171724,RonLiepert,1440008243502206980,435,0
272617171,earl_dreeshen,1440168932661358600,2,29
272617171,earl_dreeshen,1439982192914960384,1,5
272617171,earl_dreeshen,1439951342454247428,310,0
3115495914,MartinBowRiver,1447562898167971841,1,9
3115495914,MartinBowRiver,1445826258013757440,1,30
3115495914,MartinBowRiver,1444421941729890309,2,4
3115495914,MartinBowRiver,1444112417059966979,0,13
3115495914,MartinBowRiver,1443655649091588097,0,2
3115495914,MartinBowRiver,1443576490403135501,0,4
3115495914,MartinBowRiver,1443410286938034181,0,2
3115495914,MartinBowRiver,1443372553410682881,1,14
3115495914,MartinBowRiver,1443236664344776711,0,11
3115495914,MartinBowRiver,1442972456025661446,1,9
3115495914,MartinBowRiver,1442919583044681729,1,6
3115495914,MartinBowRiver,1441132775130611716,1,5
3115495914,MartinBowRiver,1441107620601884672,0,6
3115495914,MartinBowRiver,1440850940945383425,2,4
3115495914,MartinBowRiver,1440737663707856903,1,5
3115495914,MartinBowRiver,1440382839074082819,1,2
3115495914,MartinBowRiver,1440329980177797120,6,27
3115495914,MartinBowRiver,1440165822912098311,3,56
3115495914,MartinBowRiver,1439991781077127171,183,0
3115495914,MartinBowRiver,1439741124583862278,1,9
737359208945844224,BobBenzen,1448363777880100867,0,0
737359208945844224,BobBenzen,1448355421274755084,21,69
737359208945844224,BobBenzen,1448053769707606016,1,5
737359208945844224,BobBenzen,1447212537003528201,0,4
737359208945844224,BobBenzen,1446144589526704135,50,46
737359208945844224,BobBenzen,1443678410321141762,4,10
737359208945844224,BobBenzen,1443594335979724808,1,3
737359208945844224,BobBenzen,1443328645473374208,12,26
737359208945844224,BobBenzen,1442600264511287297,68,96
737359208945844224,BobBenzen,1442532949686210563,4,12
737359208945844224,BobBenzen,1441654812962033668,53,95
737359208945844224,BobBenzen,1440310213475586056,3,15
737359208945844224,BobBenzen,1439965879903657985,3,12
737359208945844224,BobBenzen,1439752289472983045,17,78
3375064758,ArnoldViersen,1448730180483178501,116,0
3375064758,ArnoldViersen,1448729381988352005,28,0
3375064758,ArnoldViersen,1448729294688161796,2,0
3375064758,ArnoldViersen,1448671283303026689,5,0
3375064758,ArnoldViersen,1448667671722143744,0,3
3375064758,ArnoldViersen,1448090822352773121,58,0
3375064758,ArnoldViersen,1447971454021251077,55,0
3375064758,ArnoldViersen,1447963328668749831,1,8
3375064758,ArnoldViersen,1447888240036491273,2,0
3375064758,ArnoldViersen,1447546272945164290,4,15
3375064758,ArnoldViersen,1447002800802746374,19,0
3375064758,ArnoldViersen,1447002779772456974,0,35
3375064758,ArnoldViersen,1446806563180748802,21,0
3375064758,ArnoldViersen,1446200482196824068,21,0
3375064758,ArnoldViersen,1446181433249345538,5,0
3375064758,ArnoldViersen,1446181376668090371,1,1
3375064758,ArnoldViersen,1446162410235174915,1,0
3375064758,ArnoldViersen,1446162347521937408,1,17
3375064758,ArnoldViersen,1445440351737683970,0,1
3375064758,ArnoldViersen,1445430786740658191,0,4
3375064758,ArnoldViersen,1445430503717416964,36,0
3375064758,ArnoldViersen,1445409522978336778,5,0
3375064758,ArnoldViersen,1445029217297698821,5,0
3375064758,ArnoldViersen,1444626071538782212,29,0
3375064758,ArnoldViersen,1444296634586775553,477,0
3375064758,ArnoldViersen,1444023179400384516,1,4
3375064758,ArnoldViersen,1443996481741103104,2,0
3375064758,ArnoldViersen,1443992592673345541,7,0
3375064758,ArnoldViersen,1443972101824778248,0,2
3375064758,ArnoldViersen,1443967610266259457,201,0
3375064758,ArnoldViersen,1443583082301313044,2,0
3375064758,ArnoldViersen,1443582881826099203,4,0
3375064758,ArnoldViersen,1443582855662039042,2,0
3375064758,ArnoldViersen,1443582837395886093,10,0
3375064758,ArnoldViersen,1443330188264284162,13,0
3375064758,ArnoldViersen,1441149631975489546,15,0
3375064758,ArnoldViersen,1441146548369248261,13,0
3375064758,ArnoldViersen,1441049003752402946,31,0
3375064758,ArnoldViersen,1440417417620979718,379,0
3375064758,ArnoldViersen,1440400381138259968,57,616
3375064758,ArnoldViersen,1440398686895304708,1,30
3375064758,ArnoldViersen,1440056208707112968,0,3
3375064758,ArnoldViersen,1440055152971370502,0,9
3375064758,ArnoldViersen,1440007842476576775,140,0
3375064758,ArnoldViersen,1439945350748463106,234,0
720083863830069249,GlenMotz,1448428688630968321,129,0
720083863830069249,GlenMotz,1448009884226699264,0,0
720083863830069249,GlenMotz,1447563418962169858,3,19
720083863830069249,GlenMotz,1445436922629967874,1,3
720083863830069249,GlenMotz,1443995154323365894,512,0
720083863830069249,GlenMotz,1443967898691805188,2,4
720083863830069249,GlenMotz,1443726117811200001,2,2
720083863830069249,GlenMotz,1443564125469220864,1,6
720083863830069249,GlenMotz,1442647392486969350,5,0
720083863830069249,GlenMotz,1442119251427463172,16,49
720083863830069249,GlenMotz,1441439884606984198,32,124
720083863830069249,GlenMotz,1440320109164126219,5,60
2555308646,PatKelly_MP,1448418172323831812,129,0
2555308646,PatKelly_MP,1447974424242634754,0,7
2555308646,PatKelly_MP,1447299334530207745,3,21
2555308646,PatKelly_MP,1443631847351586827,110,0
2555308646,PatKelly_MP,1441599078140301317,4,42
2555308646,PatKelly_MP,1440352169073381378,0,13
2555308646,PatKelly_MP,1440352167357935617,1,37
2555308646,PatKelly_MP,1439979014869897220,19,137
2555308646,PatKelly_MP,1439779364569186304,1,14
2555308646,PatKelly_MP,1439779363625439234,0,13
2555308646,PatKelly_MP,1439779362551701513,0,13
2555308646,PatKelly_MP,1439779361138245633,3,39
268528986,tomkmiec,1441403872140926979,8,28
1722999380,StephanieKusie,1448292042237354006,22,102
1722999380,StephanieKusie,1448115492330299392,0,13
1722999380,StephanieKusie,1447697946158399491,3,0
1722999380,StephanieKusie,1447581839493713920,4,55
1722999380,StephanieKusie,1447247047418007552,0,0
1722999380,StephanieKusie,1447043278562480131,48,127
1722999380,StephanieKusie,1445873015925903362,1,2
1722999380,StephanieKusie,1445500482189815810,3,123
1722999380,StephanieKusie,1444093734631600130,2,0
1722999380,StephanieKusie,1443712614937157637,0,5
1722999380,StephanieKusie,1443712240398397440,2,9
1722999380,StephanieKusie,1443566207274082312,110,0
1722999380,StephanieKusie,1443387428786429952,8,63
1722999380,StephanieKusie,1443365922857631745,0,61
1722999380,StephanieKusie,1442704113578373122,0,3
1722999380,StephanieKusie,1442321432734625795,298,0
1722999380,StephanieKusie,1442292807360659456,0,2
1722999380,StephanieKusie,1442260652869840899,0,0
1722999380,StephanieKusie,1442197267520188418,0,17
1722999380,StephanieKusie,1442181584224800779,0,3
1722999380,StephanieKusie,1442178052562186247,8,75
1722999380,StephanieKusie,1441773814312935447,3,26
1722999380,StephanieKusie,1441537964010442755,0,5
1722999380,StephanieKusie,1441537555044864000,1,14
1722999380,StephanieKusie,1441444451931463687,3,20
1722999380,StephanieKusie,1441169462594400256,7,117
1722999380,StephanieKusie,1440901602064232451,0,1
1722999380,StephanieKusie,1440870208789381124,7,77
1722999380,StephanieKusie,1440851474397863936,1,32
1722999380,StephanieKusie,1440499251096604679,0,7
1722999380,StephanieKusie,1440359439488282625,5,0
1722999380,StephanieKusie,1440326052463579140,0,20
1722999380,StephanieKusie,1440323615119925250,0,17
1722999380,StephanieKusie,1440323173472342030,0,13
1722999380,StephanieKusie,1440322624064606208,4,70
1722999380,StephanieKusie,1440313499272368144,99,0
1722999380,StephanieKusie,1440313447070138376,98,0
1722999380,StephanieKusie,1440201315825582089,1,27
1722999380,StephanieKusie,1440198312993300485,2,0
1722999380,StephanieKusie,1440120279515086856,0,6
1722999380,StephanieKusie,1440092125681442816,10,82
1722999380,StephanieKusie,1440085948935589894,14,0
1722999380,StephanieKusie,1440063363879292934,16,0
1722999380,StephanieKusie,1440062781487677447,4,0
1722999380,StephanieKusie,1440062752802807813,9,0
1722999380,StephanieKusie,1440041975365861377,1,7
1722999380,StephanieKusie,1439982557471207427,33,0
1722999380,StephanieKusie,1439982540916285445,19,0
1722999380,StephanieKusie,1439961259311468545,52,0
1722999380,StephanieKusie,1439957841553465345,5,0
1722999380,StephanieKusie,1439887703265320970,446,0
156288226,BlaineFCalkins,1444708314181369856,1,7
156288226,BlaineFCalkins,1444300852471078920,477,0
15810950,jeneroux,1448628034068692994,0,1
15810950,jeneroux,1448495890453262341,3,24
15810950,jeneroux,1447924635513860100,0,4
15810950,jeneroux,1447576509766520832,2,18
15810950,jeneroux,1447201630143746058,0,27
15810950,jeneroux,1446470448741486626,1,4
15810950,jeneroux,1446121400540884998,1,4
15810950,jeneroux,1445816965935734791,1,2
15810950,jeneroux,1445043591517294600,5,12
15810950,jeneroux,1445032077766897669,0,5
15810950,jeneroux,1444043116449714176,1,2
15810950,jeneroux,1443976378915999748,1,1
15810950,jeneroux,1443956748474208256,7,0
15810950,jeneroux,1443935446376005635,0,0
15810950,jeneroux,1443531072302637057,0,3
15810950,jeneroux,1443366388534439936,2,0
15810950,jeneroux,1443213989924651012,18,54
15810950,jeneroux,1442941760603246592,551,0
15810950,jeneroux,1442922520466755584,2,4
15810950,jeneroux,1442860098120941570,3,2
15810950,jeneroux,1442541241099456517,1,7
15810950,jeneroux,1440434595409772547,1,25
15810950,jeneroux,1440334726066163721,1,21
15810950,jeneroux,1440334723235024904,0,13
15810950,jeneroux,1440334720227676170,4,52
15810950,jeneroux,1440038118330044417,7,0
15810950,jeneroux,1440037441134497793,2,26
15810950,jeneroux,1440000970751021057,1,0
15810950,jeneroux,1439951671581286407,3,13
45923631,chriswarkentin,1440386331780141064,95,0
270570153,JohnBarlowMP,1448285020569882624,1,73
270570153,JohnBarlowMP,1443557305291841537,609,0
270570153,JohnBarlowMP,1440721923629981701,6,75
270570153,JohnBarlowMP,1439795362957443077,8,42
2149496034,Cooper4SAE,1447261399235792896,0,33
2149496034,Cooper4SAE,1446910673837903872,325,0
2149496034,Cooper4SAE,1446662070284419074,51,356
4054610843,RachaelHarderMP,1443041373633064963,97,0
2963597856,ShannonStubbsMP,1448740396251615235,4,7
2963597856,ShannonStubbsMP,1448680005953736707,10,26
2963597856,ShannonStubbsMP,1448333193816461323,100,276
2963597856,ShannonStubbsMP,1447985416796352524,143,550
2963597856,ShannonStubbsMP,1446566068307185669,1,9
2963597856,ShannonStubbsMP,1446505668899446791,0,9
2963597856,ShannonStubbsMP,1445833739972476938,2,8
2963597856,ShannonStubbsMP,1445807817986773003,2,13
2963597856,ShannonStubbsMP,1445795975268683779,2,7
2963597856,ShannonStubbsMP,1445463805874606081,0,1
2963597856,ShannonStubbsMP,1445418506724462594,11,21
2963597856,ShannonStubbsMP,1444331348307685387,11,40
2963597856,ShannonStubbsMP,1444018527686516737,3,10
2963597856,ShannonStubbsMP,1443993458717376523,25,82
2963597856,ShannonStubbsMP,1443334777696882693,8,15
2963597856,ShannonStubbsMP,1443282268462661641,0,0
2963597856,ShannonStubbsMP,1442565770454597632,5,20
2963597856,ShannonStubbsMP,1441621361273683971,39,153
2963597856,ShannonStubbsMP,1440095679158751242,4,24
2963597856,ShannonStubbsMP,1439967318239449088,3,17
2963597856,ShannonStubbsMP,1439967317455081472,3,21
24171225,BlakeRichardsMP,1448425155668189190,3,12
24171225,BlakeRichardsMP,1448358830052573189,0,10
24171225,BlakeRichardsMP,1446201882901467139,0,12
24171225,BlakeRichardsMP,1440173990299922432,7,61
