id,community
1385933370090209280,1
921026239808208896,1
1175052073605353473,1
822476228548403200,1
720934098223542272,1
716257068538327040,1
1416535505454338050,1
1433403537329819654,1
1253486892823179264,1
1267175683626696705,1
1267717469965152258,1
714947543323525125,1
1389236473724088324,1
1366110449276706822,1
1310819379190337543,1
1423385158263132168,1
1420482733135040522,1
1405971529217740812,1
1445090669643517961,1
1429555219457773581,1
952980338745147394,1
1400047044191006732,1
1440522413687521295,1
915991337933078531,1
1419756165055975441,1
1419998048562909204,1
341180420,1
3007815702,1
92905504,1
285196322,1
292667439,1
1346936882,1
295829514,1
2906452022,1
386330680,1
4800864314,1
2711875642,1
4850122813,1
32235586,1
15081539,1
862703683,1
273866823,1
243912778,1
817811639516991488,1
33456207,1
331067472,1
102887506,1
431673426,1
559870034,1
1367920728,1
297074777,1
56016987,1
80212065,1
3096625250,1
56164450,1
3139690604,1
3153084524,1
225067116,1
2256674930,1
1353027698,1
4159606899,1
19087483,1
40591485,1
994295935,1
1294478815628890112,1
1134558647835430912,1
1438203438794412032,1
831084798621782016,1
717895042602504192,1
718082561596067840,1
1280249212567818240,1
702963029521076224,1
1233196108211294209,1
826499437585371136,1
120320139,1
824364572131856385,1
1392128666998542337,1
846667915,1
1120085915710263297,1
1416921060788801539,1
233164948,1
788187354771099652,1
1404102585317986308,1
128290965,1
18579611,1
1424060815947206662,1
1247541393121087495,1
1382793386,1
16552108,1
4775862446,1
195899568,1
108413104,1
14352562,1
4856189107,1
2813399220,1
2821464243,1
15360181,1
823265236916416512,1
1413820603,1
833818813,1
608694463,1
2253795524,1
2314531026,1
53772503,1
1074335960,1
3567831,1
262910171,1
1633538270,1
77283552,1
187805921,1
17105128,1
214708464,1
246,1
2552770807,1
2193211639,1
403857659,1
398483708,1
558330112,1
869639001400942592,1
761458169386246144,1
771389564736905216,1
756953808131858432,1
892060639526395904,1
48369926,1
793448364885024769,1
37609730,1
573788425,1
12599562,1
636649732,1
12992772,1
1129198217164234753,1
372359435,1
708990479895896066,1
421830937,1
241651997,1
16240926,1
2715275551,1
284029219,1
113754405,1
24752425,1
27013422,1
195207470,1
2340561200,1
729194378779078656,1
1267640853000007680,1
880491635896922112,1
3024400694,1
150270263,1
2709029176,1
292524345,1
3179475258,1
212463932,1
22491454,1
52003137,1
342176065,1
279195976,1
731469980890476545,1
1957597519,1
2353185104,1
281289042,1
159318355,1
399184212,1
187257177,1
4715389280,1
39268708,1
359260523,1
815415661,1
467804527,1
21815663,1
103297393,1
486703473,1
33034609,1
35692915,1
2824020340,1
252150132,1
15257975,1
199876983,1
94712187,1
1285267621927989248,1
1293886338312187904,1
1265350869391781888,1
958043434568134656,1
947487287855558656,1
1322191014455554048,1
1239656154541600769,1
756909131533922304,1
27652488,1
1253397325893873665,1
826573520238948353,1
1260759194833006593,1
2748289416,1
385008014,1
962255435766968322,1
30368137,1
122130825,1
16220555,1
624619918,1
708739471,1
867807149279162372,1
22532501,1
455786903,1
30237079,1
1212777267169873920,1
2922779039,1
55841183,1
51311010,1
437658020,1
1355980761443217415,1
144036263,1
1223950760,1
563012009,1
581833131,1
396149168,1
1851634098,1
454336947,1
84734389,1
18940341,1
855478711,1
104300984,1
22630846,1
476484031,1
507802048,1
369093,1
208540102,1
2923254216,1
24707528,1
3666395597,1
21508112,1
1508110801,1
28045785,1
4490072542,1
349692386,1
4759974372,1
1112914064076931072,1
871189841186357248,1
30089706,1
44171755,1
2240074220,1
65917423,1
872152901870911489,1
1656070657,1
808450734240972800,1
948669758903173120,1
885811180278661120,1
822810047025659904,1
1401659310015397889,1
1430602059989008385,1
814289414,1
928262146542026752,1
29651460,1
1433249159474200577,1
3306930701,1
17912334,1
35152404,1
540103190,1
824028437568438277,1
725309237862223872,1
62353949,1
973087261,1
21426717,1
1380189591735517190,1
48415266,1
154419754,1
66621998,1
1643827760,1
16982577,1
382489139,1
3298660936,1
70750793,1
18719308,1
525857359,1
2814976597,1
1066840664,1
22446684,1
1249464937,1
571519594,1
1244435052,1
1242251887,1
1729880688,1
217485938,1
223523445,1
30270072,1
55976571,1
2651714172,1
213140093,1
722940787772641280,1
1354922263418523648,1
1044711566354960384,1
300049028,1
1243336421164732416,1
1357857933019598849,1
1124423281765797888,1
222249603,1
1064324514513702912,1
1347654502787076096,1
1428093463132655617,1
1393055510480441345,1
602083976,1
1176536298179284993,1
1438317451469541377,1
1390840055200108546,1
1399510991885455362,1
1416997300199641091,1
1446846657551683588,1
62292631,1
593891991,1
65208984,1
596787864,1
17355421,1
29586080,1
15049380,1
1545912997,1
297771685,1
373940903,1
44618408,1
7491592,1
233149098,1
33936046,1
15352498,1
4237648565,1
3400323767,1
516915897,1
168350399,1
119911112,1
305001163,1
2411078349,1
2253996751,1
509604564,1
3381908182,1
488067802,1
127369948,1
6013662,1
2968507103,1
629539554,1
353903334,1
39977710,1
3992965873,1
16638708,1
22971125,1
85349109,1
2271466230,1
167912183,1
1243323314652602368,1
753638148958216192,1
1200953266525200384,1
1362218598849208320,1
724952267162542080,1
1052290795942731777,1
52245251,1
778262568272027648,1
1390067256080621568,1
1265374201260564481,1
1332164996592066561,1
206017291,1
725731648017424385,1
242492168,1
1389668038593634306,1
838066498782519298,1
1362578567557701635,1
1405037853579436035,1
1430196796781912066,1
314127120,1
2533511951,1
1402352323851083779,1
1414597315344490499,1
403374868,1
1444511517379026948,1
5968662,1
163922710,1
1429513454491164676,1
1432002021398306821,1
215896862,1
83153695,1
2811765535,1
1371923720609095686,1
1412813687811760135,1
552891173,1
3071603495,1
9356072,1
1442259927779532808,1
382210860,1
2408260398,1
63476527,1
744559800877342730,1
2532815671,1
19198775,1
14517051,1
224600898,1
112767813,1
962073414,1
25178951,1
23491400,1
983448844041060352,1
57033548,1
22733645,1
1373991758,1
540672851,1
44962648,1
67662683,1
4273980252,1
431141725,1
878490462,1
2707780448,1
1419539298,1
3304522599,1
1082221,1
80380795,1
1373016955,1
25813888,1
1138564320390836224,1
1433922677681451008,1
1288197903719100416,1
1012692323669405696,1
839668692866723840,1
1369312857959985153,1
800141669295222784,1
1366519801997193216,1
756584190112591872,1
1070152726141497345,1
1357304889831878657,1
1265835600923357185,1
214213512,1
1440482023693381634,1
1015928973732114435,1
222126993,1
3331826578,1
1038193556,1
7922582,1
613073821,1
1139932775388049414,1
12923812,1
372900776,1
246657960,1
17540009,1
1418601386,1
277332906,1
190231473,1
80970676,1
719557076599619584,1
261788602,1
114590651,1
3660694460,1
2904548296,1
602854345,1
2448257995,1
471625743,1
80442315,1
998590102573023232,1
1060336591,1
1059573444214439937,1
624251860,1
2174624728,1
2323751900,1
35095520,1
46556129,1
1069093860,1
274633701,1
169268197,1
2432750568,1
2291905512,1
67793897,1
17929195,1
1177657984220053506,1
3236365296,1
363070453,1
34182134,1
462128118,1
3237884919,1
144876537,1
51184630,1
15782904,1
1357259774,1
2831610879,1
766377865520775168,1
64099329,1
810942036639645696,1
740981264740679681,1
1364756283186905089,1
1379486103707746306,1
237536271,1
590165011,1
1382405059670081540,1
49660950,1
308032537,1
494732315,1
116679707,1
1040503837,1
1219432023044939776,1
1296542987850113024,1
1203817853494779904,1
198927392,1
1396338835596795904,1
704798725747531776,1
998712356,1
3419010088,1
1497052201,1
2300474413,1
242910254,1
835061048533082113,1
1421968442,1
775279674,1
14079041,1
26498121,1
609432652,1
36111440,1
1447666772,1
248980568,1
3087811674,1
3254400099,1
2729061,1
38720614,1
214492262,1
20395112,1
366117993,1
71464042,1
2830877802,1
112548739,1
2379113581,1
165020784,1
343626865,1
1238447220,1
205366389,1
543143031,1
24913022,1
2151613567,1
705167144078577664,1
1228018552428466176,1
1098567360330502144,1
634127491,1
803502925209178112,1
999476893970763777,1
1242522201770856449,1
1092244447184719873,1
1210051918397083649,1
979827806023618560,1
945090493641297921,1
1175457080561537025,1
880997516,1
1243221104560345090,1
1154381238985199618,1
1291531291066798083,1
1072206982201905155,1
382223500,1
204846220,1
35476624,1
845487573011173380,1
1195574418,1
404923541,1
1100509588175097860,1
1093890667909124100,1
1236010900693356549,1
727519870590541824,1
366171300,1
1293199610178080775,1
193721508,1
2814653607,1
823096488,1
1080965055007592456,1
3492639915,1
1571464364,1
515847342,1
198755506,1
481481910,1
28116153,1
252073146,1
21632185,1
1687712964,1
27460814,1
2479224015,1
1382749548578234370,1
248022226,1
824357739501531136,1
17900758,1
380327126,1
498423001,1
42203,1
158414044,1
15480029,1
745800926,1
21951711,1
48219360,1
1327666400,1
1335043297,1
145757413,1
1065829609,1
591459578,1
2896012540,1
28927228,1
374654206,1
2534622463,1
267941120,1
1229490959941017600,1
727897637098135552,1
1282074147884015616,1
813073081761570816,1
832619717785329664,1
709941422246330368,1
735508941258399744,1
777617628009332736,1
820730609043505152,1
739208182837321729,1
1250609616192446466,1
1097176821622284289,1
16504074,1
1238950146559352834,1
3029210380,1
2988258574,1
1267810083389480963,1
1251332171211644931,1
138077463,1
55158039,1
1655457050,1
731972892,1
872885192590884865,1
1962931488,1
2394842400,1
782939425,1
2640946469,1
2817389862,1
371447080,1
3075929388,1
23282993,1
1729193269,1
138839349,1
760353522718081026,1
1129203001,1
280552762,1
25314619,1
82167100,1
16545084,1
18457918,1
3300693633,1
2353730881,1
2727310657,1
27497799,1
17569096,1
820499790,1
237720914,1
103073108,1
15033684,1
147965270,1
1511667030,1
19893907,1
4298769753,1
3111765339,1
68805982,1
384288098,1
235070820,1
1573418346,1
61529217,1
2536457582,1
89609585,1
4729460081,1
24692082,1
1198351736,1
982496635,1
703722876,1
576365948,1
107218304,1
755749623491244032,1
776153719675072512,1
1161351506983038976,1
1164864823882067968,1
1150773939284652032,1
943892192447344641,1
1295281472224538625,1
1070588953105969152,1
971328109529182208,1
950848085802004480,1
1053529093285785601,1
951311587243110401,1
935335003084423168,1
987136895162384384,1
1069734050301128705,1
1120045145276198914,1
975491119734763522,1
21767570,1
20346252,1
803464596,1
572827030,1
2456090006,1
360129945,1
18597273,1
302593437,1
250414494,1
1291405539046457345,1
1234968032734216193,1
58340767,1
1286102971974025217,1
25703839,1
1545053600,1
877347579180220417,1
354964895,1
48981418,1
35337644,1
147981741,1
2694473137,1
523351475,1
77247925,1
193471925,1
1157395568135557120,1
1067154574278971392,1
1262878353431777280,1
1022679197976678400,1
322106815,1
198636992,1
88036806,1
38929865,1
501994958,1
1581712848,1
1362286033,1
3028678097,1
119797208,1
2314610138,1
343627226,1
17442269,1
404256223,1
48457183,1
378602976,1
168371680,1
1280972258,1
2922358250,1
161121771,1
130909683,1
2775737846,1
491697655,1
2738169336,1
247412217,1
544695802,1
19478009,1
624883194,1
274220538,1
29545977,1
255067647,1
153515520,1
1073283389288005632,1
1172199939243425792,1
1184184022177595392,1
1344041868779110400,1
1156033982586208256,1
1029235630364999681,1
1222274097935073281,1
1204829532529803265,1
1088791968451313665,1
1185990712132812800,1
1340672663090544641,1
1300291239581892609,1
1076249609125675010,1
1049412181559787521,1
1128366660128260097,1
1269254845615095810,1
9455112,1
483313162,1
2926114316,1
14960142,1
222987791,1
619652625,1
33654294,1
1511003670,1
1239564608941113347,1
2612807188,1
1310724884008321028,1
273683993,1
1246570008,1
122525211,1
2502596130,1
874599972,1
9917992,1
20796969,1
169670184,1
57759275,1
38471212,1
1380591152,1
39822897,1
566744627,1
1134248217472843787,1
1010557821614739456,1
524785211,1
1618990652,1
975784752648212480,1
884265045479313408,1
707364896153980928,1
968303534822313984,1
1089918530,1
787738985481240576,1
758042170968375296,1
77035084,1
2504541775,1
15054416,1
1123047281618505729,1
2655180373,1
393713239,1
34506336,1
12125792,1
7312992,1
132015712,1
2427741792,1
14177893,1
2219828840,1
1731401322,1
2267952750,1
2400409201,1
1548961394,1
4308416115,1
2262304373,1
931882614,1
292468351,1
1395062400,1
960624707820113920,1
1279605491270733824,1
709334443635429376,1
902402049022808064,1
711980580813066240,1
1323481354982445057,1
1213405462021853185,1
1068193791511678977,1
844292741077061632,1
1026468656195227649,1
965028316460797953,1
1271855851330916353,1
1103832363363127297,1
912346683291389953,1
246466184,1
97121931,1
1204430581410353154,1
86410896,1
2256955027,1
2430047892,1
2452465303,1
1156602559378804741,1
135624348,1
3010143902,1
1065257588151996422,1
940720002696663046,1
1300624324206817280,1
95209129,1
118429360,1
1421932208,1
16811701,1
48035511,1
136160953,1
3245708989,1
102532798,1
47781573,1
76179144,1
341653196,1
563152589,1
36488911,1
27817680,1
1426711288462417921,1
1028355791143804929,1
264488661,1
2369365718,1
310425304,1
2560632538,1
2439108320,1
3021899490,1
2969192164,1
703436516,1
165971686,1
1330218727,1
389936872,1
603662056,1
1616520937,1
192775929,1
732359904158081024,1
1185768024164458496,1
1170096714155483136,1
1187944161464475648,1
98588419,1
1321710295245447169,1
1263128428909223936,1
1232835905616011264,1
1103476860187369472,1
723309048582561792,1
1143424329264324609,1
959432437754421249,1
1051514280749752321,1
2248922893,1
1016486686958739457,1
78403337,1
2720749324,1
518010642,1
1120321887496626179,1
2912843536,1
15619857,1
42702616,1
495159064,1
734095130,1
24979228,1
66852639,1
269948707,1
1077139237,1
1001274194443821064,1
139261738,1
242063148,1
1174774009361260553,1
18519855,1
1129088815,1
160429871,1
535799622,1
6170442,1
2437928781,1
166651726,1
217610069,1
22447958,1
297404250,1
240908125,1
153798495,1
22968164,1
3140773734,1
373667686,1
26593129,1
1438300010,1
18581359,1
96450418,1
14837621,1
1297250167,1
224737149,1
407943040,1
1021070140463443968,1
1373493122,1
1097531188338552832,1
14415745,1
999320625117196288,1
1024397417423106048,1
975519759105060864,1
1004371050216353793,1
1116067546778628097,1
1260770767123312640,1
1050404170195333121,1
995530035892121601,1
1144704604442988544,1
920714531537481729,1
765742924625801217,1
1182947209,1
59639693,1
56029187,1
1308040042724519939,1
119818129,1
1251380029428133891,1
1316013080250216453,1
17536922,1
138418077,1
41043869,1
579614622,1
718873385346797569,1
238446507,1
1104422828,1
188565420,1
19853321,1
1670649775,1
275735174,1
263288756,1
18622393,1
157591483,1
288548798,1
3625686975,1
40216513,1
1171683272,1
318420941,1
16422863,1
853722212741898240,1
1385785302,1
155629527,1
24459228,1
214530013,1
2834753506,1
2799175653,1
262436837,1
249386982,1
154433522,1
51546100,1
24348660,1
14247924,1
588752886,1
731753429782036480,1
1240867313445830656,1
24418305,1
928790819145842688,1
1361500715659755520,1
1225234537111683072,1
957808962983755776,1
2721515522,1
854874115,1
1212202179777331200,1
705142279728664576,1
1171534270168367105,1
44361737,1
1228605451,1
121108494,1
61888526,1
98019343,1
35051540,1
3148281878,1
587733016,1
24819740,1
12933152,1
2803615777,1
2253903906,1
1390184486,1
15702055,1
264439847,1
287303720,1
461027370,1
16267310,1
482412592,1
291862583,1
1317418116,1
562243642,1
43804732,1
62961725,1
1026669691337498624,1
728304522662043648,1
2407372861,1
3010963523,1
17360968,1
4396636233,1
33826892,1
2785990732,1
15128653,1
1341618252,1
38287442,1
4269803603,1
18733144,1
29796446,1
533637218,1
109144163,1
52516962,1
57661541,1
207677544,1
497526888,1
1338816625,1
4681656433,1
14116980,1
3096516728,1
1368619130,1
2800244863,1
1254832256,1
1389241812276023296,1
796243740293664768,1
768069259100622848,1
722623738672517120,1
1972656259,1
819279657187086336,1
790676320388845568,1
2472134791,1
1352713370772770816,1
819853925184638976,1
1384941248620990465,1
1418331827316527106,1
1339998018309918721,1
1433805160208338945,1
753744536887824385,1
763867259777519618,1
1412826210057392131,1
16369804,1
1347272097786171394,1
3305969806,1
1318231497174880259,1
3568294035,1
324602007,1
61018115,1
547747984,1
27371671,1
21809306,1
351013017,1
1428826266,1
2341257349,1
1415442622135603206,1
1498327201,1
64514213,1
461498536,1
3364419754,1
3257661611,1
130857133,1
536594609,1
2436061363,1
2764314803,1
339433652,1
546527413,1
1395814164300501003,1
1189800120,1
17795257,1
1042821954821087232,1
993705834470367232,1
1070001735454875648,1
958181344286269440,1
1171471512085389312,1
1008888246640762880,1
557844674,1
1343195334,1
106100935,1
53086408,1
977021137,1
1122706063466356737,1
447415943,1
3234318552,1
992724265609912321,1
366225624,1
16398559,1
19359977,1
3742591213,1
566020335,1
625256690,1
312297721,1
1663428859,1
1340517896854904832,1
716460064039575552,1
1353457212799262720,1
86960389,1
3558926597,1
2730768648,1
67254536,1
468732172,1
1390378070482165763,1
129849617,1
1445880242707570691,1
1438956476588957701,1
1366204146957885445,1
1404491652580843525,1
1442495023694553093,1
331864347,1
46975259,1
566196508,1
63826204,1
78706973,1
612813093,1
15677734,1
1378038493105037320,1
2525149488,1
461719863,1
14055736,1
3303438653,1
207657278,1
140253506,1
1861048644,1
1214396742,1
980875592,1
29256016,1
1377425540,1
183642459,1
34560347,1
27076961,1
22116705,1
92256613,1
83712358,1
15497575,1
322832745,1
118937966,1
2651576688,1
1274006014019481600,1
1365678726,1
10475892,1
1262268501823303680,1
1219578234,1
2159143291,1
1433247289330577408,1
793343793642680320,1
1005899772916477952,1
964446120402300928,1
997651678554828800,1
978535635085504512,1
1326220290700029952,1
967837552425119744,1
2459208067,1
40647043,1
1444459015875014657,1
39614857,1
751919973497384962,1
1438462388647440386,1
247511435,1
23005580,1
2590341517,1
289524112,1
16260741,1
1397377294990258180,1
1407160205117435908,1
365078935,1
2591357336,1
51259801,1
384051609,1
768295011007934469,1
979577244,1
1038301598,1
66820511,1
158095776,1
1376980773056753670,1
2776775090,1
14518712,1
29891001,1
260884922,1
110754237,1
268237247,1
1874119104,1
112609730,1
421263812,1
15215045,1
228977093,1
2416130503,1
293403080,1
32733640,1
3037899209,1
470780364,1
510093784,1
18340314,1
49707487,1
201984482,1
37513699,1
133863908,1
53066212,1
244328935,1
260516330,1
60971504,1
2151893489,1
771870952544096257,1
2289973748,1
3331283445,1
1308514806,1
4860164601,1
1095915337906864128,1
1268728504964825088,1
1061613703588691968,1
991077333174927360,1
1237226500413407232,1
155441670,1
838912397066846208,1
636262914,1
16116228,1
1338338931792756737,1
1346317368637603841,1
951280545421410305,1
413514250,1
1278822500143677442,1
820394508,1
722880943380242432,1
17050123,1
935697022400602112,1
1115587452238831616,1
1267504449087553539,1
15407637,1
1251340447387172868,1
1100740076844302341,1
119609883,1
494320156,1
79260190,1
3357096478,1
1253849257179824134,1
2944338467,1
252770855,1
42142250,1
1380813355,1
596793900,1
1887595058,1
15927859,1
577968691,1
92551736,1
23063097,1
378321467,1
3158178364,1
240831038,1
1650588223,1
89496127,1
923683393,1
2562583105,1
183016003,1
1548315212,1
365132365,1
3213941327,1
245373521,1
67758676,1
15022678,1
103701079,1
2165369432,1
139819609,1
1019405015855878144,1
1317802041423646720,1
917122313837039616,1
1182252711833718784,1
884410857547059200,1
575698060,1
541129316,1
271989352,1
554805867,1
1354038378640134145,1
1198972583288459265,1
1694247541,1
1258576501,1
925675836526776321,1
1347609010434953217,1
110504574,1
23370368,1
1130348139607576576,1
1125841354716696576,1
951892305098788864,1
1346122272009048064,1
961001501513699328,1
1426665402147360769,1
1323421765658431488,1
1343796672581816320,1
912657193941553153,1
1158232790934048768,1
1398595872187830274,1
77363852,1
119925381,1
1385344932378923009,1
1222287419682279425,1
826085293677748224,1
825749016487010304,1
898554931271127042,1
1362676092516126722,1
845271811097055234,1
435976850,1
994077337,1
21166754,1
871074475,1
51509931,1
26421933,1
26557104,1
41089713,1
165890739,1
2885769910,1
2652768953,1
297986745,1
1170901705,1
771715827800342528,1
3372677836,1
2439928526,1
280677070,1
2578713297,1
495401684,1
2553547478,1
3831737053,1
32189160,1
240319214,1
31513326,1
19602163,1
21084919,1
222386937,1
1103046500911767552,1
870473605473198080,1
167668483,1
1131854274223366144,1
395569923,1
1271793845945196545,1
785448020628430849,1
460413702,1
1227766472921014272,1
1185972487538040832,1
2600741635,1
75160326,1
1350484767255519233,1
1292608204845834241,1
1251989186862866433,1
1136294664,1
785226400223682563,1
1296424847149588483,1
786738726466707460,1
1301967293849755653,1
541895451,1
1356397585179828229,1
817580826,1
578272027,1
2337057565,1
1281041511782768646,1
3191905064,1
20745003,1
27101995,1
3317590829,1
165587758,1
30268206,1
35863342,1
3268565808,1
23522098,1
32602930,1
89787188,1
4767685428,1
84704052,1
209845048,1
1205299704831119361,1
829761553218072576,1
766360387,1
13880132,1
158100294,1
4752522058,1
179129165,1
245939022,1
2813664079,1
2157300561,1
459311957,1
15633240,1
1051556700,1
23657309,1
286255966,1
499317612,1
3314912109,1
294660973,1
58878834,1
605379442,1
17238899,1
361933684,1
551152504,1
1612782462,1
266050433,1
1317417438640697344,1
908018227040710656,1
1329165444218056704,1
1001986308343033856,1
148618115,1
918152297544380417,1
1347731975436726273,1
1311896805920043009,1
1046384036321652737,1
1444782842907553794,1
1386140085058367489,1
1257715438336700417,1
1303772129847111681,1
1351940525633400834,1
1389700907697270787,1
192842634,1
1424936529621774338,1
2912385932,1
38853517,1
3007830927,1
1350924172554366979,1
1403442826034114564,1
15023001,1
23554969,1
2829798301,1
622885791,1
2435808164,1
3079986094,1
1369385038664658954,1
1304210384367349770,1
363654070,1
416476088,1
223579065,1
325725115,1
275979196,1
1314208704,1
2184015885,1
510602178,1
390392773,1
872156101,1
349391821,1
785853390,1
2768042960,1
700287952,1
21986256,1
346123223,1
24951781,1
608316391,1
521255914,1
577727470,1
2275007473,1
721401357,1
385235958,1
3539962880,1
1345709200618389504,1
1240213307908390912,1
873624924711256064,1
871793301132902400,1
1338252288,1
883334379023597568,1
889661863100907520,1
1247907027650838528,1
1327442450957303809,1
1239698227739459584,1
1338865239463395330,1
295951367,1
249392133,1
1380663772906356737,1
1249884071750238210,1
15772683,1
1437539837477748738,1
1335046616697372675,1
291523600,1
199531539,1
903284632069832707,1
1297575021578256388,1
2580573206,1
427818013,1
1313212802799206406,1
1333910351696461830,1
1023207519060197383,1
741563432,1
1011936943247101952,1
1005522675761057792,1
1045793762063060992,1
729232479840800768,1
1077274080984862720,1
1306024583858917376,1
1103117762120028160,1
3013905454,1
535452718,1
18680879,1
1357917347181453312,1
363666493,1
1185294078256254977,1
1101092779378249729,1
1280589273335500801,1
563379279,1
2548489298,1
489749588,1
299228245,1
214875221,1
95046741,1
17005655,1
92736596,1
35112456,1
1225489734178344962,1
13716572,1
872490603497480192,1
766759351973404672,1
2574056066,1
56134750,1
1186606184,1
18148460,1
272133230,1
296549487,1
3607702640,1
17280115,1
373460084,1
4540976253,1
1227171998356443136,1
1017461230984990720,1
979741136725184512,1
1126832561622323200,1
1185936230393024512,1
1218302518305984513,1
1198789568214044672,1
1133696644422275072,1
1306136273782935553,1
1404590411847405568,1
1248842158553141250,1
1278058149774331905,1
1227080599451701249,1
1364261390614106113,1
1275466513529671681,1
1302625101075156994,1
70864012,1
2749373577,1
1204301854433316866,1
1190792680877559810,1
1207489601805455363,1
1231982311253708803,1
3428064406,1
37432471,1
286723230,1
18308257,1
2721074338,1
1114536540586348551,1
3127835814,1
591383718,1
1441410998355726344,1
572656810,1
226045097,1
634621098,1
50154666,1
59686058,1
35728556,1
141266091,1
3010165940,1
21400756,1
56556726,1
83307703,1
2592210108,1
289864894,1
1673800896,1
18390213,1
2294688973,1
442162382,1
65666257,1
196164822,1
2761710808,1
59243738,1
64261339,1
38878429,1
1239692519094575104,1
1293510025680478208,1
1229474724142604288,1
1162020975187288064,1
900412752832978944,1
1193458951976869888,1
751872198961487872,1
779333693936721920,1
1294643635397550080,1
904365258399244288,1
305401065,1
961514730,1
271756523,1
122465515,1
577170668,1
292728050,1
36170996,1
177347829,1
1366423551704784897,1
1255927911045095425,1
337816824,1
73411833,1
436260090,1
297020666,1
46894332,1
1174006316412674048,1
978655715345670144,1
1168589910825213952,1
1047194401011900416,1
951527727365988352,1
1344017972436770817,1
1380060816041418753,1
1117035592565628928,1
858003778905153536,1
911264470210682880,1
1169378542737661954,1
15371526,1
43445517,1
893202244077854721,1
892123934119927809,1
268573963,1
221355278,1
29904143,1
1064964294448750595,1
860116415289991171,1
18681111,1
1118222712818868229,1
68279581,1
2842385693,1
1437800221375963143,1
317807909,1
173833508,1
2736446758,1
38751529,1
4856851754,1
946126124,1
16788781,1
4722097454,1
39288111,1
2555669810,1
563064119,1
552119609,1
234593598,1
160673089,1
420560195,1
353701188,1
68021572,1
1201999184817094656,1
408526152,1
3290783049,1
77851978,1
176398351,1
38268238,1
2451955022,1
493604178,1
542244178,1
2801061205,1
1965727063,1
300629341,1
3098295646,1
563682660,1
169614697,1
45010284,1
2347314541,1
965262703,1
2790165875,1
276258166,1
371125623,1
128908662,1
38055290,1
367234428,1
1148939647,1
3092462976,1
1249204176548245504,1
865566329247608832,1
564657538,1
878242924567441408,1
1298675867061805056,1
1255595348023816192,1
1037451553035235328,1
2555583872,1
1275123310788063233,1
1218019404992196609,1
1058916901437419521,1
1163464930223435777,1
896509288889430017,1
2247798150,1
1269692602204532738,1
1161649331214200834,1
1255919262998441987,1
41520537,1
1153463878195589125,1
59829657,1
1270419220619309061,1
522345885,1
1151704477,1
1242510089145266182,1
1427044343005818885,1
887732866423173125,1
266653082,1
2887544220,1
1191423138954981382,1
15715743,1
887262626,1
46919079,1
1434341584670273544,1
2993364399,1
282111410,1
918318518,1
281587128,1
587087289,1
55819705,1
15908286,1
76238276,1
824281652423753728,1
242798024,1
990157084560850944,1
16272844,1
495066576,1
36281810,1
502160853,1
525086166,1
295386584,1
4819639768,1
2931322335,1
229580258,1
57392611,1
15072741,1
277085673,1
2853989866,1
1251137320289525760,1
175939051,1
440923660,1
10214892,1
147340782,1
142331377,1
308620789,1
43089397,1
194649594,1
44674554,1
737869308,1
979870450577686528,1
900031843080192000,1
1407536941680279552,1
840470152391016448,1
965478102594863104,1
880108852162707456,1
907302868645953537,1
977009074217795584,1
189341190,1
1563418116,1
982630470008553474,1
3438124552,1
385015308,1
351739406,1
2720800274,1
62664213,1
57527830,1
47279641,1
3247607322,1
16195103,1
100851235,1
1890389540,1
590339623,1
705007146,1
1595223594,1
245149238,1
78429753,1
54042169,1
302984766,1
116837959,1
385678932,1
431193685,1
40537685,1
750513752,1
258170457,1
334294620,1
2883808867,1
371739649,1
930479718,1
27049579,1
4787666543,1
20098677,1
3320688247,1
132210296,1
4026420858,1
365563514,1
1416035013502685184,1
908811901,1
1237643051214032896,1
994260608236376064,1
1446511813647126528,1
978320740708765696,1
1304185921433227264,1
1197522605760303104,1
1268045786312593408,1
1414623993529880576,1
1060278863874478080,1
1187760523829563392,1
1393384383650975744,1
1318741345905922048,1
975757898004549633,1
843179791394263041,1
2174574218,1
85859978,1
877710910780985345,1
1668333199,1
1438871779779530755,1
1261311256151183362,1
2968424080,1
1245003009555419137,1
106524304,1
1432511719620988929,1
1390148574546219009,1
1430999852520034308,1
1304886376572375041,1
1005823371144318977,1
244993691,1
261729940,1
1413615091224924164,1
1157684886,1
94125725,1
2784661153,1
88100513,1
1201788959719936007,1
378351271,1
2752659114,1
71704235,1
1300849593358471170,1
998962971517898754,1
3131039404,1
50319022,1
1699266222,1
1179415566920097792,1
189349553,1
46956207,1
1604931252,1
190996147,1
463433398,1
2247495353,1
92864186,1
31276731,1
224063162,1
2306023107,1
28540616,1
66334416,1
17026781,1
365473506,1
24313572,1
3226840807,1
18616042,1
258916078,1
18923250,1
268824309,1
1454456569,1
20467453,1
277585663,1
928712572471336960,1
1071951545212723200,1
1009115210546929664,1
1166086297754263552,1
1081036726758531072,1
1051100859831148544,1
1481076481,1
1173035282461089793,1
1057988206963056640,1
1158391097665773569,1
4744498950,1
2453290759,1
1142295084572073985,1
1001287095472873473,1
1028871362499305473,1
1856200458,1
249310990,1
4731285264,1
1177367344164888580,1
222265111,1
395394840,1
23101207,1
1032507164,1
21221149,1
68599588,1
4085870375,1
107900713,1
342699819,1
380981038,1
110460722,1
1115838887623122954,1
73199415,1
342168708,1
15613754,1
84447036,1
2367303485,1
1142048265346715649,1
24805185,1
1092960066,1
461741892,1
2418409292,1
3409346380,1
14991184,1
366968661,1
44416854,1
14221144,1
486317915,1
22531935,1
1337551744457469952,1
1027307702047961088,1
1020156666204090368,1
992390491105882112,1
887699281557286912,1
816308397360508928,1
301703012,1
26840937,1
514482028,1
19607412,1
1067386991250206721,1
70315912,1
47452040,1
4516921234,1
150699925,1
290312086,1
1854934933,1
37044121,1
4148412316,1
386072477,1
374300583,1
29917096,1
273727399,1
248065960,1
2620272561,1
145878023,1
17874869,1
106512310,1
3250066182,1
547671992,1
61542328,1
2434162616,1
715046844,1
2861825981,1
838098877,1
17174462,1
20750271,1
33562561,1
3289694144,1
151547845,1
1357200256618795008,1
552394700,1
211564038,1
124878802,1
2589728724,1
37552089,1
2414854116,1
2762829798,1
58261480,1
52350953,1
2440810478,1
416468980,1
28737527,1
247836666,1
285806588,1
240795645,1
1441448795921952768,2
1314568089300873216,2
1235422076082589696,2
1008103433822351360,2
1214027006242742273,2
890560416526594048,2
1330675961839443973,2
801218452618956800,2
769165632738762752,2
712792479729192960,2
1444061901172854786,2
1441961640459599874,2
1419489038747070467,2
1435257575482740741,2
1440809899500335110,2
1438876255202406406,2
1427768108614291465,2
1295377965438644235,2
1442893993935716361,2
1434643524495020043,2
1445751022526160908,2
68670486,2
1258133514421239813,2
359672860,2
1186136760981454854,2
469747759,2
138710067,2
14100537,2
366785595,2
603011131,2
3058888765,2
915968072,2
1833674827,2
454774863,2
162924629,2
2476755039,2
42894434,2
1055536236,2
4803873902,2
3236492411,2
1147245556651233280,2
1271115442573185024,2
710270422290403328,2
967241034873933824,2
901618905076174848,2
980817985668550656,2
1434265814325202944,2
1325249450793701376,2
1213189717425917953,2
744660163873771520,2
1393039117110317058,2
820656479812227073,2
2873956499,2
1430260512688902150,2
136332449,2
432114850,2
969744550955749383,2
45976740,2
75984040,2
2291354802,2
2397398196,2
53694666,2
227849419,2
51384524,2
1575198925,2
2493753559,2
95577307,2
586195164,2
751054068974575616,2
1366925295291424768,2
392380645,2
1925354744,2
544080126,2
1151641780267261952,2
957106791753555968,2
1309179346565898241,2
1356073687691141121,2
1119464753318043649,2
1334205408110551042,2
1388650232100134915,2
1446289055935864836,2
2468436247,2
1413321993470943237,2
1559780652,2
24574252,2
1429982282891239433,2
1440690378533838857,2
182072629,2
26089782,2
1263514760584167424,2
1166000110586626048,2
4866566489,2
1183078912265355265,2
26071396,2
1301995158485958656,2
35107179,2
36988268,2
46232947,2
778842486,2
1173239638116446208,2
1136065885456740352,2
976345683681619968,2
1027229536902098944,2
1087134051914395648,2
1352351686778630145,2
1252767510983737344,2
982472677775454209,2
763168867371843584,2
1375883715776294914,2
1370402422062002179,2
3078011282,2
1347691972358778885,2
2231471516,2
1097694473952342022,2
2286750115,2
415532452,2
2316626342,2
1357001901229899777,2
43948485,2
124839366,2
2838327755,2
3418588623,2
2305422800,2
392132054,2
1342962255248424961,2
1099811037975642112,2
807034969902252032,2
102491634,2
1195026680609292288,2
1172475064870027264,2
884527637569323009,2
1388801354244702209,2
957190068594130946,2
724114092672335874,2
1313732971061362690,2
1727398412,2
1336660494,2
320919057,2
990301302264479749,2
772948513,2
1388988366247575559,2
2209473078,2
82679357,2
552725069,2
952759886,2
2938869339,2
242885214,2
451989089,2
98767459,2
2812908133,2
1002002024,2
293745266,2
257699447,2
29823611,2
1445437990940004352,2
1352707350784659456,2
1243574020802367488,2
1166799265806503936,2
1417352097150816256,2
880913594531139584,2
958204773282533376,2
1326022742286749696,2
1184298786329448448,2
1443468994107822081,2
1194794785762004993,2
1071298949837770753,2
918919026344120321,2
1077731978,2
969376788525830146,2
1391981080945643523,2
1069754111078354948,2
2273880732,2
854065048683204615,2
3333795492,2
101915304,2
726025903,2
2218371769,2
207703739,2
375764669,2
590735039,2
1184882383,2
623936216,2
26577630,2
885818088,2
24181491,2
714569357267853312,2
791076864,2
1427996716138127360,2
1353486048618274816,2
1215379886887428096,2
1117485007944048640,2
1099109729308008448,2
838196271571591168,2
1136772811656126464,2
1331773252792770560,2
1302114263771668481,2
941115769429024769,2
1183316407104266241,2
334954251,2
373580557,2
1243723946660421637,2
1354230346586447877,2
121949981,2
1116360718687690758,2
236055343,2
37813045,2
412499776,2
64123717,2
1297264458,2
3107597132,2
2931943245,2
1375862610,2
322090834,2
262522708,2
87297879,2
2793008984,2
18420573,2
1072189285,2
266048357,2
18386792,2
2902344555,2
24978284,2
142107502,2
564257648,2
263750524,2
27320189,2
825518936733085696,2
928451444633563136,2
753394222267527168,2
1260291453973983232,2
366074756,2
1580475270,2
1074149416699719681,2
1389555148318404610,2
1911858061,2
474883984,2
369653658,2
339780511,2
317823907,2
2198792101,2
1454880680,2
32691118,2
980237238,2
961162177,2
43199433,2
1335377050878676992,2
3308781515,2
534591437,2
19135439,2
3109560272,2
2849064914,2
178544594,2
270307297,2
3295839203,2
120187876,2
1325519307359490048,2
1601907697,2
29721598,2
1314819918328729600,3
1335613030852386817,3
1223265601147342848,3
1200932043544117248,3
1264568784318345218,3
1128406689802276865,3
1055170328442224641,3
978673214283853825,3
827222807121637377,3
1047167241119326211,3
1337935917298962434,3
1413908511461945350,3
1378797390275182600,3
1214936644077457413,3
1560811022,3
1142940366678761478,3
245502476,3
1384165113205198860,3
3449275407,3
1379806189840662531,3
305361426,3
3818334741,3
2198725662,3
1920257570,3
1242152485,3
3164387878,3
1138228267,3
183758895,3
352386097,3
89155640,3
2432396348,3
279679549,3
188240446,3
4329525312,3
4445748801,3
22810177,3
417837124,3
165793361,3
75126870,3
37008984,3
43697249,3
33189473,3
574493803,3
1547244656,3
2176628336,3
18469492,3
1346268799,3
2802164864,3
1342413157214523392,3
1232042252102488064,3
1004351103197220864,3
984004551937314816,3
843609207215656960,3
1168009774086131713,3
164317823,3
1419532378364514304,3
712039917493342209,3
1394748564006490113,3
1007090293567557634,3
21576841,3
1408273203273912322,3
18686095,3
1305987513669029891,3
1167062654436937731,3
221938834,3
1010301803064446980,3
108689047,3
74517659,3
62311579,3
66324129,3
24556195,3
1671821988,3
248202917,3
266745516,3
1573512366,3
3193936051,3
43963061,3
2546554567,3
70240459,3
45932749,3
619612365,3
366842064,3
2678629590,3
17168602,3
14248154,3
325805788,3
2321539819,3
2705668844,3
169164525,3
3755616497,3
423368954,3
1606592767,3
1205769293939515392,3
742650306635276288,3
964276467143122944,3
50326275,3
973185782142918656,3
124851971,3
873360193404379137,3
825703091915874305,3
946223069294501889,3
718507682655838208,3
1408148208442908673,3
1392453820702154754,3
1411387510282985473,3
627012374,3
513412890,3
494311195,3
1419262698341113861,3
30247200,3
42252577,3
17136419,3
134179622,3
17969963,3
2237957942,3
1140532022,3
39580472,3
2400813884,3
884681534,3
18367304,3
1483945802,3
387828045,3
2384404819,3
15608660,3
1004328078087110656,3
2409753944,3
44208473,3
246574430,3
109608296,3
254240108,3
972596838414008320,3
48475006,3
1258426125296054272,3
701911546142683136,3
1200093889790717952,3
938848632383483904,3
1042855112195026944,3
1209442605190328321,3
825060844845281281,3
17954186,3
999621483755286530,3
896411018,3
25397132,3
982266768,3
297968019,3
1360345646826483717,3
19088288,3
24019364,3
759764062343430144,3
218213287,3
109341612,3
1904648114,3
4550138292,3
28407736,3
420536762,3
350499770,3
102629820,3
461601213,3
218952640,3
32485826,3
1375778762,3
52734415,3
418786259,3
3677313497,3
4746198495,3
40790499,3
140883428,3
1595968483,3
1663608300,3
21410801,3
3355188729,3
20005887,3
1078044289454747648,4
1050768633901830144,4
1295324830385033217,4
1356805510272602112,4
1390761848388128769,4
734960661034192896,4
1300576864201654273,4
963792240232488961,4
987353199324545024,4
1293668417694658560,4
1360649418756661252,4
992491782,4
93002504,4
373568525,4
1410085651484139521,4
1216332119330283521,4
1192177482386030595,4
1526412817,4
1235940106894270466,4
1423712651515863042,4
171799828,4
19167768,4
2712360985,4
17760794,4
20631069,4
4114137119,4
22510887,4
2732697128,4
1308716038624698376,4
478862123,4
257564460,4
163562545,4
1596601651,4
1077846842,4
49151546,4
4843235387,4
4101062721,4
104902472,4
606767435,4
1393083174742204416,4
1363381777377599488,4
2998790739,4
1687073880,4
553998680,4
259464538,4
495264856,4
1040094300,4
14755165,4
854615934383902720,4
404934235,4
940638528173731840,4
843861606,4
1367155660933136384,4
975016297,4
1400022122,4
144492649,4
22954858,4
41937774,4
52445295,4
3438896243,4
42976628,4
2584515956,4
2558715765,4
54284151,4
16034167,4
467628409,4
312114812,4
3299711869,4
119579005,4
2687762558,4
1220006182166786048,4
175404674,4
1191655030115446784,4
1162237215272947712,4
1332558873564049408,4
126713478,4
829015371034349569,4
2468936072,4
1241830895226507264,4
2181315722,4
245564555,4
1393717345466699778,4
55926412,4
4716485265,4
2582892690,4
3371630740,4
512801172,4
490106261,4
1311033900140032005,4
407037083,4
41387164,4
74280862,4
151575714,4
761443236,4
1379963122623131655,4
243256743,4
3884327592,4
1399791038730997768,4
3253558953,4
2351183016,4
135477166,4
22830767,4
1548962478,4
1163109818,4
1024635324,4
76989377,4
145749446,4
802717564640100352,4
570693830,4
17685450,4
1628316366,4
1478599632,4
30059731,4
111360724,4
145510868,4
575497430,4
59794389,4
571740889,4
24157665,4
27910630,4
1275984013841367040,4
94176238,4
2823836399,4
1071033074,4
2253883890,4
12095732,4
112705523,4
244102909,4
2890334974,4
1329357303598829568,5
1294575938416582656,5
1294079777809326080,5
1338721956980518915,5
1159374279525445632,5
1128812276440604672,5
1127955952035143680,5
905924010625478656,5
1029043231063986177,5
1032769682493726722,5
769802145726132224,5
1272143366541672455,5
1102968375284776965,5
1093817585664253957,5
822118904109604866,5
1316001223628251138,5
851116446881116162,5
1442049623657365507,5
385811349,5
1367461237081186308,5
286888215,5
1486577563,5
1431289619656630272,5
3818989217,5
59916705,5
2925603492,5
236972328,5
984898986,5
351009963,5
1661182770,5
1420164577430491137,5
1422633609844781057,5
723994819,5
15333188,5
374141509,5
747878978866843648,5
1326231769411162112,5
1356317747098095616,5
534653770,5
27069390,5
352410832,5
281348304,5
121047636,5
4197757781,5
3192536917,5
332236550,5
19482452,5
4600725976,5
1224247639,5
978345458081943552,5
536103426,5
846078295,5
219613402,5
759090314967736320,5
2996830695,5
43745768,5
20139753,5
1295469846633881600,5
2212640239,5
2281484407,5
1271987860577517568,6
1058965681671028736,6
739845530612830208,6
817207955930001409,6
1363561650624733184,6
212468225,6
1364751078659477504,6
300638343,6
1942350667,6
150671052,6
3269322830,6
3302256527,6
1093876945,6
40246161,6
396106258,6
1252686295,6
2673432539,6
237594523,6
168123931,6
23601374,6
87632735,6
51852542,6
715244769,6
25333228,6
4492249646,6
2863551224,6
371288369,6
626984632,6
2287331581,6
321482430,6
35617919,6
730238024127283200,7
19922241,7
1087983274402766848,7
212580707,7
1354784313032769536,7
216382821,7
1420828539838947332,7
2249182471,7
1158630151,7
591145114,7
228949327,7
859701206,7
23095574,7
221404761,7
4140803386,7
275700827,7
883346252103950336,8
932338860440162306,8
1441888071922765827,8
216722788,8
356518889,8
186096843,8
41152373,8
111704438,8
2851817497,8
22665788,8
1003775348151119872,9
1349749864129728512,9
1441970605922742273,9
2272400485,9
340875627,9
1303760999200313356,9
19482317,9
489605585,9
15922687,9
772983193452572672,10
737275115432337409,10
1231231865467625475,10
1966611133,10
40029338,10
74919901,10
3249359738,10
1441060687,10
1417929933800751104,11
57127265,11
142731825,11
1447315781289750532,11
14262411,11
55823004,11
551583496,12
484406001,12
28462473,12
719181966436933632,12
1058808528,13
1497165457,13
3095461037,13