,Id_Target,Id_Source,communityid_Target,communityid_Source,betweenness_centrality_Source,betweenness_centrality_Target
62,14079041,51184630,2.0,13.0,3285.553691,3091532.81163
88,14079041,122130825,2.0,1.0,75470.937745,3091532.81163
152,14079041,514482028,2.0,1.0,94250.501324,3091532.81163
163,14079041,609432652,2.0,1.0,771010.682534,3091532.81163
208,14079041,2434162616,2.0,1.0,1198768.934027,3091532.81163
209,14079041,2437928781,2.0,1.0,22948.186775,3091532.81163
241,14079041,3400323767,2.0,1.0,42020.723715,3091532.81163
313,14079041,1293510025680478208,2.0,3.0,65401.930127,3091532.81163
382,14538949,596787864,3.0,1.0,1321371.241195,1449558.989872
478,14538949,1288514327213944834,3.0,1.0,11086.885391,1449558.989872
507,14538949,1446352422272528385,3.0,1.0,3781095.477936,1449558.989872
540,15810950,1446352422272528385,3.0,1.0,3781095.477936,188022.679055
609,16014404,1171742672614113282,4.0,3.0,13806.008781,255072.588278
618,16014404,1384365976922181637,4.0,3.0,88676.276989,255072.588278
656,16220555,271989352,2.0,1.0,90227.548354,748801.756173
672,16220555,1138479456,2.0,3.0,80892.85220499999,748801.756173
682,16220555,2557859383,2.0,1.0,1132691.63006,748801.756173
715,16220555,1348675178318893056,2.0,1.0,22845.130735,748801.756173
749,17823761,16320622,2.0,1.0,7026.2638019999995,1516333.907811
757,17823761,22303151,2.0,1.0,66744.952535,1516333.907811
809,17823761,271989352,2.0,1.0,90227.548354,1516333.907811
820,17823761,363070453,2.0,1.0,816986.464468,1516333.907811
844,17823761,1400022122,2.0,8.0,191739.390434,1516333.907811
854,17823761,2413332228,2.0,1.0,82013.865474,1516333.907811
856,17823761,2557859383,2.0,1.0,1132691.63006,1516333.907811
943,17969963,124851971,3.0,1.0,29921.957960000003,267306.968747
947,17969963,896411018,3.0,1.0,6997.836983,267306.968747
950,17969963,2198725662,3.0,1.0,92736.712948,267306.968747
951,17969963,2321539819,3.0,1.0,114750.246462,267306.968747
960,17969963,1360345646826483717,3.0,1.0,409077.434489,267306.968747
978,18681111,150270263,2.0,1.0,368544.967871,386137.70775500004
1062,20139753,1661182770,3.0,2.0,42532.335935,475771.46333500004
1143,20199202,280677070,1.0,2.0,4988.256942,1875414.88951
1164,20199202,547671992,1.0,2.0,3110.0714390000003,1875414.88951
1194,20199202,1400022122,1.0,8.0,191739.390434,1875414.88951
1222,20199202,3362989235,1.0,3.0,22630.166963,1875414.88951
1231,20199202,711980580813066240,1.0,2.0,736622.894841,1875414.88951
1238,20199202,785448020628430849,1.0,2.0,30682.310849,1875414.88951
1243,20199202,845487573011173380,1.0,2.0,30682.310849,1875414.88951
1287,20199202,1304621913231286272,1.0,3.0,211979.68931400002,1875414.88951
1303,20199202,1408148208442908673,1.0,3.0,61287.634826,1875414.88951
1336,21410801,89155640,3.0,2.0,96564.245769,819123.056375
1373,21410801,2802164864,3.0,1.0,47559.622155000005,819123.056375
1375,21410801,3193936051,3.0,1.0,53136.715632,819123.056375
1405,21410801,1258426125296054272,3.0,1.0,47559.622155000005,819123.056375
1418,21951711,14837621,2.0,1.0,328825.166626,952013.664382
1438,21951711,48035511,2.0,1.0,33570.284126,952013.664382
1461,21951711,385678932,2.0,1.0,33653.757686000004,952013.664382
1465,21951711,540103190,2.0,1.0,184861.84582000002,952013.664382
1471,21951711,636649732,2.0,1.0,17503.121451,952013.664382
1472,21951711,703722876,2.0,1.0,63611.721285,952013.664382
1513,21951711,1222274097935073281,2.0,1.0,44166.994808999996,952013.664382
1560,22849568,28395319,1.0,3.0,96412.302056,2048458.572334
1572,22849568,81290051,1.0,2.0,19435.604173,2048458.572334
1668,22849568,1663428859,1.0,2.0,87863.823485,2048458.572334
1671,22849568,2263235551,1.0,3.0,105908.06779500001,2048458.572334
1700,22849568,3313678069,1.0,2.0,141387.312382,2048458.572334
1715,22849568,823933874551959552,1.0,3.0,19534.398497,2048458.572334
1744,22849568,1164864823882067968,1.0,2.0,29057.834458999998,2048458.572334
1760,22849568,1265853916077527042,1.0,2.0,24207.33868,2048458.572334
1776,22849568,1385555295976534018,1.0,3.0,9433.909965,2048458.572334
1789,23491400,16272844,2.0,1.0,3097217.448389,934916.4480370001
1801,23491400,29891001,2.0,1.0,11884.300346,934916.4480370001
1802,23491400,41043869,2.0,1.0,13647.255038999998,934916.4480370001
1820,23491400,245149238,2.0,1.0,7232.459755,934916.4480370001
1823,23491400,271989352,2.0,1.0,90227.548354,934916.4480370001
1825,23491400,292468351,2.0,1.0,69335.473552,934916.4480370001
1840,23491400,609432652,2.0,1.0,771010.682534,934916.4480370001
1855,23491400,2452465303,2.0,1.0,10088.981170000001,934916.4480370001
1856,23491400,2536457582,2.0,1.0,64710.697765,934916.4480370001
1873,23491400,808450734240972800,2.0,1.0,5500.600931,934916.4480370001
1883,23491400,1213405462021853185,2.0,1.0,395644.10859099997,934916.4480370001
1889,23491400,1267504449087553539,2.0,1.0,2505.529397,934916.4480370001
1916,24171225,1446352422272528385,3.0,1.0,3781095.477936,44557.122959
1926,24692082,715046844,2.0,3.0,98857.17800900001,319600.41152100003
1961,24913022,38268238,2.0,1.0,60256.167954,1024576.2817719999
1995,24913022,540103190,2.0,1.0,184861.84582000002,1024576.2817719999
1996,24913022,552394700,2.0,1.0,105377.010507,1024576.2817719999
2007,24913022,1972656259,2.0,1.0,28150.908475,1024576.2817719999
2013,24913022,3098295646,2.0,1.0,124928.417476,1024576.2817719999
2021,24913022,963792240232488961,2.0,8.0,170983.674956,1024576.2817719999
2026,24913022,993705834470367232,2.0,1.0,107923.210803,1024576.2817719999
2043,24990450,12034642,4.0,3.0,210175.768781,595854.835476
2081,24990450,596787864,4.0,1.0,1321371.241195,595854.835476
2099,24990450,3313678069,4.0,2.0,141387.312382,595854.835476
2120,25127782,7922582,1.0,2.0,57984.70366,1420781.896899
2124,25127782,15677734,1.0,2.0,389040.22610100004,1420781.896899
2137,25127782,28395319,1.0,3.0,96412.302056,1420781.896899
2205,25127782,2263235551,1.0,3.0,105908.06779500001,1420781.896899
2270,25127782,1421131101922332672,1.0,3.0,230855.56496,1420781.896899
2280,25813888,63826204,1.0,2.0,62290.50103200001,380272.570942
2284,25813888,113754405,1.0,2.0,36613.060224,380272.570942
2309,25813888,1070588953105969152,1.0,5.0,11009.9399,380272.570942
2323,27079065,1446352422272528385,3.0,1.0,3781095.477936,16950.679977
2325,28804785,1446352422272528385,3.0,1.0,3781095.477936,4166.0385479999995
2338,29754743,16552108,1.0,2.0,79842.002792,1750975.8538419998
2603,35863342,214492262,2.0,1.0,315481.20705799997,392752.778996
2607,35863342,349391821,2.0,1.0,54502.239495,392752.778996
2614,35863342,552119609,2.0,1.0,13503.313182,392752.778996
2630,35863342,1291531291066798083,2.0,1.0,68609.968101,392752.778996
2643,36133644,47371589,3.0,1.0,146005.134131,1443832.511074
2652,36133644,92821882,3.0,4.0,117924.615839,1443832.511074
2674,36133644,491606159,3.0,4.0,3974.793111,1443832.511074
2684,36133644,733289617,3.0,4.0,21427.487731,1443832.511074
2699,36133644,1939332804,3.0,1.0,77388.51431299999,1443832.511074
2707,36133644,2727310657,3.0,5.0,128191.067054,1443832.511074
2708,36133644,2801095093,3.0,4.0,168429.238892,1443832.511074
2719,36133644,896911058459340800,3.0,4.0,92429.712325,1443832.511074
2724,36133644,1009785173011988480,3.0,4.0,177177.711251,1443832.511074
2727,36133644,1100840274136363009,3.0,4.0,55972.193105,1443832.511074
2866,40246161,237594523,11.0,1.0,36214.881189,232525.399286
2878,40246161,2863551224,11.0,3.0,81445.50065,232525.399286
2898,40550119,23510621,1.0,2.0,18034.364997,1614482.4852379998
2920,40550119,207657278,1.0,2.0,46072.366125,1614482.4852379998
2949,40550119,525857359,1.0,2.0,66161.311651,1614482.4852379998
3030,40550119,780111689626681344,1.0,2.0,34677.207444,1614482.4852379998
3063,40550119,1243221104560345090,1.0,2.0,3055.708351,1614482.4852379998
3069,40550119,1305607384358727680,1.0,2.0,11545.08955,1614482.4852379998
3075,40550119,1421131101922332672,1.0,3.0,230855.56496,1614482.4852379998
3115,44070432,1446352422272528385,3.0,1.0,3781095.477936,62169.550313
3166,45848808,2673432539,1.0,11.0,51566.155707,472954.99592899997
3208,45976740,82679357,6.0,3.0,159557.154009,1922583.14039
3268,45976740,1365678726,6.0,2.0,106101.44042,1922583.14039
3305,45976740,714569357267853312,6.0,3.0,330451.22038899997,1922583.14039
3338,45976740,1116360718687690758,6.0,3.0,423396.39796100004,1922583.14039
3428,47158291,1446352422272528385,3.0,1.0,3781095.477936,59078.940066999996
3499,47338701,373460084,1.0,2.0,2863.678585,1378890.35017
3509,47338701,525857359,1.0,2.0,66161.311651,1378890.35017
3534,47338701,1699266222,1.0,2.0,21993.537553000002,1378890.35017
3557,47338701,4490072542,1.0,2.0,17799.995953999998,1378890.35017
3560,47338701,711980580813066240,1.0,2.0,736622.894841,1378890.35017
3584,47338701,1111398383606886401,1.0,3.0,27461.939481,1378890.35017
3586,47338701,1156033982586208256,1.0,2.0,39896.731208,1378890.35017
3620,47338701,1443532517164785664,1.0,2.0,20314.117917,1378890.35017
3675,47452040,297404250,2.0,3.0,17155.32079,1086252.077542
3681,47452040,581833131,2.0,3.0,47573.228418,1086252.077542
3684,47452040,634127491,2.0,3.0,181428.43676500002,1086252.077542
3688,47452040,1327666400,2.0,3.0,33205.817956,1086252.077542
3693,47452040,1545053600,2.0,1.0,409256.37599699997,1086252.077542
3703,47452040,3010165940,2.0,3.0,43864.1641,1086252.077542
3724,47452040,1185768024164458496,2.0,3.0,17155.32079,1086252.077542
3745,47692251,279679549,1.0,3.0,79374.418735,151296.377653
3807,58319221,3635505735,1.0,2.0,25698.814137,251438.441479
3810,58319221,756584190112591872,1.0,2.0,1251.57819,251438.441479
3843,60916234,1446352422272528385,2.0,1.0,3781095.477936,21254.019591999997
3883,61521038,279679549,1.0,3.0,79374.418735,1063782.9169370001
3926,61521038,2553547478,1.0,2.0,6146.205687,1063782.9169370001
3981,61521038,1356317747098095616,1.0,3.0,215672.64724000002,1063782.9169370001
3988,61521038,1415746394871189504,1.0,2.0,111886.493272,1063782.9169370001
4040,83508245,1446352422272528385,3.0,1.0,3781095.477936,127428.13151800001
4055,85428184,182230187,1.0,2.0,5032.340792,471860.67285
4089,85428184,3150800516,1.0,3.0,30193.329402,471860.67285
4094,85428184,857464194626727936,1.0,3.0,114976.045123,471860.67285
4119,86384661,21056196,1.0,2.0,20877.318047,751967.794038
4243,94176238,22447958,3.0,2.0,248111.291377,683061.838469
4311,106524304,413514250,2.0,1.0,70450.995001,305084.419065
4339,108413104,272133230,13.0,2.0,107488.051695,79694.427788
4342,108413104,398483708,13.0,2.0,1809.379109,79694.427788
4344,108413104,495066576,13.0,1.0,63440.325892999994,79694.427788
4346,108413104,1545053600,13.0,1.0,409256.37599699997,79694.427788
4393,119925381,58340767,5.0,1.0,73389.121475,1397821.003749
4412,119925381,577727470,5.0,2.0,373590.548534,1397821.003749
4414,119925381,596787864,5.0,1.0,1321371.241195,1397821.003749
4419,119925381,1223950760,5.0,1.0,1266122.524391,1397821.003749
4431,119925381,2262304373,5.0,1.0,209187.350199,1397821.003749
4455,119925381,753744536887824385,5.0,2.0,134078.762673,1397821.003749
4475,119925381,1115838887623122954,5.0,1.0,153853.745179,1397821.003749
4547,129395750,1446352422272528385,3.0,1.0,3781095.477936,278717.664759
4579,150270263,3079986094,1.0,3.0,51431.289464,368544.967871
4583,158095776,258170457,9.0,3.0,51617.512615,488224.892033
4592,158095776,711980580813066240,9.0,2.0,736622.894841,488224.892033
4626,158458133,37597963,1.0,2.0,6695.8858,1078807.275814
4635,158458133,149004101,1.0,2.0,27236.906425,1078807.275814
4641,158458133,205091914,1.0,2.0,20541.020625,1078807.275814
4643,158458133,212463932,1.0,2.0,79167.32450599999,1078807.275814
4666,158458133,563064119,1.0,2.0,196353.96056500002,1078807.275814
4740,159655782,1244435052,1.0,2.0,13829.027947,147590.958873
4752,159655782,1263829639786450945,1.0,3.0,7469.6538980000005,147590.958873
4811,172004509,728594002606428161,3.0,2.0,22095.479758,206564.604172
4826,172004509,1446352422272528385,3.0,1.0,3781095.477936,206564.604172
4868,175259033,2557859383,2.0,1.0,1132691.63006,514427.847042
4874,175259033,973491119433572352,2.0,3.0,37794.802626,514427.847042
4886,175259033,1446352422272528385,2.0,1.0,3781095.477936,514427.847042
4917,176207343,1446352422272528385,3.0,1.0,3781095.477936,230207.729025
5006,177347829,768295011007934469,2.0,1.0,305180.718577,1048865.568064
5054,196717787,15892547,2.0,,,815552.738636
5055,196717787,16213179,2.0,1.0,232512.70361799997,815552.738636
5058,196717787,17388526,2.0,,,815552.738636
5062,196717787,27388441,2.0,,,815552.738636
5068,196717787,77596220,2.0,,,815552.738636
5070,196717787,86861008,2.0,1.0,9144.622465,815552.738636
5071,196717787,100874975,2.0,,,815552.738636
5076,196717787,145058470,2.0,,,815552.738636
5081,196717787,259388196,2.0,,,815552.738636
5082,196717787,271504586,2.0,,,815552.738636
5083,196717787,276093811,2.0,4.0,91342.857496,815552.738636
5086,196717787,288495993,2.0,,,815552.738636
5087,196717787,291336460,2.0,1.0,753.440867,815552.738636
5090,196717787,306967462,2.0,,,815552.738636
5093,196717787,358143304,2.0,,,815552.738636
5099,196717787,467817388,2.0,,,815552.738636
5101,196717787,525910396,2.0,,,815552.738636
5105,196717787,760497115,2.0,4.0,0.0,815552.738636
5106,196717787,811549418,2.0,,,815552.738636
5109,196717787,872810605,2.0,,,815552.738636
5110,196717787,881426857,2.0,,,815552.738636
5112,196717787,1483413924,2.0,1.0,762.474647,815552.738636
5119,196717787,2275886439,2.0,4.0,19200.293649,815552.738636
5123,196717787,2797935107,2.0,,,815552.738636
5124,196717787,3135148227,2.0,,,815552.738636
5126,196717787,3299469609,2.0,,,815552.738636
5130,196717787,4819639768,2.0,5.0,0.0,815552.738636
5138,196717787,891058415195303939,2.0,,,815552.738636
5141,196717787,1066847336050147329,2.0,4.0,294175.044301,815552.738636
5142,196717787,1088545656002801664,2.0,,,815552.738636
5144,196717787,1095768409449459712,2.0,,,815552.738636
5148,196717787,1225848216467509248,2.0,,,815552.738636
5154,196717787,1283460034182209537,2.0,,,815552.738636
5157,196717787,1326306504027287554,2.0,,,815552.738636
5158,196717787,1329460132967821314,2.0,3.0,29874.779536000002,815552.738636
5163,196717787,1439240496921161733,2.0,4.0,368.972818,815552.738636
5165,198927392,37513699,5.0,1.0,102898.200528,162910.844029
5175,198927392,590339623,5.0,3.0,55599.106722000004,162910.844029
5223,205786669,421482494,1.0,2.0,41754.057823,1012661.8279190001
5237,205786669,1093876945,1.0,11.0,78914.152394,1012661.8279190001
5246,205786669,1663428859,1.0,2.0,87863.823485,1012661.8279190001
5266,205786669,733429965333520390,1.0,3.0,403475.1859,1012661.8279190001
5296,205786669,1304621913231286272,1.0,3.0,211979.68931400002,1012661.8279190001
5308,211564038,15677734,5.0,2.0,389040.22610100004,1403026.44631
5309,211564038,16272844,5.0,1.0,3097217.448389,1403026.44631
5342,211564038,274220538,5.0,1.0,57281.246213,1403026.44631
5349,211564038,363070453,5.0,1.0,816986.464468,1403026.44631
5467,215632349,18108896,2.0,3.0,85545.248693,4958323.6578
5498,215632349,50503401,2.0,1.0,42449.645218,4958323.6578
5525,215632349,112903588,2.0,1.0,15569.002238,4958323.6578
5531,215632349,122053347,2.0,3.0,64753.757836000004,4958323.6578
5625,215632349,1033285939,2.0,1.0,186387.394534,4958323.6578
5633,215632349,1225685834,2.0,1.0,95587.10140900001,4958323.6578
5659,215632349,2192354906,2.0,3.0,8912.79698,4958323.6578
5663,215632349,2262304373,2.0,1.0,209187.350199,4958323.6578
5665,215632349,2292642554,2.0,3.0,34337.783035,4958323.6578
5676,215632349,2557859383,2.0,1.0,1132691.63006,4958323.6578
5690,215632349,2872976578,2.0,3.0,33614.773435,4958323.6578
5701,215632349,3180619280,2.0,3.0,34337.783035,4958323.6578
5705,215632349,3333795492,2.0,6.0,340882.609891,4958323.6578
5706,215632349,3418588623,2.0,6.0,416578.260695,4958323.6578
5710,215632349,4719872722,2.0,1.0,59435.280784,4958323.6578
5727,215632349,824357739501531136,2.0,5.0,189127.125445,4958323.6578
5738,215632349,920307650402775041,2.0,3.0,28767.058284,4958323.6578
5760,215632349,1081375274472591361,2.0,3.0,130723.49252300001,4958323.6578
5764,215632349,1121808544377053185,2.0,3.0,10440.471871,4958323.6578
5769,215632349,1178019071821877250,2.0,3.0,227959.78201300002,4958323.6578
5771,215632349,1197389912821116929,2.0,1.0,54746.628616999995,4958323.6578
5783,215632349,1258501542933483520,2.0,3.0,133336.913068,4958323.6578
5787,215632349,1299517391240671233,2.0,1.0,36189.065583999996,4958323.6578
5806,215632349,1392927838001459201,2.0,3.0,106266.56469700001,4958323.6578
5810,215632349,1408262420640960512,2.0,3.0,23859.650992,4958323.6578
5818,215632349,1430883215439540230,2.0,3.0,35375.195932,4958323.6578
5823,215632349,1446352422272528385,2.0,1.0,3781095.477936,4958323.6578
5851,218952640,2321539819,10.0,1.0,114750.246462,331453.00487600005
5852,218952640,2548489298,10.0,2.0,120526.500806,331453.00487600005
5869,234550882,12034642,1.0,3.0,210175.768781,295135.734099
5871,234550882,15677734,1.0,2.0,389040.22610100004,295135.734099
5883,234550882,188240446,1.0,3.0,21599.384509,295135.734099
5884,234550882,302984766,1.0,2.0,57033.37171,295135.734099
5919,237281828,1446352422272528385,3.0,1.0,3781095.477936,4166.0385479999995
5988,248866864,540103190,3.0,1.0,184861.84582000002,181041.594434
6005,248866864,1446352422272528385,3.0,1.0,3781095.477936,181041.594434
6013,249221867,3865577362,1.0,4.0,161236.514169,97614.675481
6031,256360738,90680886,3.0,1.0,61766.184609,433765.773983
6032,256360738,121949981,3.0,6.0,20754.342866,433765.773983
6067,256360738,711980580813066240,3.0,2.0,736622.894841,433765.773983
6070,256360738,1008103433822351360,3.0,6.0,26979.952526999998,433765.773983
6101,256775505,1415746394871189504,1.0,2.0,111886.493272,51363.824534
6155,266048357,769165632738762752,6.0,3.0,211451.146976,273870.988821
6167,266855812,15333188,2.0,3.0,254699.903136,909183.2264719999
6169,266855812,16213179,2.0,1.0,232512.70361799997,909183.2264719999
6173,266855812,23608974,2.0,3.0,3390.7511270000005,909183.2264719999
6176,266855812,38698216,2.0,3.0,7649.398647,909183.2264719999
6182,266855812,82679357,2.0,3.0,159557.154009,909183.2264719999
6199,266855812,427814660,2.0,3.0,20125.506104,909183.2264719999
6200,266855812,474555379,2.0,3.0,21286.166012,909183.2264719999
6201,266855812,509197992,2.0,3.0,2370.819942,909183.2264719999
6204,266855812,590232437,2.0,3.0,12600.114886,909183.2264719999
6205,266855812,634127491,2.0,3.0,181428.43676500002,909183.2264719999
6207,266855812,963149508,2.0,3.0,11584.84245,909183.2264719999
6209,266855812,1034988752,2.0,3.0,3188.82206,909183.2264719999
6212,266855812,1546707727,2.0,3.0,39581.03817,909183.2264719999
6214,266855812,1581508248,2.0,3.0,3188.82206,909183.2264719999
6216,266855812,2150171849,2.0,3.0,12728.514849,909183.2264719999
6218,266855812,2238104048,2.0,3.0,6245.244486,909183.2264719999
6220,266855812,2462297426,2.0,3.0,2855.582793,909183.2264719999
6221,266855812,2845747685,2.0,3.0,22363.246719,909183.2264719999
6226,266855812,4497993159,2.0,3.0,3188.82206,909183.2264719999
6228,266855812,709623799465938944,2.0,3.0,3188.82206,909183.2264719999
6230,266855812,717421242186338305,2.0,3.0,5370.536161999999,909183.2264719999
6235,266855812,881275595807653888,2.0,3.0,9753.29714,909183.2264719999
6240,266855812,912693462163644416,2.0,3.0,3188.82206,909183.2264719999
6243,266855812,966399088085389312,2.0,3.0,7247.510904000001,909183.2264719999
6245,266855812,1018130243805110272,2.0,3.0,7687.846392,909183.2264719999
6246,266855812,1116360718687690758,2.0,3.0,423396.39796100004,909183.2264719999
6247,266855812,1118193171064745985,2.0,1.0,94141.564213,909183.2264719999
6251,266855812,1151320679020498944,2.0,3.0,3917.2242159999996,909183.2264719999
6253,266855812,1178019071821877250,2.0,3.0,227959.78201300002,909183.2264719999
6254,266855812,1231044484261019648,2.0,3.0,14908.141033000002,909183.2264719999
6256,266855812,1294012499013054466,2.0,3.0,3390.7511270000005,909183.2264719999
6286,268832287,582828847,3.0,4.0,852.3055820000001,90685.89128899999
6296,269930134,28941139,3.0,1.0,5817.542697999999,262577.861812
6318,269930134,3618354350,3.0,1.0,5817.542697999999,262577.861812
6334,269930134,1446352422272528385,3.0,1.0,3781095.477936,262577.861812
6347,270570153,1446352422272528385,3.0,1.0,3781095.477936,64318.591966
6366,271073165,875672733752987649,1.0,2.0,3909.3868909999997,118099.936831
6436,272185225,2942980610,1.0,3.0,16971.839922,755256.1019369999
6595,273262205,596787864,4.0,1.0,1321371.241195,306018.266518
6685,276713213,105372011,1.0,4.0,18173.385682,350790.347259
6770,277332906,52350953,2.0,7.0,566939.8335470001,1933454.996833
6816,277332906,495066576,2.0,1.0,63440.325892999994,1933454.996833
6833,277332906,1373991758,2.0,1.0,728234.198565,1933454.996833
6897,277332906,1213405462021853185,2.0,1.0,395644.10859099997,1933454.996833
6987,280552762,1125841354716696576,7.0,2.0,244346.69725300002,806650.794472
7143,283226685,576365948,1.0,2.0,8352.099265,934580.097517
7313,321752222,1055536236,3.0,6.0,26411.919368,319065.027764
7407,335361064,751852736,4.0,1.0,688617.522824,581107.48245
7427,335361064,3310729620,4.0,2.0,179777.796922,581107.48245
7495,335769776,1265853916077527042,1.0,2.0,24207.33868,346977.208416
7524,341866567,12034642,2.0,3.0,210175.768781,427064.839068
7563,341866567,1729978615,2.0,1.0,20767.631152,427064.839068
7576,341866567,819185162479144960,2.0,1.0,26603.422989,427064.839068
7585,341866567,1181986921079287809,2.0,1.0,4085.532953,427064.839068
7588,341866567,1326000340018270208,2.0,1.0,5275.400625,427064.839068
7590,341866567,1380278410736439302,2.0,1.0,27547.669304000003,427064.839068
7594,343059330,47371589,3.0,1.0,146005.134131,546327.727789
7595,343059330,75984040,3.0,6.0,82722.89892200001,546327.727789
7629,343059330,2849064914,3.0,6.0,27708.734270999998,546327.727789
7634,343059330,818660875259277313,3.0,2.0,99684.303627,546327.727789
7656,343059330,1446352422272528385,3.0,1.0,3781095.477936,546327.727789
7696,360677740,1663428859,1.0,2.0,87863.823485,409732.486339
7761,366225624,596787864,2.0,1.0,1321371.241195,647739.701046
7765,366225624,1545053600,2.0,1.0,409256.37599699997,647739.701046
7772,366225624,3187125694,2.0,1.0,15698.978986000002,647739.701046
7801,377588094,14837621,2.0,1.0,328825.166626,415939.16601
7846,377588094,1117035592565628928,2.0,5.0,42576.378188,415939.16601
7850,377588094,1286102971974025217,2.0,5.0,42576.378188,415939.16601
7855,382949896,17900758,1.0,2.0,31718.269312,173107.75834600002
7884,401738614,86425142,4.0,3.0,27069.112035000002,11046.758467
7937,408072407,884681534,1.0,10.0,35783.75528,448409.348705
7974,412708728,75984040,3.0,6.0,82722.89892200001,906184.7852290001
7983,412708728,313250205,3.0,4.0,59809.868456,906184.7852290001
8095,412708728,1279885961841819649,3.0,4.0,129098.159799,906184.7852290001
8143,414218319,2275886439,3.0,4.0,19200.293649,262984.749785
8153,414218319,1090055713462865925,3.0,4.0,60837.337424,262984.749785
8160,414218319,1319082870498091008,3.0,4.0,11106.678084000001,262984.749785
8185,417389780,15677734,1.0,2.0,389040.22610100004,1143796.482785
8250,417389780,524785211,1.0,2.0,136872.403079,1143796.482785
8261,417389780,1241938664,1.0,2.0,150442.15560899998,1143796.482785
8296,417389780,853722212741898240,1.0,2.0,3090.949418,1143796.482785
8316,417389780,1180991940042661888,1.0,2.0,32843.034677999996,1143796.482785
8401,436087744,36422158,1.0,2.0,5276.871172,183392.48565
8433,475298690,48035511,2.0,1.0,33570.284126,89256.397696
8435,475298690,477503229,2.0,1.0,23686.518199000002,89256.397696
8469,488052222,788747576598069248,1.0,3.0,23006.782273,113357.74938
8495,500232993,12034642,1.0,3.0,210175.768781,76465.365939
8498,500232993,19853321,1.0,2.0,6232.599209,76465.365939
8554,524557553,2727310657,1.0,5.0,128191.067054,345801.15310500003
8622,564207331,1446352422272528385,3.0,1.0,3781095.477936,215117.371657
8648,575497430,1367155660933136384,8.0,3.0,203371.180875,216067.338809
8651,577727470,18340314,2.0,5.0,5262.025693,373590.548534
8656,577727470,83712358,2.0,5.0,5262.025693,373590.548534
8674,577727470,3153084524,2.0,5.0,5262.025693,373590.548534
8710,579377522,192775929,1.0,2.0,9096.408411,137560.41687000002
8746,593944500,201984482,1.0,2.0,8226.442046,314929.542913
8775,593944500,967837552425119744,1.0,5.0,5158.301837,314929.542913
8821,631988630,3313678069,1.0,2.0,141387.312382,352477.254002
8897,714340176,1010557821614739456,1.0,2.0,16088.614212999999,356374.513621
8910,714340176,1424060815947206662,1.0,2.0,3140.230707,356374.513621
8927,739149720,97751783,3.0,1.0,29433.974418,2776032.751543
9115,739149720,1303704709123969024,3.0,1.0,2164853.324642,2776032.751543
9159,739149720,1446352422272528385,3.0,1.0,3781095.477936,2776032.751543
9181,780323935,1229490959941017600,1.0,2.0,5276.075132999999,82674.957643
9325,1002181382,3236365296,1.0,2.0,20962.671325,331769.944498
9350,1002181382,1180991940042661888,1.0,2.0,32843.034677999996,331769.944498
9369,1072270926,80728527,1.0,2.0,29236.93916,108994.223714
9374,1072270926,302984766,1.0,2.0,57033.37171,108994.223714
9411,1278253171,1077274080984862720,3.0,2.0,13161.337256,95078.484844
9428,1283934079,1446352422272528385,3.0,1.0,3781095.477936,46832.172197
9443,1319298517,1446352422272528385,3.0,1.0,3781095.477936,84632.648213
9444,1360838234,15257975,1.0,2.0,4176.847031,175673.685617
9490,1390883714,279679549,1.0,3.0,79374.418735,274692.972884
9493,1390883714,1350110390,1.0,3.0,27583.975657,274692.972884
9504,1390883714,1008987247616512000,1.0,4.0,55649.60312000001,274692.972884
9505,1390883714,1248917771733237760,1.0,4.0,22930.033076,274692.972884
9507,1390883714,1384365976922181637,1.0,3.0,88676.276989,274692.972884
9570,1646334073,17954186,1.0,3.0,20863.315152000003,755861.3110529999
9575,1646334073,25397132,1.0,3.0,23581.632672,755861.3110529999
9580,1646334073,44361737,1.0,2.0,24710.525712,755861.3110529999
9581,1646334073,45868481,1.0,2.0,14158.244185,755861.3110529999
9582,1646334073,51075355,1.0,3.0,15085.024366999998,755861.3110529999
9625,1646334073,1180302456,1.0,3.0,15085.024366999998,755861.3110529999
9634,1646334073,2185520736,1.0,3.0,15085.024366999998,755861.3110529999
9648,1646334073,3242988211,1.0,3.0,15085.024366999998,755861.3110529999
9652,1646334073,712039917493342209,1.0,3.0,2718.31752,755861.3110529999
9656,1646334073,807818269319000064,1.0,3.0,15085.024366999998,755861.3110529999
9662,1646334073,972596838414008320,1.0,3.0,20863.315152000003,755861.3110529999
9680,1646334073,1255915694186795012,1.0,3.0,15085.024366999998,755861.3110529999
9704,1707636642,15677734,1.0,2.0,389040.22610100004,2610868.386972
9739,1707636642,165100373,1.0,4.0,581286.78602,2610868.386972
9753,1707636642,246825072,1.0,3.0,38886.047713,2610868.386972
9757,1707636642,250414494,1.0,2.0,69751.254005,2610868.386972
9774,1707636642,376391827,1.0,2.0,176837.036423,2610868.386972
9795,1707636642,590165011,1.0,2.0,41415.960185,2610868.386972
9831,1707636642,2171336220,1.0,2.0,23069.782854,2610868.386972
9856,1707636642,3865577362,1.0,4.0,161236.514169,2610868.386972
10062,1899063048,15407637,1.0,2.0,17861.056373,791673.34661
10177,1942107584,15677734,1.0,2.0,389040.22610100004,643065.032032
10233,1942107584,1663428859,1.0,2.0,87863.823485,643065.032032
10281,1942107584,1149736385475207169,1.0,3.0,11625.907970999999,643065.032032
10304,1957288050,80728527,3.0,2.0,29236.93916,289576.107803
10337,1957288050,1415746394871189504,3.0,2.0,111886.493272,289576.107803
10342,1957288050,1446352422272528385,3.0,1.0,3781095.477936,289576.107803
10370,2149496034,1008987247616512000,3.0,4.0,55649.60312000001,313930.56426
10375,2149496034,1080742203633262592,3.0,4.0,5135.594386,313930.56426
10451,2249182471,1087983274402766848,12.0,1.0,154056.479874,124579.0
10490,2332742508,279679549,1.0,3.0,79374.418735,154392.88095
10491,2332742508,280677070,1.0,2.0,4988.256942,154392.88095
10541,2344419362,404349157,1.0,2.0,61485.944047000005,484145.41918
10566,2344419362,729194378779078656,1.0,2.0,1691.8115,484145.41918
10583,2344419362,1347272097786171394,1.0,2.0,1691.8115,484145.41918
10610,2352629420,56029187,1.0,2.0,10101.782589,1087397.013054
10639,2352629420,264439847,1.0,2.0,10101.782589,1087397.013054
10689,2352629420,1611758551,1.0,2.0,7283.801668000001,1087397.013054
10808,2513973205,1052848710,1.0,3.0,26994.793985000004,245714.71574899997
10859,2530008414,135000298,4.0,3.0,11482.692839,200041.822184
11013,2715275551,78429753,2.0,5.0,30306.343851999998,685312.997198
11045,2715275551,2434162616,2.0,1.0,1198768.934027,685312.997198
11060,2715275551,971857794826567680,2.0,1.0,61259.721246,685312.997198
11089,2733595406,1083738940199317504,3.0,1.0,25199.100675,80980.67283899999
11090,2733595406,1087983274402766848,3.0,1.0,154056.479874,80980.67283899999
11102,2800741820,86425142,4.0,3.0,27069.112035000002,284271.951189
11188,2800741820,1213189717425917953,4.0,6.0,25376.609542,284271.951189
11210,2848993491,232519990,1.0,2.0,15905.220404,235486.91978499998
11247,2848993491,1271509161717706760,1.0,2.0,6113.282381,235486.91978499998
11279,2852899113,250414494,1.0,2.0,69751.254005,683996.113796
11310,2852899113,2345872214,1.0,2.0,37546.030646,683996.113796
11399,2891740872,169268197,1.0,2.0,19979.176635,826485.025973
11432,2891740872,820394508,1.0,2.0,17688.044450999998,826485.025973
11486,2891740872,1297554634182209537,1.0,2.0,7722.538227,826485.025973
11489,2891740872,1335613030852386817,1.0,10.0,103680.07203,826485.025973
11602,3115495914,1446352422272528385,3.0,1.0,3781095.477936,88131.34765
11666,3188558830,728304522662043648,1.0,2.0,1736.667536,628690.008474
11698,3188558830,1251989186862866433,1.0,2.0,14017.642847,628690.008474
11771,3257047456,404349157,1.0,2.0,61485.944047000005,80422.517326
11806,3299711869,877347579180220417,8.0,2.0,34907.744872,238194.53961900002
11808,3299711869,1078044289454747648,8.0,1.0,29016.827093,238194.53961900002
11817,3320613061,1446352422272528385,3.0,1.0,3781095.477936,31902.271136000003
11938,3375064758,818660875259277313,3.0,2.0,99684.303627,486652.698863
12029,4026045455,16146062,1.0,2.0,2692.633155,299426.051024
12042,4026045455,174544891,1.0,2.0,2692.633155,299426.051024
12055,4026045455,739347067,1.0,2.0,2692.633155,299426.051024
12081,4026045455,1248842158553141250,1.0,2.0,11814.344347,299426.051024
12084,4104867797,16213179,4.0,1.0,232512.70361799997,57679.872430999996
12147,4568748862,1446352422272528385,3.0,1.0,3781095.477936,40337.761048
12195,720083863830069249,1446352422272528385,3.0,1.0,3781095.477936,286902.32003400003
12215,720579941184757760,266580278,1.0,2.0,1943.1085690000002,331816.84663000004
12223,720579941184757760,404349157,1.0,2.0,61485.944047000005,331816.84663000004
12272,720579941184757760,1095260188716777472,1.0,3.0,9532.123373,331816.84663000004
12291,737359208945844224,40216315,3.0,2.0,27703.853318999998,1233496.3266780002
12328,737359208945844224,3237987454,3.0,1.0,543854.555441,1233496.3266780002
12330,737359208945844224,3418588623,3.0,6.0,416578.260695,1233496.3266780002
12333,737359208945844224,4803873902,3.0,6.0,47991.797485,1233496.3266780002
12427,737359208945844224,1438876255202406406,3.0,6.0,47991.797485,1233496.3266780002
12429,737359208945844224,1446352422272528385,3.0,1.0,3781095.477936,1233496.3266780002
12487,876849435820474368,68966030,3.0,2.0,36859.272338,70009.053382
12489,876849435820474368,226216800,3.0,1.0,3795.556118,70009.053382
12496,876849435820474368,1446352422272528385,3.0,1.0,3781095.477936,70009.053382
12595,883774859452579840,1360345646826483717,3.0,1.0,409077.434489,802950.539736
12632,955157569894404096,1306136273782935553,3.0,1.0,63937.10165700001,101497.73965599999
12914,1086084557009575936,2834753506,3.0,2.0,27357.585979000003,705669.900703
12928,1086084557009575936,711980580813066240,3.0,2.0,736622.894841,705669.900703
12931,1086084557009575936,818660875259277313,3.0,2.0,99684.303627,705669.900703
12956,1086084557009575936,1446352422272528385,3.0,1.0,3781095.477936,705669.900703
12996,1125543746697924609,751852736,4.0,1.0,688617.522824,473793.793513
13101,1143229947932229632,376391827,4.0,2.0,176837.036423,812987.549734
13210,1143229947932229632,1309334948847943681,4.0,1.0,117837.096843,812987.549734
13306,1162219997977960449,20750271,1.0,2.0,55515.858326999994,315721.791239
13314,1162219997977960449,103297393,1.0,13.0,2094.380837,315721.791239
13435,1170770038208565248,30247200,1.0,3.0,11003.424869,257934.54964699998
13478,1171073846335721472,68966030,1.0,2.0,36859.272338,84851.329482
13506,1198299741060239360,1976161178,3.0,1.0,4864.415014,66844.30955800001
13511,1198299741060239360,1446352422272528385,3.0,1.0,3781095.477936,66844.30955800001
13513,1203545123356839936,19478009,1.0,2.0,8464.767319,144817.687369
13658,1337408652416864259,3586975572,3.0,2.0,4754.586714,1081.790466
13660,1342125115383939073,16213179,4.0,1.0,232512.70361799997,470222.993257
13779,1381435843492085760,15677734,1.0,2.0,389040.22610100004,467670.890486
13903,1382491059247255554,2548489298,3.0,2.0,120526.500806,422347.472387
13937,1382491059247255554,1446352422272528385,3.0,1.0,3781095.477936,422347.472387
