2060,3409346380,TI_Canada,1451356374533824514,6,12,False,2021-10-22T01:14:59.000Z
2061,3409346380,TI_Canada,1451203589175537672,2,2,False,2021-10-21T15:07:52.000Z
2063,3409346380,TI_Canada,1450920790715551745,4,5,False,2021-10-20T20:24:07.000Z
2065,3409346380,TI_Canada,1450809774577274883,9,17,False,2021-10-20T13:02:59.000Z
2066,3409346380,TI_Canada,1450505027429224454,6,8,False,2021-10-19T16:52:02.000Z
2067,3409346380,TI_Canada,1450502531742896130,0,0,False,2021-10-19T16:42:07.000Z
2069,3409346380,TI_Canada,1450468845488050194,8,14,False,2021-10-19T14:28:15.000Z
2070,3409346380,TI_Canada,1450468299825897475,1,1,False,2021-10-19T14:26:05.000Z
2071,3409346380,TI_Canada,1450165138594664453,0,1,False,2021-10-18T18:21:26.000Z
2074,3409346380,TI_Canada,1450089695954837510,21,24,False,2021-10-18T13:21:39.000Z
2075,3409346380,TI_Canada,1450086896231649283,10,10,False,2021-10-18T13:10:32.000Z
2078,3409346380,TI_Canada,1449120940508565514,2,4,False,2021-10-15T21:12:10.000Z
2080,3409346380,TI_Canada,1448677961343791108,1,0,False,2021-10-14T15:51:55.000Z
2082,3409346380,TI_Canada,1448322312667680774,1,2,False,2021-10-13T16:18:42.000Z
2088,3409346380,TI_Canada,1446161678253494272,0,0,False,2021-10-07T17:13:07.000Z
2091,3409346380,TI_Canada,1445824229757243394,2,3,False,2021-10-06T18:52:13.000Z
2092,3409346380,TI_Canada,1445493405245575172,4,9,False,2021-10-05T20:57:38.000Z
2093,3409346380,TI_Canada,1445454778343968775,4,5,False,2021-10-05T18:24:09.000Z
2099,3409346380,TI_Canada,1443583655922712584,4,5,False,2021-09-30T14:28:58.000Z
2102,3409346380,TI_Canada,1443235171419897863,2,3,False,2021-09-29T15:24:13.000Z
2103,3409346380,TI_Canada,1443233332494417923,1,2,False,2021-09-29T15:16:55.000Z
2124,3409346380,TI_Canada,1442883699494699008,2,3,False,2021-09-28T16:07:36.000Z
2125,3409346380,TI_Canada,1442513070249549828,2,3,False,2021-09-27T15:34:51.000Z
2126,3409346380,TI_Canada,1442512978876649482,3,5,False,2021-09-27T15:34:29.000Z
2128,3409346380,TI_Canada,1441400487757205505,1,0,False,2021-09-24T13:53:50.000Z
2129,3409346380,TI_Canada,1441399378732847104,2,1,False,2021-09-24T13:49:26.000Z
2132,3409346380,TI_Canada,1441041473961594880,2,3,False,2021-09-23T14:07:15.000Z
2134,3409346380,TI_Canada,1440717510051909641,4,7,False,2021-09-22T16:39:56.000Z
2138,3409346380,TI_Canada,1439978531983814661,2,3,False,2021-09-20T15:43:30.000Z
2143,29545977,TOpublicspace,1449776796015206402,4,14,False,2021-10-17T16:38:18.000Z
2152,29545977,TOpublicspace,1448375033299181569,2,6,False,2021-10-13T19:48:12.000Z
2156,29545977,TOpublicspace,1446885317764685824,0,1,False,2021-10-09T17:08:36.000Z
2164,29545977,TOpublicspace,1446559663370211348,0,1,False,2021-10-08T19:34:34.000Z
2165,29545977,TOpublicspace,1446559550807674907,0,1,False,2021-10-08T19:34:07.000Z
2166,29545977,TOpublicspace,1446559332364062722,1,2,False,2021-10-08T19:33:15.000Z
2167,29545977,TOpublicspace,1446559289569644544,3,11,False,2021-10-08T19:33:05.000Z
2173,29545977,TOpublicspace,1445196153923022850,2,7,False,2021-10-05T01:16:28.000Z
2175,29545977,TOpublicspace,1445100103107334151,0,1,False,2021-10-04T18:54:47.000Z
2183,59686058,TOenviro,1450907289301487616,13,13,False,2021-10-20T19:30:28.000Z
2184,59686058,TOenviro,1450455381256384517,0,1,False,2021-10-19T13:34:45.000Z
2185,59686058,TOenviro,1450086105915793424,3,6,False,2021-10-18T13:07:23.000Z
2187,59686058,TOenviro,1448285420337475592,11,10,False,2021-10-13T13:52:06.000Z
2188,59686058,TOenviro,1443665343415832581,2,4,False,2021-09-30T19:53:34.000Z
2190,763993141,davidpecklive,1451564160039403555,1,1,False,2021-10-22T15:00:39.000Z
2191,763993141,davidpecklive,1451538181803974656,0,2,False,2021-10-22T13:17:25.000Z
2192,763993141,davidpecklive,1451534224914272261,0,1,False,2021-10-22T13:01:42.000Z
2193,763993141,davidpecklive,1448607783411228672,0,0,False,2021-10-14T11:13:04.000Z
2195,763993141,davidpecklive,1447580771536056333,0,0,False,2021-10-11T15:12:05.000Z
2197,763993141,davidpecklive,1444334336128569345,0,0,False,2021-10-02T16:11:54.000Z
2198,763993141,davidpecklive,1441375253108703250,0,0,False,2021-09-24T12:13:34.000Z
2201,150270263,SamaraCDA,1451556451273650178,1,2,False,2021-10-22T14:30:01.000Z
2203,150270263,SamaraCDA,1451197071071989763,2,12,False,2021-10-21T14:41:58.000Z
2205,150270263,SamaraCDA,1450892330253291526,4,5,False,2021-10-20T18:31:02.000Z
2206,150270263,SamaraCDA,1450846633013485575,1,4,False,2021-10-20T15:29:27.000Z
2208,150270263,SamaraCDA,1449072853576519683,0,3,False,2021-10-15T18:01:05.000Z
2209,150270263,SamaraCDA,1449035554524483592,1,5,False,2021-10-15T15:32:52.000Z
2210,150270263,SamaraCDA,1448672674675367940,5,3,False,2021-10-14T15:30:55.000Z
2211,150270263,SamaraCDA,1448401466167803909,3,5,False,2021-10-13T21:33:14.000Z
2212,150270263,SamaraCDA,1447970618390024198,0,2,False,2021-10-12T17:01:12.000Z
2214,150270263,SamaraCDA,1446557565236744201,3,5,False,2021-10-08T19:26:13.000Z
2217,150270263,SamaraCDA,1445782366329323528,1,4,False,2021-10-06T16:05:52.000Z
2218,150270263,SamaraCDA,1445763953615724549,0,1,False,2021-10-06T14:52:42.000Z
2220,150270263,SamaraCDA,1445435847269130256,4,0,False,2021-10-05T17:08:55.000Z
2223,150270263,SamaraCDA,1444059560243773445,1,2,False,2021-10-01T22:00:03.000Z
2224,150270263,SamaraCDA,1444004380445925376,1,6,False,2021-10-01T18:20:47.000Z
2228,150270263,SamaraCDA,1442936351918153737,0,0,False,2021-09-28T19:36:49.000Z
2229,150270263,SamaraCDA,1442840410209112068,1,3,False,2021-09-28T13:15:35.000Z
2230,150270263,SamaraCDA,1442516337725632514,2,3,False,2021-09-27T15:47:50.000Z
2231,150270263,SamaraCDA,1441462941153382406,0,3,False,2021-09-24T18:02:00.000Z
2232,150270263,SamaraCDA,1441462939236454406,0,3,False,2021-09-24T18:02:00.000Z
2234,150270263,SamaraCDA,1441034609710485507,1,4,False,2021-09-23T13:39:58.000Z
2235,150270263,SamaraCDA,1440731165560741895,2,6,False,2021-09-22T17:34:12.000Z
2236,150270263,SamaraCDA,1440713760465846280,4,7,False,2021-09-22T16:25:02.000Z
2239,150270263,SamaraCDA,1440389725018210307,1,3,False,2021-09-21T18:57:26.000Z
2240,150270263,SamaraCDA,1440325500874870786,5,15,False,2021-09-21T14:42:14.000Z
2242,150270263,SamaraCDA,1440042002477813769,7,6,False,2021-09-20T19:55:42.000Z
2243,150270263,SamaraCDA,1440023925551947776,0,1,False,2021-09-20T18:43:52.000Z
2245,150270263,SamaraCDA,1440012326590107659,4,8,False,2021-09-20T17:57:47.000Z
2247,150270263,SamaraCDA,1439979105139806214,0,1,False,2021-09-20T15:45:46.000Z
2250,108413104,rideauinstitute,1451897822681391109,2,2,False,2021-10-23T13:06:30.000Z
2252,108413104,rideauinstitute,1451535899603390470,2,3,False,2021-10-22T13:08:21.000Z
2253,108413104,rideauinstitute,1451515432314281997,2,3,False,2021-10-22T11:47:01.000Z
2254,108413104,rideauinstitute,1451241477745618946,2,3,False,2021-10-21T17:38:25.000Z
2255,108413104,rideauinstitute,1451156989699055616,3,3,False,2021-10-21T12:02:42.000Z
2256,108413104,rideauinstitute,1450780363375222791,3,3,False,2021-10-20T11:06:07.000Z
2257,108413104,rideauinstitute,1450428029562408960,5,6,False,2021-10-19T11:46:04.000Z
2258,108413104,rideauinstitute,1450199710447325185,2,2,False,2021-10-18T20:38:49.000Z
2259,108413104,rideauinstitute,1450063531748077575,2,3,False,2021-10-18T11:37:41.000Z
2261,108413104,rideauinstitute,1448972982269906945,2,4,False,2021-10-15T11:24:14.000Z
2262,108413104,rideauinstitute,1448743909631401985,6,6,False,2021-10-14T20:13:59.000Z
2263,108413104,rideauinstitute,1448606442915827730,2,3,False,2021-10-14T11:07:44.000Z
2264,108413104,rideauinstitute,1448310341910339584,2,2,False,2021-10-13T15:31:08.000Z
2265,108413104,rideauinstitute,1448248603215081476,2,2,False,2021-10-13T11:25:48.000Z
2266,108413104,rideauinstitute,1447959624376795145,0,0,False,2021-10-12T16:17:30.000Z
2267,108413104,rideauinstitute,1447948968965677063,2,2,False,2021-10-12T15:35:10.000Z
2268,108413104,rideauinstitute,1447898169287888900,3,3,False,2021-10-12T12:13:18.000Z
2270,108413104,rideauinstitute,1446439978259697673,2,4,False,2021-10-08T11:38:59.000Z
2271,108413104,rideauinstitute,1446183247399071753,3,4,False,2021-10-07T18:38:49.000Z
2272,108413104,rideauinstitute,1446085056972443648,3,7,False,2021-10-07T12:08:39.000Z
2273,108413104,rideauinstitute,1445773370507677712,3,4,False,2021-10-06T15:30:07.000Z
2274,108413104,rideauinstitute,1445718910788059136,2,2,False,2021-10-06T11:53:43.000Z
2275,108413104,rideauinstitute,1445452338588569601,0,0,False,2021-10-05T18:14:27.000Z
2277,108413104,rideauinstitute,1445451117819695113,2,2,False,2021-10-05T18:09:36.000Z
2278,108413104,rideauinstitute,1445351406962106370,2,2,False,2021-10-05T11:33:23.000Z
2279,108413104,rideauinstitute,1445099481691828226,4,4,False,2021-10-04T18:52:19.000Z
2280,108413104,rideauinstitute,1444989425042300933,3,3,False,2021-10-04T11:35:00.000Z
2282,108413104,rideauinstitute,1443957752448131073,3,5,False,2021-10-01T15:15:30.000Z
2283,108413104,rideauinstitute,1443902785095880706,3,3,False,2021-10-01T11:37:05.000Z
2284,108413104,rideauinstitute,1443599445329944576,3,3,False,2021-09-30T15:31:43.000Z
2285,108413104,rideauinstitute,1443547695046696960,2,5,False,2021-09-30T12:06:04.000Z
2286,108413104,rideauinstitute,1443307015510630401,3,4,False,2021-09-29T20:09:42.000Z
2287,108413104,rideauinstitute,1443177901554286594,5,6,False,2021-09-29T11:36:39.000Z
2288,108413104,rideauinstitute,1442878055488364544,3,5,False,2021-09-28T15:45:10.000Z
2289,108413104,rideauinstitute,1442822135228022786,3,3,False,2021-09-28T12:02:58.000Z
2290,108413104,rideauinstitute,1442572149135446018,3,5,False,2021-09-27T19:29:36.000Z
2291,108413104,rideauinstitute,1442511873824346128,4,5,False,2021-09-27T15:30:05.000Z
2292,108413104,rideauinstitute,1442453739822936069,2,5,False,2021-09-27T11:39:05.000Z
2294,108413104,rideauinstitute,1441493474768003072,4,6,False,2021-09-24T20:03:20.000Z
2295,108413104,rideauinstitute,1441381009384112139,3,2,False,2021-09-24T12:36:26.000Z
2296,108413104,rideauinstitute,1441103808239521801,2,2,False,2021-09-23T18:14:56.000Z
2297,108413104,rideauinstitute,1441001827508625409,2,2,False,2021-09-23T11:29:42.000Z
2298,108413104,rideauinstitute,1440780880390213635,2,2,False,2021-09-22T20:51:44.000Z
2299,108413104,rideauinstitute,1440699951063830539,2,2,False,2021-09-22T15:30:09.000Z
2300,108413104,rideauinstitute,1440640442341609486,2,2,False,2021-09-22T11:33:41.000Z
2301,108413104,rideauinstitute,1440404246369746948,2,2,False,2021-09-21T19:55:08.000Z
2302,108413104,rideauinstitute,1440335649664483333,3,3,False,2021-09-21T15:22:33.000Z
2303,108413104,rideauinstitute,1440335259942285318,0,1,False,2021-09-21T15:21:00.000Z
2304,108413104,rideauinstitute,1440274808848084994,2,2,False,2021-09-21T11:20:48.000Z
2305,108413104,rideauinstitute,1440274537556283409,1,1,False,2021-09-21T11:19:43.000Z
2306,108413104,rideauinstitute,1440040516012294155,2,2,False,2021-09-20T19:49:48.000Z
2307,108413104,rideauinstitute,1440040212181118994,0,1,False,2021-09-20T19:48:35.000Z
2308,108413104,rideauinstitute,1439974706510241796,2,2,False,2021-09-20T15:28:18.000Z
2309,108413104,rideauinstitute,1439974356256440320,0,0,False,2021-09-20T15:26:54.000Z
2310,108413104,rideauinstitute,1439911441495207937,2,3,False,2021-09-20T11:16:54.000Z
2311,108413104,rideauinstitute,1439911230639153162,0,1,False,2021-09-20T11:16:04.000Z
2312,79260190,OptionConso,1451636797465890820,0,1,False,2021-10-22T19:49:17.000Z
2313,79260190,OptionConso,1451527771742740482,1,3,False,2021-10-22T12:36:03.000Z
2314,79260190,OptionConso,1451264143454085138,0,0,False,2021-10-21T19:08:29.000Z
2315,79260190,OptionConso,1451220549548511236,0,0,False,2021-10-21T16:15:16.000Z
2316,79260190,OptionConso,1450941403706626050,0,0,False,2021-10-20T21:46:02.000Z
2317,79260190,OptionConso,1450495718326743046,1,0,False,2021-10-19T16:15:02.000Z
2318,79260190,OptionConso,1450078218468401159,1,1,False,2021-10-18T12:36:03.000Z
2319,79260190,OptionConso,1449100343086825477,0,0,False,2021-10-15T19:50:19.000Z
2320,79260190,OptionConso,1448991053101547534,0,0,False,2021-10-15T12:36:02.000Z
2321,79260190,OptionConso,1448321425367080964,0,1,False,2021-10-13T16:15:10.000Z
2322,79260190,OptionConso,1447959012973162502,0,2,False,2021-10-12T16:15:05.000Z
2324,79260190,OptionConso,1447607515911491591,0,1,False,2021-10-11T16:58:21.000Z
2325,79260190,OptionConso,1446151853582991360,0,0,False,2021-10-07T16:34:04.000Z
2326,79260190,OptionConso,1446151458710335493,0,1,False,2021-10-07T16:32:30.000Z
2328,79260190,OptionConso,1445789394837803012,1,0,False,2021-10-06T16:33:47.000Z
2329,79260190,OptionConso,1445067091963432973,0,0,False,2021-10-04T16:43:37.000Z
2330,79260190,OptionConso,1443972753225392158,1,1,False,2021-10-01T16:15:06.000Z
2331,79260190,OptionConso,1443610360423100420,0,0,False,2021-09-30T16:15:05.000Z
2332,79260190,OptionConso,1443555228821950470,1,1,False,2021-09-30T12:36:01.000Z
2333,79260190,OptionConso,1443230850720714752,0,0,False,2021-09-29T15:07:03.000Z
2334,79260190,OptionConso,1443230637662646280,0,0,False,2021-09-29T15:06:12.000Z
2335,79260190,OptionConso,1442853837669343235,0,1,False,2021-09-28T14:08:56.000Z
2336,79260190,OptionConso,1442853571180048388,1,0,False,2021-09-28T14:07:52.000Z
2337,79260190,OptionConso,1442830461881966595,0,0,False,2021-09-28T12:36:03.000Z
2338,79260190,OptionConso,1442527750594588679,0,0,False,2021-09-27T16:33:11.000Z
2339,79260190,OptionConso,1441802362008612867,1,0,False,2021-09-25T16:30:45.000Z
2341,79260190,OptionConso,1441440280813584389,0,2,False,2021-09-24T16:31:58.000Z
2342,79260190,OptionConso,1440334241431113743,0,1,False,2021-09-21T15:16:57.000Z
2343,79260190,OptionConso,1439988031235239940,0,0,False,2021-09-20T16:21:14.000Z
2344,79260190,OptionConso,1439986487471316993,1,0,False,2021-09-20T16:15:06.000Z
2345,80471236,OntarioHealthC,1451973731430150149,0,6,False,2021-10-23T18:08:08.000Z
2346,80471236,OntarioHealthC,1451953075032309773,0,0,False,2021-10-23T16:46:03.000Z
2347,80471236,OntarioHealthC,1451951226149539840,0,1,False,2021-10-23T16:38:42.000Z
2349,80471236,OntarioHealthC,1451771148681859074,2,2,False,2021-10-23T04:43:09.000Z
2351,80471236,OntarioHealthC,1451570675500650499,11,16,False,2021-10-22T15:26:32.000Z
2352,80471236,OntarioHealthC,1451570671545425924,26,58,False,2021-10-22T15:26:31.000Z
2353,80471236,OntarioHealthC,1451344739110895616,2,11,False,2021-10-22T00:28:45.000Z
2354,80471236,OntarioHealthC,1451340324379496452,7,22,False,2021-10-22T00:11:12.000Z
2355,80471236,OntarioHealthC,1451263676460187650,6,21,False,2021-10-21T19:06:38.000Z
2357,80471236,OntarioHealthC,1451243535739637760,0,3,False,2021-10-21T17:46:36.000Z
2358,80471236,OntarioHealthC,1451226981266247681,8,24,False,2021-10-21T16:40:49.000Z
2359,80471236,OntarioHealthC,1451222711158591495,1,9,False,2021-10-21T16:23:51.000Z
2360,80471236,OntarioHealthC,1451221334873288709,1,4,False,2021-10-21T16:18:23.000Z
2361,80471236,OntarioHealthC,1451218485669994498,3,4,False,2021-10-21T16:07:03.000Z
2363,80471236,OntarioHealthC,1451210780578357248,3,12,False,2021-10-21T15:36:26.000Z
2364,80471236,OntarioHealthC,1451210776207925257,28,92,False,2021-10-21T15:36:25.000Z
2365,80471236,OntarioHealthC,1450926309052493825,1,6,False,2021-10-20T20:46:03.000Z
2366,80471236,OntarioHealthC,1450916787663552514,5,15,False,2021-10-20T20:08:13.000Z
2367,80471236,OntarioHealthC,1450916783330844678,25,63,False,2021-10-20T20:08:12.000Z
2368,80471236,OntarioHealthC,1450902489453170690,0,6,False,2021-10-20T19:11:24.000Z
2369,80471236,OntarioHealthC,1450902486093598728,11,39,False,2021-10-20T19:11:23.000Z
2370,80471236,OntarioHealthC,1450882448196263945,0,7,False,2021-10-20T17:51:46.000Z
2371,80471236,OntarioHealthC,1450882442978598917,0,6,False,2021-10-20T17:51:45.000Z
2372,80471236,OntarioHealthC,1450882437945380869,0,6,False,2021-10-20T17:51:43.000Z
2373,80471236,OntarioHealthC,1450882432920662019,0,6,False,2021-10-20T17:51:42.000Z
2374,80471236,OntarioHealthC,1450882429061935105,0,8,False,2021-10-20T17:51:41.000Z
2375,80471236,OntarioHealthC,1450882424263647234,0,6,False,2021-10-20T17:51:40.000Z
2376,80471236,OntarioHealthC,1450882420580966409,1,7,False,2021-10-20T17:51:39.000Z
2377,80471236,OntarioHealthC,1450882415484882952,1,7,False,2021-10-20T17:51:38.000Z
2378,80471236,OntarioHealthC,1450882412301402114,0,7,False,2021-10-20T17:51:37.000Z
2379,80471236,OntarioHealthC,1450882406462930947,0,6,False,2021-10-20T17:51:36.000Z
2380,80471236,OntarioHealthC,1450882398850359306,0,6,False,2021-10-20T17:51:34.000Z
2381,80471236,OntarioHealthC,1450882393817161736,0,9,False,2021-10-20T17:51:33.000Z
2382,80471236,OntarioHealthC,1450882388427513863,0,7,False,2021-10-20T17:51:32.000Z
2383,80471236,OntarioHealthC,1450882381989154828,0,7,False,2021-10-20T17:51:30.000Z
2384,80471236,OntarioHealthC,1450882377249693697,0,7,False,2021-10-20T17:51:29.000Z
2385,80471236,OntarioHealthC,1450882371495006209,0,6,False,2021-10-20T17:51:28.000Z
2386,80471236,OntarioHealthC,1450882365442625546,1,8,False,2021-10-20T17:51:26.000Z
2387,80471236,OntarioHealthC,1450882358534672388,0,8,False,2021-10-20T17:51:25.000Z
2388,80471236,OntarioHealthC,1450882357184114702,1,7,False,2021-10-20T17:51:24.000Z
2389,80471236,OntarioHealthC,1450882355502231554,10,25,False,2021-10-20T17:51:24.000Z
2390,80471236,OntarioHealthC,1450879722326536197,4,15,False,2021-10-20T17:40:56.000Z
2391,80471236,OntarioHealthC,1450879719235260418,17,45,False,2021-10-20T17:40:55.000Z
2392,80471236,OntarioHealthC,1450842961420374021,0,1,False,2021-10-20T15:14:52.000Z
2393,80471236,OntarioHealthC,1450842615323168774,0,1,False,2021-10-20T15:13:29.000Z
2394,80471236,OntarioHealthC,1450840166701092871,0,1,False,2021-10-20T15:03:45.000Z
2395,80471236,OntarioHealthC,1450513982532603905,0,2,False,2021-10-19T17:27:37.000Z
2396,80471236,OntarioHealthC,1450513718270365697,0,0,False,2021-10-19T17:26:34.000Z
2397,80471236,OntarioHealthC,1450358477688295426,0,2,False,2021-10-19T07:09:42.000Z
2400,80471236,OntarioHealthC,1450114713350721539,0,4,False,2021-10-18T15:01:04.000Z
2401,80471236,OntarioHealthC,1450106605681487880,21,53,False,2021-10-18T14:28:51.000Z
2402,80471236,OntarioHealthC,1450088102647767043,6,26,False,2021-10-18T13:15:19.000Z
2403,80471236,OntarioHealthC,1449862377231593477,20,30,False,2021-10-17T22:18:22.000Z
2404,80471236,OntarioHealthC,1449855256473579528,0,9,False,2021-10-17T21:50:04.000Z
2405,80471236,OntarioHealthC,1449800047068069888,0,8,False,2021-10-17T18:10:41.000Z
2406,80471236,OntarioHealthC,1449461097375977478,0,2,False,2021-10-16T19:43:49.000Z
2407,80471236,OntarioHealthC,1449460748669837319,0,11,False,2021-10-16T19:42:26.000Z
2408,80471236,OntarioHealthC,1449454423130914820,1,10,False,2021-10-16T19:17:18.000Z
2409,80471236,OntarioHealthC,1449447707920244746,0,2,False,2021-10-16T18:50:37.000Z
2410,80471236,OntarioHealthC,1449445800099127303,25,72,False,2021-10-16T18:43:02.000Z
2411,80471236,OntarioHealthC,1449445798639509512,47,81,False,2021-10-16T18:43:02.000Z
2412,80471236,OntarioHealthC,1449333811876089861,0,11,False,2021-10-16T11:18:02.000Z
2413,80471236,OntarioHealthC,1449247634741473286,0,1,False,2021-10-16T05:35:36.000Z
2414,80471236,OntarioHealthC,1449227605190774789,0,1,False,2021-10-16T04:16:01.000Z
2415,80471236,OntarioHealthC,1449226317145288705,0,0,False,2021-10-16T04:10:53.000Z
2416,80471236,OntarioHealthC,1449198774409175044,2,6,False,2021-10-16T02:21:27.000Z
2418,80471236,OntarioHealthC,1449188191723040770,0,4,False,2021-10-16T01:39:24.000Z
2419,80471236,OntarioHealthC,1449186044256075783,19,53,False,2021-10-16T01:30:52.000Z
2420,80471236,OntarioHealthC,1449164344932159497,0,7,False,2021-10-16T00:04:38.000Z
2421,80471236,OntarioHealthC,1449163398294421505,0,1,False,2021-10-16T00:00:52.000Z
2422,80471236,OntarioHealthC,1449161737052229633,0,0,False,2021-10-15T23:54:16.000Z
2423,80471236,OntarioHealthC,1449023001484267540,11,30,False,2021-10-15T14:42:59.000Z
2424,80471236,OntarioHealthC,1448860960605810732,0,0,False,2021-10-15T03:59:06.000Z
2425,80471236,OntarioHealthC,1448842330845425687,38,75,False,2021-10-15T02:45:04.000Z
2426,80471236,OntarioHealthC,1448824244939411462,0,1,False,2021-10-15T01:33:12.000Z
2427,80471236,OntarioHealthC,1448821229410996227,1,3,False,2021-10-15T01:21:13.000Z
2428,80471236,OntarioHealthC,1448820477443649536,9,25,False,2021-10-15T01:18:14.000Z
2429,80471236,OntarioHealthC,1448820476298604548,14,33,False,2021-10-15T01:18:13.000Z
2430,80471236,OntarioHealthC,1448820475254165504,7,27,False,2021-10-15T01:18:13.000Z
2432,80471236,OntarioHealthC,1448815363362369536,7,29,False,2021-10-15T00:57:54.000Z
2433,80471236,OntarioHealthC,1448814212428468226,0,5,False,2021-10-15T00:53:20.000Z
2435,80471236,OntarioHealthC,1448733441361645571,4,8,False,2021-10-14T19:32:23.000Z
2436,80471236,OntarioHealthC,1448724675660587013,7,23,False,2021-10-14T18:57:33.000Z
2437,80471236,OntarioHealthC,1448695396021280779,0,2,False,2021-10-14T17:01:12.000Z
2438,80471236,OntarioHealthC,1448520030015086592,5,22,False,2021-10-14T05:24:22.000Z
2439,80471236,OntarioHealthC,1448519271609470981,1,2,False,2021-10-14T05:21:21.000Z
2440,80471236,OntarioHealthC,1448517824687886338,0,1,False,2021-10-14T05:15:36.000Z
2441,80471236,OntarioHealthC,1448478858613768192,6,8,False,2021-10-14T02:40:45.000Z
2442,80471236,OntarioHealthC,1448478192965197825,2,5,False,2021-10-14T02:38:07.000Z
2443,80471236,OntarioHealthC,1448444513257762826,0,3,False,2021-10-14T00:24:17.000Z
2446,247412217,OCAPtoronto,1451335608081727494,0,1,False,2021-10-21T23:52:28.000Z
2452,247412217,OCAPtoronto,1451321143231664130,0,1,False,2021-10-21T22:54:59.000Z
2453,247412217,OCAPtoronto,1451321100491759620,0,2,False,2021-10-21T22:54:49.000Z
2454,247412217,OCAPtoronto,1451320923727011846,1,2,False,2021-10-21T22:54:07.000Z
2456,247412217,OCAPtoronto,1451297715770601478,3,11,False,2021-10-21T21:21:53.000Z
2457,247412217,OCAPtoronto,1451295256226508801,3,11,False,2021-10-21T21:12:07.000Z
2460,247412217,OCAPtoronto,1451294722979401735,1,4,False,2021-10-21T21:10:00.000Z
2461,247412217,OCAPtoronto,1451289567101964288,0,7,False,2021-10-21T20:49:31.000Z
2462,247412217,OCAPtoronto,1451288587513774089,1,4,False,2021-10-21T20:45:37.000Z
2463,247412217,OCAPtoronto,1451287437901246464,2,6,False,2021-10-21T20:41:03.000Z
2464,247412217,OCAPtoronto,1451286613359742983,6,10,False,2021-10-21T20:37:46.000Z
2465,247412217,OCAPtoronto,1451285943806222338,3,9,False,2021-10-21T20:35:07.000Z
2468,247412217,OCAPtoronto,1451283083588689921,3,17,False,2021-10-21T20:23:45.000Z
2472,247412217,OCAPtoronto,1451271759697694721,3,13,False,2021-10-21T19:38:45.000Z
2473,247412217,OCAPtoronto,1451215374293274625,6,9,False,2021-10-21T15:54:42.000Z
2475,247412217,OCAPtoronto,1450977150052487169,6,16,False,2021-10-21T00:08:05.000Z
2476,247412217,OCAPtoronto,1450976800696422403,42,91,False,2021-10-21T00:06:41.000Z
2478,247412217,OCAPtoronto,1450583647728373761,13,22,False,2021-10-19T22:04:26.000Z
2492,247412217,OCAPtoronto,1441050545196830726,5,8,False,2021-09-23T14:43:18.000Z
2502,827547903619190784,NatCitizens,1451656258449289218,17,57,False,2021-10-22T21:06:37.000Z
2504,827547903619190784,NatCitizens,1451648617282945026,2,3,False,2021-10-22T20:36:15.000Z
2520,827547903619190784,NatCitizens,1451230636413526025,4,8,False,2021-10-21T16:55:20.000Z
2531,827547903619190784,NatCitizens,1450935819171254273,28,84,False,2021-10-20T21:23:51.000Z
2533,827547903619190784,NatCitizens,1450925834475294729,9,21,False,2021-10-20T20:44:10.000Z
2551,827547903619190784,NatCitizens,1450488288914120708,3,5,False,2021-10-19T15:45:31.000Z
2552,827547903619190784,NatCitizens,1450487212995448839,15,24,False,2021-10-19T15:41:14.000Z
2562,827547903619190784,NatCitizens,1450459955635576834,16,22,False,2021-10-19T13:52:56.000Z
2573,827547903619190784,NatCitizens,1450095943404109826,14,26,False,2021-10-18T13:46:29.000Z
2576,827547903619190784,NatCitizens,1450092908447682561,16,35,False,2021-10-18T13:34:25.000Z
2599,177347829,MiningWatch,1451617676250472456,1,1,False,2021-10-22T18:33:18.000Z
2610,177347829,MiningWatch,1451156497476554758,2,7,False,2021-10-21T12:00:44.000Z
2615,177347829,MiningWatch,1451152016605073417,1,1,False,2021-10-21T11:42:56.000Z
2618,177347829,MiningWatch,1450826001458638848,5,3,False,2021-10-20T14:07:28.000Z
2619,177347829,MiningWatch,1450796159816151040,0,5,False,2021-10-20T12:08:53.000Z
2620,177347829,MiningWatch,1450795617899487235,14,18,False,2021-10-20T12:06:44.000Z
2621,177347829,MiningWatch,1450519691471032324,6,6,False,2021-10-19T17:50:18.000Z
2624,177347829,MiningWatch,1450183051095547913,4,8,False,2021-10-18T19:32:37.000Z
2625,177347829,MiningWatch,1450183048738267144,3,10,False,2021-10-18T19:32:36.000Z
2626,177347829,MiningWatch,1450177767933452290,1,1,False,2021-10-18T19:11:37.000Z
2627,177347829,MiningWatch,1450177766306033664,3,2,False,2021-10-18T19:11:37.000Z
2629,177347829,MiningWatch,1450085993294483462,4,5,False,2021-10-18T13:06:56.000Z
2637,177347829,MiningWatch,1448720566089928708,2,1,False,2021-10-14T18:41:13.000Z
2639,177347829,MiningWatch,1448641762210324486,3,5,False,2021-10-14T13:28:05.000Z
2640,177347829,MiningWatch,1448638374567366658,3,3,False,2021-10-14T13:14:37.000Z
2642,177347829,MiningWatch,1448288720101289995,2,0,False,2021-10-13T14:05:13.000Z
2643,177347829,MiningWatch,1448250536441090052,0,4,False,2021-10-13T11:33:29.000Z
2644,177347829,MiningWatch,1448084779543502851,0,1,False,2021-10-13T00:34:50.000Z
2648,177347829,MiningWatch,1447988049221144583,17,24,False,2021-10-12T18:10:27.000Z
2649,177347829,MiningWatch,1447951876843057158,14,14,False,2021-10-12T15:46:43.000Z
2650,177347829,MiningWatch,1447944215271518209,24,34,False,2021-10-12T15:16:17.000Z
2652,177347829,MiningWatch,1447919180976623622,1,5,False,2021-10-12T13:36:48.000Z
2656,177347829,MiningWatch,1447528592510947329,0,1,False,2021-10-11T11:44:44.000Z
2660,177347829,MiningWatch,1447252571471634433,4,13,False,2021-10-10T17:27:56.000Z
2662,177347829,MiningWatch,1446850756640915462,6,5,False,2021-10-09T14:51:16.000Z
2663,177347829,MiningWatch,1446849397963247617,3,1,False,2021-10-09T14:45:52.000Z
2664,177347829,MiningWatch,1446840360328736772,18,19,False,2021-10-09T14:09:57.000Z
2669,177347829,MiningWatch,1446562326765781005,0,1,False,2021-10-08T19:45:09.000Z
2670,177347829,MiningWatch,1446514968296411136,2,4,False,2021-10-08T16:36:58.000Z
2671,177347829,MiningWatch,1446514964815024130,20,35,False,2021-10-08T16:36:57.000Z
2672,177347829,MiningWatch,1446478416715423748,1,3,False,2021-10-08T14:11:43.000Z
2674,177347829,MiningWatch,1446463639309860864,1,1,False,2021-10-08T13:13:00.000Z
2682,177347829,MiningWatch,1446140961508179976,30,42,False,2021-10-07T15:50:47.000Z
2684,177347829,MiningWatch,1446137210072358916,12,13,False,2021-10-07T15:35:53.000Z
2685,177347829,MiningWatch,1446133806541516800,20,23,False,2021-10-07T15:22:22.000Z
2686,177347829,MiningWatch,1446131811428487168,4,9,False,2021-10-07T15:14:26.000Z
2687,177347829,MiningWatch,1446131252948439042,3,10,False,2021-10-07T15:12:13.000Z
2688,177347829,MiningWatch,1446130797765922816,29,29,False,2021-10-07T15:10:24.000Z
2690,177347829,MiningWatch,1446125946948374541,2,6,False,2021-10-07T14:51:08.000Z
2691,177347829,MiningWatch,1446116004371722245,9,21,False,2021-10-07T14:11:37.000Z
2692,177347829,MiningWatch,1446107762606292998,1,1,False,2021-10-07T13:38:52.000Z
2693,177347829,MiningWatch,1445848777399566341,6,10,False,2021-10-06T20:29:45.000Z
2697,40246161,maddcanada,1451896382101590029,4,5,False,2021-10-23T13:00:47.000Z
2698,40246161,maddcanada,1451352644795129860,1,2,False,2021-10-22T01:00:10.000Z
2699,40246161,maddcanada,1451262130305568771,3,3,False,2021-10-21T19:00:29.000Z
2701,40246161,maddcanada,1451231933317406720,1,1,False,2021-10-21T17:00:30.000Z
2702,40246161,maddcanada,1451186631747145739,1,0,False,2021-10-21T14:00:29.000Z
2703,40246161,maddcanada,1451186629448663044,3,6,False,2021-10-21T14:00:28.000Z
2704,40246161,maddcanada,1451171553576640519,2,6,False,2021-10-21T13:00:34.000Z
2705,40246161,maddcanada,1450928975082033158,1,8,False,2021-10-20T20:56:39.000Z
2706,40246161,maddcanada,1450869525629579271,1,3,False,2021-10-20T17:00:25.000Z
2708,40246161,maddcanada,1450854461824450562,1,2,False,2021-10-20T16:00:33.000Z
2709,40246161,maddcanada,1450839323469885442,2,3,False,2021-10-20T15:00:24.000Z
2710,40246161,maddcanada,1450825248983629826,3,3,False,2021-10-20T14:04:29.000Z
2711,40246161,maddcanada,1450824891347968007,2,5,False,2021-10-20T14:03:03.000Z
2712,40246161,maddcanada,1450597682754555915,1,4,False,2021-10-19T23:00:13.000Z
2713,40246161,maddcanada,1450567496952602634,1,2,False,2021-10-19T21:00:16.000Z
2714,40246161,maddcanada,1450537310878113794,1,2,False,2021-10-19T19:00:19.000Z
2715,40246161,maddcanada,1450522200189116420,2,6,False,2021-10-19T18:00:16.000Z
2717,40246161,maddcanada,1450446856945868806,2,4,False,2021-10-19T13:00:53.000Z
2718,40246161,maddcanada,1450144791623311364,1,4,False,2021-10-18T17:00:35.000Z
2719,40246161,maddcanada,1450114573487456260,1,3,False,2021-10-18T15:00:30.000Z
2720,40246161,maddcanada,1450099636396601345,2,11,False,2021-10-18T14:01:09.000Z
2721,40246161,maddcanada,1450084304525172744,1,2,False,2021-10-18T13:00:14.000Z
2722,40246161,maddcanada,1450075979687383040,1,7,False,2021-10-18T12:27:09.000Z
2723,40246161,maddcanada,1449374678611542016,7,14,False,2021-10-16T14:00:26.000Z
2724,40246161,maddcanada,1449102872445132804,1,9,False,2021-10-15T20:00:22.000Z
2725,40246161,maddcanada,1449087787408441348,1,2,False,2021-10-15T19:00:25.000Z
2726,40246161,maddcanada,1449087752306319360,2,7,False,2021-10-15T19:00:17.000Z
2727,40246161,maddcanada,1449083966137507854,1,1,False,2021-10-15T18:45:14.000Z
2729,40246161,maddcanada,1449072698789933058,1,1,False,2021-10-15T18:00:28.000Z
2730,40246161,maddcanada,1449057576856035329,1,2,False,2021-10-15T17:00:23.000Z
2732,40246161,maddcanada,1448831020044804098,1,4,False,2021-10-15T02:00:07.000Z
2733,40246161,maddcanada,1448815927336779781,1,3,False,2021-10-15T01:00:09.000Z
2734,40246161,maddcanada,1448785753098555401,2,7,False,2021-10-14T23:00:15.000Z
2735,40246161,maddcanada,1448755551178043399,1,1,False,2021-10-14T21:00:14.000Z
2736,40246161,maddcanada,1448725367506751490,1,1,False,2021-10-14T19:00:18.000Z
2737,40246161,maddcanada,1448710272584196097,1,2,False,2021-10-14T18:00:19.000Z
2738,40246161,maddcanada,1448697577956839424,1,1,False,2021-10-14T17:09:52.000Z
2739,40246161,maddcanada,1448650064625160202,1,1,False,2021-10-14T14:01:04.000Z
2740,40246161,maddcanada,1448363018417590275,1,0,False,2021-10-13T19:00:27.000Z
2741,40246161,maddcanada,1448332845022318594,1,0,False,2021-10-13T17:00:33.000Z
2742,40246161,maddcanada,1448328972459196419,1,2,False,2021-10-13T16:45:10.000Z
2743,40246161,maddcanada,1448318780916961287,12,73,False,2021-10-13T16:04:40.000Z
2744,40246161,maddcanada,1448291198356103171,2,2,False,2021-10-13T14:15:04.000Z
2745,40246161,maddcanada,1448287502582915080,1,1,False,2021-10-13T14:00:23.000Z
2748,40246161,maddcanada,1448121325122359297,1,1,False,2021-10-13T03:00:03.000Z
2749,40246161,maddcanada,1448106236436680704,1,2,False,2021-10-13T02:00:05.000Z
2750,40246161,maddcanada,1448091142487224322,1,1,False,2021-10-13T01:00:07.000Z
2751,40246161,maddcanada,1448060957490618369,2,3,False,2021-10-12T23:00:10.000Z
2752,40246161,maddcanada,1448030749546979331,1,0,False,2021-10-12T21:00:08.000Z
2753,40246161,maddcanada,1448013801777926151,1,2,False,2021-10-12T19:52:47.000Z
2754,40246161,maddcanada,1448013380648902661,1,2,False,2021-10-12T19:51:07.000Z
2756,40246161,maddcanada,1448013187375325187,1,2,False,2021-10-12T19:50:21.000Z
2757,40246161,maddcanada,1448012865080893442,1,4,False,2021-10-12T19:49:04.000Z
2758,40246161,maddcanada,1447595712578002961,0,1,False,2021-10-11T16:11:27.000Z
2761,40246161,maddcanada,1446611448076161029,1,0,False,2021-10-08T23:00:20.000Z
2762,40246161,maddcanada,1446581215667105804,5,16,False,2021-10-08T21:00:12.000Z
2763,40246161,maddcanada,1446549946883313784,2,7,False,2021-10-08T18:55:57.000Z
2764,40246161,maddcanada,1446505854510014465,1,1,False,2021-10-08T16:00:45.000Z
2766,40246161,maddcanada,1446490674778488838,2,5,False,2021-10-08T15:00:26.000Z
2767,40246161,maddcanada,1446475657865797633,1,4,False,2021-10-08T14:00:45.000Z
2768,40246161,maddcanada,1446463159871627268,1,1,False,2021-10-08T13:11:05.000Z
2769,40246161,maddcanada,1446445497972051971,5,16,False,2021-10-08T12:00:55.000Z
2772,40246161,maddcanada,1446288909642739722,1,1,False,2021-10-08T01:38:41.000Z
2773,40246161,maddcanada,1446279204643934217,1,1,False,2021-10-08T01:00:07.000Z
2774,40246161,maddcanada,1446188690489892865,2,11,False,2021-10-07T19:00:27.000Z
2775,40246161,maddcanada,1446174752805203969,3,6,False,2021-10-07T18:05:04.000Z
2776,40246161,maddcanada,1446173675296854022,1,0,False,2021-10-07T18:00:47.000Z
2777,40246161,maddcanada,1446158519300984832,1,0,False,2021-10-07T17:00:33.000Z
2778,40246161,maddcanada,1446143483081809922,1,0,False,2021-10-07T16:00:49.000Z
2779,40246161,maddcanada,1446128293682417664,1,0,False,2021-10-07T15:00:27.000Z
2781,40246161,maddcanada,1446113196318724096,1,4,False,2021-10-07T14:00:28.000Z
2782,40246161,maddcanada,1446104279211724806,1,4,False,2021-10-07T13:25:02.000Z
2784,40246161,maddcanada,1446083087184666632,1,2,False,2021-10-07T12:00:49.000Z
2785,40246161,maddcanada,1445916832305762314,1,1,False,2021-10-07T01:00:11.000Z
2786,40246161,maddcanada,1445884466514194437,2,9,False,2021-10-06T22:51:34.000Z
2787,40246161,maddcanada,1445883741264498690,1,3,False,2021-10-06T22:48:41.000Z
2788,40246161,maddcanada,1445877268140621829,4,44,False,2021-10-06T22:22:58.000Z
2789,40246161,maddcanada,1445826301751803915,2,1,False,2021-10-06T19:00:27.000Z
2790,40246161,maddcanada,1445796127740030978,1,0,False,2021-10-06T17:00:33.000Z
2791,40246161,maddcanada,1445783439878156306,1,6,False,2021-10-06T16:10:08.000Z
2792,40246161,maddcanada,1445765911235870738,1,0,False,2021-10-06T15:00:28.000Z
2793,40246161,maddcanada,1445531115884740613,6,27,False,2021-10-05T23:27:29.000Z
2796,40246161,maddcanada,1445524289910837257,1,1,False,2021-10-05T23:00:21.000Z
2797,45976740,JCCFCanada,1451636417419829249,36,88,False,2021-10-22T19:47:46.000Z
2799,45976740,JCCFCanada,1451627727765655555,38,97,False,2021-10-22T19:13:14.000Z
2800,45976740,JCCFCanada,1451621630094970881,21,30,False,2021-10-22T18:49:01.000Z
2801,45976740,JCCFCanada,1451620858707861511,29,64,False,2021-10-22T18:45:57.000Z
2802,45976740,JCCFCanada,1451620673185406976,15,33,False,2021-10-22T18:45:12.000Z
2807,45976740,JCCFCanada,1451328631335129088,47,97,False,2021-10-21T23:24:44.000Z
2808,45976740,JCCFCanada,1451328421166862337,46,74,False,2021-10-21T23:23:54.000Z
2809,45976740,JCCFCanada,1451328329282306050,27,52,False,2021-10-21T23:23:32.000Z
2814,45976740,JCCFCanada,1450918713796952065,56,77,False,2021-10-20T20:15:52.000Z
2817,45976740,JCCFCanada,1450593537444114433,25,55,False,2021-10-19T22:43:44.000Z
2818,45976740,JCCFCanada,1450593067044536323,27,60,False,2021-10-19T22:41:52.000Z
2819,45976740,JCCFCanada,1450591722199654405,4,11,False,2021-10-19T22:36:31.000Z
2827,45976740,JCCFCanada,1450215107770798082,5,23,False,2021-10-18T21:40:00.000Z
2829,45976740,JCCFCanada,1450195310832066565,13,26,False,2021-10-18T20:21:20.000Z
2834,45976740,JCCFCanada,1450182141371842562,31,62,False,2021-10-18T19:29:00.000Z
2836,45976740,JCCFCanada,1450178923803803648,23,37,False,2021-10-18T19:16:13.000Z
2844,45976740,JCCFCanada,1449226797560647684,53,90,False,2021-10-16T04:12:48.000Z
2851,45976740,JCCFCanada,1449131344462680068,23,29,False,2021-10-15T21:53:30.000Z
2853,45976740,JCCFCanada,1449129196354039810,30,42,False,2021-10-15T21:44:58.000Z
2857,45976740,JCCFCanada,1449053087532916740,25,27,False,2021-10-15T16:42:32.000Z
2861,45976740,JCCFCanada,1448722992104558629,42,56,False,2021-10-14T18:50:51.000Z
2863,45976740,JCCFCanada,1448721666016628744,33,38,False,2021-10-14T18:45:35.000Z
2864,45976740,JCCFCanada,1448721514598068225,29,73,False,2021-10-14T18:44:59.000Z
2865,45976740,JCCFCanada,1448716221122158593,14,28,False,2021-10-14T18:23:57.000Z
2866,45976740,JCCFCanada,1448715149905317896,11,19,False,2021-10-14T18:19:42.000Z
2867,45976740,JCCFCanada,1448708988724383746,26,41,False,2021-10-14T17:55:13.000Z
2870,45976740,JCCFCanada,1448507446192861191,17,73,False,2021-10-14T04:34:21.000Z
2871,45976740,JCCFCanada,1448507246254514180,10,45,False,2021-10-14T04:33:34.000Z
2872,45976740,JCCFCanada,1448507152880979969,26,71,False,2021-10-14T04:33:11.000Z
2874,45976740,JCCFCanada,1448506799787700236,20,50,False,2021-10-14T04:31:47.000Z
2877,45976740,JCCFCanada,1448385792309559297,58,66,False,2021-10-13T20:30:57.000Z
2878,45976740,JCCFCanada,1448379955159601154,33,54,False,2021-10-13T20:07:45.000Z