1451356374533824514,82242528
1451356374533824514,1138149088476704768
1451356374533824514,1053415485080027136
1451356374533824514,802273034560225285
1451356374533824514,273866823
1451356374533824514,2799910589
1451203589175537672,2548489298
1451203589175537672,24019364
1450920790715551745,988277286204932096
1450920790715551745,273866823
1450920790715551745,1044778781230039042
1450920790715551745,2548489298
1450809774577274883,140073973
1450809774577274883,1300624324206817280
1450809774577274883,2548489298
1450809774577274883,17105128
1450809774577274883,1378184346738253830
1450809774577274883,1129087959339327488
1450809774577274883,25531164
1450809774577274883,988277286204932096
1450809774577274883,273866823
1450505027429224454,2860598059
1450505027429224454,324390544
1450505027429224454,2548489298
1450505027429224454,41133274
1450505027429224454,273866823
1450468845488050194,1235016762665488384
1450468845488050194,1145222648923750405
1450468845488050194,37552089
1450468845488050194,273866823
1450468845488050194,1133942570906730496
1450468845488050194,308812658
1450468845488050194,262436837
1450468845488050194,2548489298
1450468299825897475,2548489298
1450089695954837510,1235016762665488384
1450089695954837510,882389573418065920
1450089695954837510,17105128
1450089695954837510,4407109035
1450089695954837510,3773251599
1450089695954837510,380985614
1450089695954837510,1133942570906730496
1450089695954837510,164385217
1450089695954837510,1092914412594311169
1450089695954837510,93777204
1450089695954837510,194737168
1450089695954837510,2755251582
1450089695954837510,79498539
1450089695954837510,2578211511
1450089695954837510,1148420011498672128
1450089695954837510,3253838127
1450089695954837510,386320760
1450089695954837510,25531164
1450089695954837510,2548489298
1450089695954837510,801263207796981762
1450089695954837510,273866823
1450086896231649283,331314879
1450086896231649283,842121813278752768
1450086896231649283,19149483
1450086896231649283,1335433670019059712
1450086896231649283,1384299927677792260
1450086896231649283,186582558
1450086896231649283,92992760
1450086896231649283,2548489298
1450086896231649283,576275730
1450086896231649283,273866823
1449120940508565514,2548489298
1449120940508565514,273866823
1448677961343791108,273866823
1448322312667680774,17105128
1445824229757243394,33826892
1445824229757243394,273866823
1445493405245575172,37552089
1445493405245575172,262436837
1445493405245575172,1092244447184719873
1445493405245575172,273866823
1445454778343968775,2548489298
1445454778343968775,516915897
1445454778343968775,965028316460797953
1445454778343968775,195899568
1443583655922712584,2432750568
1443583655922712584,273866823
1443583655922712584,331067472
1443583655922712584,272133230
1443235171419897863,964446120402300928
1443235171419897863,1573418346
1443233332494417923,273866823
1442883699494699008,89496127
1442883699494699008,273866823
1442513070249549828,735508941258399744
1442513070249549828,542244178
1442512978876649482,735508941258399744
1442512978876649482,542244178
1442512978876649482,273866823
1441400487757205505,273866823
1441399378732847104,2548489298
1441399378732847104,273866823
1441041473961594880,2548489298
1441041473961594880,273866823
1440717510051909641,2548489298
1440717510051909641,89496127
1440717510051909641,1005899772916477952
1440717510051909641,17105128
1439978531983814661,273866823
1439978531983814661,17105128
1449776796015206402,965478102594863104
1449776796015206402,2813399220
1449776796015206402,1008724272444067840
1449776796015206402,16870641
1448375033299181569,366171300
1448375033299181569,965478102594863104
1446559332364062722,393713239
1446559289569644544,1185972487538040832
1446559289569644544,889661863100907520
1446559289569644544,2813399220
1445196153923022850,965478102594863104
1445196153923022850,2436061363
1450907289301487616,452576438
1450907289301487616,814289414
1450907289301487616,40043281
1450907289301487616,1064964294448750595
1450907289301487616,1227766472921014272
1450907289301487616,778920158
1450907289301487616,415288614
1450907289301487616,965478102594863104
1450907289301487616,1009115210546929664
1450907289301487616,1040699505568632832
1450907289301487616,869639001400942592
1450907289301487616,1881851268
1450086105915793424,1427673572999417861
1450086105915793424,1881851268
1450086105915793424,17900758
1448285420337475592,17900758
1448285420337475592,29545977
1448285420337475592,965478102594863104
1448285420337475592,1009115210546929664
1448285420337475592,3148281878
1448285420337475592,1064964294448750595
1448285420337475592,814289414
1448285420337475592,2896012540
1448285420337475592,1280589273335500801
1448285420337475592,1227766472921014272
1443665343415832581,965478102594863104
1443665343415832581,869639001400942592
1451564160039403555,1285212248755982336
1451556451273650178,16193488
1451197071071989763,275979196
1451197071071989763,36758722
1450892330253291526,2776775090
1450892330253291526,40591485
1450892330253291526,979827806023618560
1450892330253291526,2611789184
1450846633013485575,1362286033
1449035554524483592,19456931
1448672674675367940,1362286033
1448672674675367940,2978018901
1448672674675367940,3191905064
1448672674675367940,273223103
1448672674675367940,16982577
1448401466167803909,116679707
1448401466167803909,342176065
1448401466167803909,1890389540
1446557565236744201,2785990732
1446557565236744201,40591485
1446557565236744201,3191905064
1445782366329323528,237536271
1445435847269130256,16982577
1445435847269130256,1563418116
1445435847269130256,2580573206
1444059560243773445,275979196
1442840410209112068,275979196
1442516337725632514,193471925
1442516337725632514,53772503
1441034609710485507,16195103
1440731165560741895,2776775090
1440731165560741895,16195103
1440713760465846280,16195103
1440713760465846280,116679707
1440713760465846280,998590102573023232
1440713760465846280,2785990732
1440389725018210307,179129165
1440325500874870786,27101995
1440325500874870786,872156101
1440325500874870786,128908662
1440325500874870786,363070453
1440325500874870786,21221149
1440042002477813769,507802048
1440042002477813769,190231473
1440042002477813769,342176065
1440042002477813769,993705834470367232
1440042002477813769,1362286033
1440042002477813769,3079986094
1440042002477813769,275979196
1440012326590107659,17280115
1440012326590107659,274220538
1440012326590107659,25813888
1440012326590107659,872156101
1451897822681391109,908811901
1451897822681391109,108413104
1451535899603390470,908811901
1451535899603390470,408526152
1451515432314281997,408526152
1451515432314281997,908811901
1451241477745618946,908811901
1451241477745618946,408526152
1451156989699055616,375303344
1451156989699055616,408526152
1451156989699055616,908811901
1450780363375222791,375303344
1450780363375222791,908811901
1450780363375222791,408526152
1450428029562408960,1121417500372107267
1450428029562408960,2248009669
1450428029562408960,1545053600
1450428029562408960,408526152
1450428029562408960,908811901
1450199710447325185,908811901
1450199710447325185,408526152
1450063531748077575,408526152
1450063531748077575,908811901
1448972982269906945,51184630
1448972982269906945,408526152
1448972982269906945,908811901
1448743909631401985,51184630
1448743909631401985,245651739
1448743909631401985,235070820
1448743909631401985,755749623491244032
1448743909631401985,908811901
1448743909631401985,408526152
1448606442915827730,408526152
1448606442915827730,908811901
1448310341910339584,51184630
1448310341910339584,908811901
1448310341910339584,408526152
1448248603215081476,51184630
1448248603215081476,408526152
1448248603215081476,908811901
1447948968965677063,908811901
1447948968965677063,408526152
1447898169287888900,51184630
1447898169287888900,371447080
1447898169287888900,408526152
1447898169287888900,908811901
1446439978259697673,408526152
1446439978259697673,908811901
1446183247399071753,51184630
1446183247399071753,908811901
1446183247399071753,408526152
1446085056972443648,51184630
1446085056972443648,408526152
1446085056972443648,908811901
1445773370507677712,51184630
1445773370507677712,908811901
1445773370507677712,408526152
1445718910788059136,408526152
1445718910788059136,908811901
1445451117819695113,408526152
1445451117819695113,908811901
1445351406962106370,908811901
1445351406962106370,408526152
1445099481691828226,2314531026
1445099481691828226,51184630
1445099481691828226,908811901
1445099481691828226,408526152
1444989425042300933,51184630
1444989425042300933,408526152
1444989425042300933,908811901
1443957752448131073,1172199939243425792
1443957752448131073,408526152
1443957752448131073,908811901
1443902785095880706,51184630
1443902785095880706,908811901
1443902785095880706,408526152
1443599445329944576,272133230
1443599445329944576,408526152
1443599445329944576,908811901
1443547695046696960,908811901
1443547695046696960,408526152
1443307015510630401,51184630
1443307015510630401,408526152
1443307015510630401,908811901
1443177901554286594,390392773
1443177901554286594,51184630
1443177901554286594,2289973748
1443177901554286594,908811901
1443177901554286594,408526152
1442878055488364544,51184630
1442878055488364544,908811901
1442878055488364544,408526152
1442822135228022786,51184630
1442822135228022786,408526152
1442822135228022786,908811901
1442572149135446018,495066576
1442572149135446018,908811901
1442572149135446018,408526152
1442511873824346128,51184630
1442511873824346128,1545053600
1442511873824346128,408526152
1442511873824346128,908811901
1442453739822936069,908811901
1442453739822936069,408526152
1441493474768003072,103297393
1441493474768003072,51184630
1441493474768003072,908811901
1441493474768003072,408526152
1441381009384112139,1851634098
1441381009384112139,408526152
1441381009384112139,908811901
1441103808239521801,908811901
1441103808239521801,408526152
1441001827508625409,408526152
1441001827508625409,908811901
1440780880390213635,908811901
1440780880390213635,408526152
1440699951063830539,408526152
1440699951063830539,908811901
1440640442341609486,408526152
1440640442341609486,908811901
1440404246369746948,408526152
1440404246369746948,908811901
1440335649664483333,398483708
1440335649664483333,908811901
1440335649664483333,408526152
1440274808848084994,408526152
1440274808848084994,908811901
1440040516012294155,408526152
1440040516012294155,908811901
1439974706510241796,908811901
1439974706510241796,408526152
1439911441495207937,408526152
1439911441495207937,908811901
1451527771742740482,305591134
1450495718326743046,1235344992765448193
1450078218468401159,89212923
1445789394837803012,1313212802799206406
1443972753225392158,27652488
1443555228821950470,89609585
1442853571180048388,44618408
1441802362008612867,880491635896922112
1439986487471316993,2761710808
1451973731430150149,534768198
1451771148681859074,570841936
1451771148681859074,2308929386
1451570675500650499,2841217055
1451570675500650499,28601294
1451570675500650499,937097192837349377
1451570675500650499,258554207
1451570675500650499,912814629826506754
1451570675500650499,3196410586
1451570675500650499,2553547478
1451570675500650499,133459481
1451570675500650499,214492262
1451570675500650499,1230673076628660224
1451570671545425924,21305650
1451570671545425924,273107148
1451570671545425924,28601294
1451570671545425924,269129754
1451570671545425924,373156401
1451570671545425924,18695833
1451570671545425924,1095260188716777472
1451570671545425924,2245797112
1451570671545425924,258554207
1451570671545425924,754108043974107137
1451570671545425924,1417845969283129350
1451570671545425924,1239546809346863105
1451570671545425924,3196410586
1451570671545425924,1265090871365697544
1451570671545425924,1200487076699017217
1451570671545425924,2553547478
1451570671545425924,2413332228
1451570671545425924,2435064488
1451570671545425924,3202562043
1451570671545425924,1454928205
1451570671545425924,214492262
1451570671545425924,1230673076628660224
1451344739110895616,1290997715430789122
1451344739110895616,28601294
1451340324379496452,534768198
1451340324379496452,2565940742
1451340324379496452,2553547478
1451340324379496452,912814629826506754
1451340324379496452,924045650
1451340324379496452,333437689
1451263676460187650,28601294
1451263676460187650,279219321
1451263676460187650,19996928
1451263676460187650,1545053600
1451263676460187650,339435210
1451226981266247681,828691196310589440
1451226981266247681,19540359
1451226981266247681,1358749729459499009
1451226981266247681,2435064488
1451226981266247681,2921033968
1451226981266247681,2413332228
1451222711158591495,1054841704744857600
1451221334873288709,14254409
1451218485669994498,912814629826506754
1451218485669994498,791638976
1451210780578357248,28601294
1451210780578357248,138077463
1451210780578357248,1338244208960954375
1451210776207925257,257674066
1451210776207925257,102581087
1451210776207925257,328174459
1451210776207925257,28601294
1451210776207925257,90680886
1451210776207925257,21470397
1451210776207925257,1254826770680987648
1451210776207925257,4729951645
1451210776207925257,2413332228
1451210776207925257,138077463
1451210776207925257,1108409631334793216
1451210776207925257,2565940742
1451210776207925257,307554061
1451210776207925257,1207023905011093504
1451210776207925257,2380892117
1451210776207925257,1056967688277450753
1451210776207925257,3493136657
1451210776207925257,1216021034643705856
1451210776207925257,1033428701579489281
1451210776207925257,1338244208960954375
1451210776207925257,14254409
1451210776207925257,135172636
1451210776207925257,943179317189775360
1451210776207925257,473104258
1451210776207925257,791638976
1451210776207925257,3209784809
1450926309052493825,2553547478
1450916787663552514,60058363
1450916787663552514,20056685
1450916787663552514,965935355492032514
1450916787663552514,1831409131
1450916787663552514,3202562043
1450916783330844678,21305650
1450916783330844678,2330263268
1450916783330844678,3146336130
1450916783330844678,1486136467
1450916783330844678,289864894
1450916783330844678,125322205
1450916783330844678,2190688044
1450916783330844678,21429720
1450916783330844678,952247125185720320
1450916783330844678,481485600
1450916783330844678,965935355492032514
1450916783330844678,3067066462
1450916783330844678,133459481
1450916783330844678,214492262
1450916783330844678,1831409131
1450916783330844678,2245797112
1450916783330844678,1290997715430789122
1450916783330844678,3202562043
1450916783330844678,2413332228
1450916783330844678,992724265609912321
1450916783330844678,4047032775
1450902486093598728,3067066462
1450902486093598728,16422863
1450902486093598728,191549788
1450902486093598728,1187413831666065409
1450902486093598728,1081276831
1450902486093598728,4729951645
1450902486093598728,2553547478
1450902486093598728,2812004682
1450902486093598728,2413332228
1450902486093598728,1196506051467763712
1450902486093598728,1108409631334793216
1450882420580966409,1196506051467763712
1450882415484882952,2451465403
1450882365442625546,1196506051467763712
1450882357184114702,1257013795
1450882355502231554,534768198
1450882355502231554,1093727264850825216
1450882355502231554,1184231486075092992
1450882355502231554,1340365769025187840
1450882355502231554,2553547478
1450882355502231554,1302612831829995521
1450882355502231554,1111742456134074368
1450882355502231554,1545053600
1450882355502231554,1349799393151610884
1450882355502231554,2413332228
1450879722326536197,21305650
1450879722326536197,2553547478
1450879722326536197,18537391
1450879719235260418,1287718440283844611
1450879719235260418,21305650
1450879719235260418,3922203616
1450879719235260418,3202562043
1450879719235260418,28601294
1450879719235260418,1254826770680987648
1450879719235260418,18940341
1450879719235260418,34281425
1450879719235260418,1362132444611284992
1450879719235260418,2927405074
1450879719235260418,2553547478
1450879719235260418,190203516
1450879719235260418,125322205
1450879719235260418,534768198
1450879719235260418,791638976
1450106605681487880,28601294
1450106605681487880,1354217512607485953
1450106605681487880,912814629826506754
1450106605681487880,470789602
1450106605681487880,1096506996239552512
1450106605681487880,785780090
1450106605681487880,1267433153821638656
1450106605681487880,318422563
1450106605681487880,69360421
1450106605681487880,1340365769025187840
1450106605681487880,829475793491415041
1450106605681487880,1349799393151610884
1450106605681487880,3763501936
1450106605681487880,982511286
1450106605681487880,2290119848
1450106605681487880,2413332228
1450106605681487880,965935355492032514
1450106605681487880,1290997715430789122
1450106605681487880,2553547478
1450088102647767043,104351679
1450088102647767043,239438771
1450088102647767043,191549788
1450088102647767043,1308814038
1449862377231593477,1266067311577960460
1449862377231593477,127860589
1449862377231593477,629743388
1449862377231593477,4729951645
1449862377231593477,1330521007250165768
1449862377231593477,1290997715430789122
1449862377231593477,332063391
1449862377231593477,16356658
1449862377231593477,37935680
1449862377231593477,3527997202
1449862377231593477,534768198
1449862377231593477,407055170
1449862377231593477,884725084371521536
1449862377231593477,2413332228
1449862377231593477,32124192
1449862377231593477,77433044
1449862377231593477,965935355492032514
1449862377231593477,1338244208960954375
1449862377231593477,3196410586
1449862377231593477,1187413831666065409
1449454423130914820,540465387
1449445800099127303,966486066680143872
1449445800099127303,307554061
1449445800099127303,3260581299
1449445800099127303,602938427
1449445800099127303,388401113
1449445800099127303,360384010
1449445800099127303,1257013795
1449445800099127303,1111742456134074368
1449445800099127303,992724265609912321
1449445800099127303,524222953
1449445800099127303,2413332228
1449445800099127303,1297631870
1449445800099127303,21402395
1449445800099127303,328567181
1449445800099127303,318422563
1449445800099127303,286723230
1449445800099127303,4729951645
1449445800099127303,1379486103707746306
1449445800099127303,1380868982044037131
1449445800099127303,1111414388
1449445800099127303,37935680
1449445800099127303,1230673076628660224
1449445800099127303,32124192
1449445800099127303,1291531291066798083
1449445798639509512,716683107781459969
1449445798639509512,2330263268
1449445798639509512,946832007987855361
1449445798639509512,307554061
1449445798639509512,564839230
1449445798639509512,3258231912
1449445798639509512,18291647
1449445798639509512,315408460
1449445798639509512,77283552
1449445798639509512,2251852231
1449445798639509512,35578315
1449445798639509512,21365372
1449445798639509512,483464636
1449445798639509512,429493528
1449445798639509512,360384010
1449445798639509512,1308814038
1449445798639509512,1257013795
1449445798639509512,271539631
1449445798639509512,2482720999
1449445798639509512,1221488649662955520
1449445798639509512,22869531
1449445798639509512,28474732
1449445798639509512,1111742456134074368
1449445798639509512,37993089
1449445798639509512,768976342369071105
1449445798639509512,762872910
1449445798639509512,141292052
1449445798639509512,3364419754
1449445798639509512,2413332228
1449445798639509512,239830873
1449445798639509512,1156752504580988935
1449445798639509512,321065043
1449445798639509512,1297631870
1449445798639509512,318422563
1449445798639509512,286723230
1449445798639509512,15371526
1449445798639509512,4729951645
1449445798639509512,2603966462
1449445798639509512,1187143366921850883
1449445798639509512,37935680
1449445798639509512,540465387
1449445798639509512,3254829845
1449445798639509512,32124192
1449445798639509512,1291531291066798083
1449198774409175044,2553547478
1449198774409175044,534768198
1449186044256075783,1450167104406229001
1449186044256075783,2809985070
1449186044256075783,32602930
1449186044256075783,1033853325249142784
1449186044256075783,191549788
1449186044256075783,1257210138
1449186044256075783,318422563
1449186044256075783,1257013795
1449186044256075783,3402579561
1449186044256075783,965935355492032514
1449186044256075783,1290997715430789122
1449186044256075783,2190688044
1449186044256075783,18537391
1449186044256075783,1306720339
1449186044256075783,407055170
1449186044256075783,3196410586
1449186044256075783,92581274
1449023001484267540,2800466323
1449023001484267540,3258231912
1449023001484267540,965935355492032514
1449023001484267540,279623396
1449023001484267540,1302612831829995521
1449023001484267540,2435064488
1449023001484267540,34478789
1449023001484267540,191549788
1449023001484267540,450368577
1449023001484267540,1290997715430789122
1449023001484267540,4096225454
1448842330845425687,759765576558448640
1448842330845425687,281221725
1448842330845425687,719670286791151620
1448842330845425687,1439990076
1448842330845425687,1204374981359984640
1448842330845425687,249492268
1448842330845425687,25359575
1448842330845425687,429493528
1448842330845425687,274405808
1448842330845425687,60058363
1448842330845425687,2435064488
1448842330845425687,33149630
1448842330845425687,1081276831
1448842330845425687,357624034
1448842330845425687,1155854046911238151
1448842330845425687,1367232037
1448842330845425687,19092695
1448842330845425687,2913994456
1448842330845425687,794616285468524545
1448842330845425687,1349799393151610884
1448842330845425687,1373493122
1448842330845425687,2413332228
1448842330845425687,292468351
1448842330845425687,410050322
1448842330845425687,1297631870
1448842330845425687,829475793491415041
1448842330845425687,3750904576
1448842330845425687,1322497214929915907
1448842330845425687,2553547478
1448842330845425687,1338244208960954375
1448842330845425687,965935355492032514
1448842330845425687,1230673076628660224
1448842330845425687,15219830
1448842330845425687,2190688044
1448842330845425687,714477321953140736
1448842330845425687,1367920728
1448842330845425687,791638976
1448820477443649536,19567909
1448820477443649536,18537391
1448820477443649536,2413332228
1448820477443649536,138077463
1448820477443649536,372359435
1448820477443649536,15557829
1448820477443649536,43438903
1448820477443649536,2510607106
1448820476298604548,19567909
1448820476298604548,3246390180
1448820476298604548,1357854670677508096
1448820476298604548,2413332228
1448820476298604548,1270729171065593856
1448820476298604548,138077463
1448820476298604548,372359435
1448820476298604548,15557829
1448820476298604548,2272563602
1448820476298604548,328567181
1448820476298604548,2435064488
1448820476298604548,2510607106
1448820476298604548,791638976
1448820475254165504,19567909
1448820475254165504,2413332228
1448820475254165504,138077463
1448820475254165504,15557829
1448820475254165504,191549788
1448820475254165504,2510607106
1448815363362369536,372359435
1448815363362369536,1323858662461460480
1448815363362369536,1012959530739630080
1448815363362369536,2413332228
1448815363362369536,1291531291066798083
1448815363362369536,125322205
1448733441361645571,372359435
1448733441361645571,534768198
1448733441361645571,912814629826506754
1448733441361645571,1354217512607485953
1448724675660587013,372359435
1448724675660587013,2435064488
1448724675660587013,28601294
1448724675660587013,93273883
1448724675660587013,2565940742
1448724675660587013,1354217512607485953
1448724675660587013,570841936
1448520030015086592,373156401
1448520030015086592,1354217512607485953
1448520030015086592,2413332228
1448520030015086592,534768198
1448520030015086592,28601294
1448519271609470981,2190688044
1448478858613768192,912814629826506754
1448478858613768192,1081276831
1448478858613768192,534768198
1448478858613768192,4096225454
1448478858613768192,328567181
1448478858613768192,924045650
1448478192965197825,965935355492032514
1448478192965197825,1295906092954902528
1451320923727011846,110754237
1451297715770601478,1184636840491413504
1451297715770601478,2694473137
1451297715770601478,110754237
1451295256226508801,258940556
1451295256226508801,1184636840491413504
1451295256226508801,2694473137
1451294722979401735,1184636840491413504
1451288587513774089,110754237
1451287437901246464,110754237
1451287437901246464,552119609
1451286613359742983,756190677160038400
1451286613359742983,714542828613816320
1451286613359742983,2694473137
1451286613359742983,552119609
1451286613359742983,255067647
1451286613359742983,110754237
1451285943806222338,552119609
1451285943806222338,110754237
1451285943806222338,1163174314633510912
1451283083588689921,2494646792
1451283083588689921,552119609
1451283083588689921,110754237
1451271759697694721,1163174314633510912
1451271759697694721,2318213621
1451271759697694721,110754237
1451215374293274625,552119609
1451215374293274625,258940556
1451215374293274625,982630470008553474
1451215374293274625,110754237
1451215374293274625,3299767836
1451215374293274625,1163174314633510912
1450977150052487169,1287718440283844611
1450977150052487169,2694473137
1450977150052487169,823396141
1450977150052487169,401121234
1450977150052487169,110754237
1450976800696422403,1272851042850549762
1450976800696422403,426847783
1450976800696422403,1713867738
1450976800696422403,1270490457030774791
1450976800696422403,1205299704831119361
1450976800696422403,897464898493591552
1450976800696422403,1385501747632906243
1450976800696422403,843479602693586944
1450976800696422403,28733026
1450976800696422403,216396731
1450976800696422403,534768198
1450976800696422403,1290997715430789122
1450976800696422403,2834061999
1450976800696422403,1404852722579484672
1450976800696422403,1186435394
1450976800696422403,3016705676
1450976800696422403,753744536887824385
1450976800696422403,886590475364446209
1450976800696422403,490684082
1450976800696422403,354628988
1450976800696422403,133459481
1450976800696422403,823396141
1450976800696422403,3029210380
1450976800696422403,768649834416869376
1450976800696422403,253431550
1450976800696422403,956413706
1450976800696422403,1235998842950242304
1450976800696422403,723280533430632448
1450976800696422403,1486136467
1450976800696422403,538334192
1450976800696422403,401121234
1450976800696422403,2444436240
1450976800696422403,1440818338553155588
1450976800696422403,1021737944200171525
1450976800696422403,1026699823892901888
1450976800696422403,2287005914
1450976800696422403,1347654502787076096
1450976800696422403,110754237
1450583647728373761,360072678
1450583647728373761,354628988
1450583647728373761,1186435394
1450583647728373761,2409471450
1450583647728373761,258940556
1450583647728373761,552119609
1450583647728373761,2694473137
1450583647728373761,1452696858
1450583647728373761,1013808600
1450583647728373761,223579065
1450583647728373761,1411404006908469258
1450583647728373761,153973340
1441050545196830726,1240867313445830656
1441050545196830726,1347654502787076096
1441050545196830726,982630470008553474
1441050545196830726,82167100
1441050545196830726,110754237
1451656258449289218,405060077
1451656258449289218,14100537
1451656258449289218,1379069894164160515
1451656258449289218,1216312572581904385
1451656258449289218,1278460848428679168
1451656258449289218,1002002024
1451656258449289218,1184882383
1451656258449289218,333866989
1451656258449289218,45191622
1451656258449289218,1451608198058741767
1451656258449289218,36111597
1451656258449289218,415532452
1451656258449289218,3166303414
1451656258449289218,1347705115503980545
1451656258449289218,1332347526704402440
1451656258449289218,1355907422498521091
1451656258449289218,1410022575032385538
1451648617282945026,415532452
1451648617282945026,728594002606428161
1451230636413526025,2292070632
1451230636413526025,415532452
1451230636413526025,1377619867713601546
1451230636413526025,1230324873056202752
1450935819171254273,2903176793
1450935819171254273,1398664818874208261
1450935819171254273,825418291388747777
1450935819171254273,37813045
1450935819171254273,272685848
1450935819171254273,1433214462442577922
1450935819171254273,1050986672513568769
1450935819171254273,184975034
1450935819171254273,550491423
1450935819171254273,1252260139
1450935819171254273,207703739
1450935819171254273,527088425
1450935819171254273,429260925
1450935819171254273,994943975306936320
1450935819171254273,1262410612040220673
1450935819171254273,199936740
1450935819171254273,415532452
1450935819171254273,751999643769241600
1450935819171254273,1231044484261019648
1450935819171254273,1071816421833756672
1450935819171254273,1029064867074850817
1450935819171254273,1295516603430273024
1450935819171254273,818660875259277313
1450935819171254273,1117989532668841984
1450935819171254273,24021573
1450935819171254273,1184882383
1450935819171254273,1355575527009120259
1450925834475294729,3499073414
1450925834475294729,1231044484261019648
1450925834475294729,415532452
1450925834475294729,2238104048
1450925834475294729,976997779053731841
1450925834475294729,1184882383
1450925834475294729,1043115464115859457
1450925834475294729,728594002606428161
1450925834475294729,431766511
1450488288914120708,415532452
1450488288914120708,728594002606428161
1450487212995448839,153836337
1450487212995448839,2624246843
1450487212995448839,415532452
1450487212995448839,728594002606428161
1450487212995448839,633390465
1450487212995448839,1422660086393196555
1450487212995448839,17903589
1450487212995448839,455958647
1450487212995448839,1257653790250950657
1450487212995448839,1181269652871270400
1450487212995448839,1439970731761225739
1450487212995448839,399755841
1450487212995448839,1262852551831162882
1450459955635576834,3499073414
1450459955635576834,272578794
1450459955635576834,1172345379125260288
1450459955635576834,1153404444811378695
1450459955635576834,961347442355695618
1450459955635576834,137073586
1450459955635576834,2718537883
1450459955635576834,840566297062653953
1450459955635576834,2568055100
1450459955635576834,415532452
1450459955635576834,865455346680184832
1450459955635576834,728594002606428161
1450459955635576834,20394792
1450459955635576834,932214247
1450095943404109826,1405682633997180928
1450095943404109826,807034969902252032
1450095943404109826,1260291453973983232
1450095943404109826,415532452
1450095943404109826,2419593378
1450095943404109826,45191622
1450095943404109826,14100537
1450095943404109826,1113837817803759623
1450095943404109826,1048648400240070657
1450095943404109826,1043115464115859457
1450095943404109826,1444562454458114048
1450092908447682561,1419559573048872963
1450092908447682561,2225768293
1450092908447682561,1311376696340287493
1450092908447682561,1062124785692434432
1450092908447682561,415532452
1450092908447682561,45191622
1450092908447682561,1387259096555008001
1450092908447682561,1048648400240070657
1450092908447682561,1967288077
1450092908447682561,932214247
1450092908447682561,276265836
1450092908447682561,1090368754456891393
1450092908447682561,14398840
1450092908447682561,431766511
1451617676250472456,2300474413
1451156497476554758,1247529482115616771
1451156497476554758,951892305098788864
1451152016605073417,951892305098788864
1450826001458638848,2392563218
1450826001458638848,578584954
1450826001458638848,732273664515817472
1450826001458638848,2228539520
1450826001458638848,1898146686
1450795617899487235,1177855256128032769
1450795617899487235,1194526414667702272
1450795617899487235,448993134
1450795617899487235,108367842
1450795617899487235,2895816345
1450795617899487235,1949525172
1450795617899487235,1071951545212723200
1450795617899487235,1247529482115616771
1450795617899487235,768069259100622848
1450795617899487235,223579065
1450795617899487235,15975218
1450795617899487235,551152504
1450519691471032324,1071951545212723200
1450519691471032324,1197522605760303104
1450519691471032324,118405537
1450519691471032324,341869541
1450519691471032324,768069259100622848
1450183051095547913,301913924
1450183051095547913,768069259100622848
1450183051095547913,38720614
1450183051095547913,551152504
1450183048738267144,983448844041060352
1450183048738267144,768069259100622848
1450183048738267144,551152504
1450177767933452290,551152504
1450177766306033664,768069259100622848
1450177766306033664,551152504
1450085993294483462,1247529482115616771
1450085993294483462,768069259100622848
1450085993294483462,3024446015
1448720566089928708,177347829
1448720566089928708,78022643
1448641762210324486,301913924
1448641762210324486,1234338684981448704
1448641762210324486,768069259100622848
1448638374567366658,768069259100622848
1448638374567366658,254999238
1448638374567366658,113789487
1448288720101289995,768069259100622848
1448288720101289995,1304210384367349770
1447988049221144583,1300291239581892609
1447988049221144583,2253903906
1447988049221144583,78403337
1447988049221144583,862703683
1447988049221144583,1071951545212723200
1447988049221144583,840470152391016448
1447988049221144583,498423001
1447988049221144583,1197522605760303104
1447988049221144583,510093784
1447988049221144583,447415943
1447988049221144583,1201788959719936007
1447988049221144583,1633538270
1447988049221144583,122525211
1447988049221144583,192842634
1447988049221144583,768069259100622848
1447988049221144583,551152504
1447988049221144583,378351271
1447951876843057158,57033548
1447951876843057158,255067647
1447951876843057158,719557076599619584
1447951876843057158,980875592
1447951876843057158,1051100859831148544
1447951876843057158,2300474413
1447951876843057158,1238447220
1447951876843057158,122525211
1447951876843057158,994295935
1447951876843057158,838098877
1447951876843057158,378351271
1447951876843057158,829761553218072576
1447951876843057158,768069259100622848
1447944215271518209,951280545421410305
1447944215271518209,1157684886
1447944215271518209,80970676
1447944215271518209,18923250
1447944215271518209,1136294664
1447944215271518209,951892305098788864
1447944215271518209,3010143902
1447944215271518209,297020666
1447944215271518209,1045793762063060992
1447944215271518209,980875592
1447944215271518209,551152504
1447944215271518209,1197522605760303104
1447944215271518209,98588419
1447944215271518209,76179144
1447944215271518209,46956207
1447944215271518209,829761553218072576
1447944215271518209,819853925184638976
1447944215271518209,16552108
1447944215271518209,153515520
1447944215271518209,386330680
1447944215271518209,510093784
1447944215271518209,378351271
1447944215271518209,768069259100622848
1447919180976623622,2736446758
1447252571471634433,951280545421410305
1447252571471634433,272133230
1447252571471634433,2736446758
1447252571471634433,551152504
1446850756640915462,1071951545212723200
1446850756640915462,951280545421410305
1446850756640915462,35095520
1446850756640915462,551152504
1446850756640915462,1239564608941113347
1446850756640915462,272133230
1446849397963247617,58261480
1446849397963247617,951280545421410305
1446849397963247617,1197522605760303104
1446840360328736772,169614697
1446840360328736772,951892305098788864
1446840360328736772,980875592
1446840360328736772,1005522675761057792
1446840360328736772,951280545421410305
1446840360328736772,816308397360508928
1446840360328736772,551152504
1446840360328736772,1407160205117435908
1446840360328736772,1239564608941113347
1446840360328736772,1175457080561537025
1446840360328736772,1011936943247101952
1446840360328736772,365078935
1446840360328736772,17540009
1446840360328736772,49660950
1446840360328736772,296549487
1446840360328736772,768069259100622848
1446840360328736772,378351271
1446514968296411136,1228605451
1446514968296411136,768069259100622848
1446514964815024130,1122706063466356737
1446514964815024130,234593598
1446514964815024130,1204301854433316866
1446514964815024130,1204430581410353154
1446514964815024130,893202244077854721
1446514964815024130,22971125
1446514964815024130,1193458951976869888
1446514964815024130,785853390
1446514964815024130,322106815
1446514964815024130,1957597519
1446514964815024130,1071951545212723200
1446514964815024130,1101092779378249729
1446514964815024130,3331826578
1446514964815024130,38720614
1446514964815024130,1197522605760303104
1446514964815024130,551152504
1446514964815024130,2912843536
1446514964815024130,768069259100622848
1446478416715423748,1071951545212723200
1446463639309860864,183642459
1446140961508179976,1957597519
1446140961508179976,1071951545212723200
1446140961508179976,2247495353
1446140961508179976,2748289416
1446140961508179976,2592210108
1446140961508179976,1407160205117435908
1446140961508179976,103701079
1446140961508179976,1352713370772770816
1446140961508179976,86410896
1446140961508179976,1038301598
1446140961508179976,1134248217472843787
1446140961508179976,1011936943247101952
1446140961508179976,999320625117196288
1446140961508179976,18390213
1446140961508179976,768295011007934469
1446140961508179976,551152504
1446140961508179976,816308397360508928
1446140961508179976,1262878353431777280
1446140961508179976,729232479840800768
1446140961508179976,1415442622135603206
1446140961508179976,346123223
1446140961508179976,719557076599619584
1446140961508179976,167912183
1446140961508179976,768069259100622848
1446140961508179976,1175457080561537025
1446140961508179976,1239564608941113347
1446140961508179976,255067647
1446140961508179976,980875592
1446140961508179976,378351271
1446137210072358916,2592210108
1446137210072358916,1407160205117435908
1446137210072358916,1076249609125675010
1446137210072358916,67793897
1446137210072358916,816308397360508928
1446137210072358916,838098877
1446137210072358916,729232479840800768
1446137210072358916,346123223
1446137210072358916,768069259100622848
1446137210072358916,980875592
1446137210072358916,167912183
1446137210072358916,378351271
1446133806541516800,1957597519
1446133806541516800,1071951545212723200
1446133806541516800,98588419
1446133806541516800,823096488
1446133806541516800,50154666
1446133806541516800,302593437
1446133806541516800,291862583
1446133806541516800,153515520
1446133806541516800,168371680
1446133806541516800,1251332171211644931
1446133806541516800,729232479840800768
1446133806541516800,980875592
1446133806541516800,962073414
1446133806541516800,1175457080561537025
1446133806541516800,719557076599619584
1446133806541516800,378351271
1446133806541516800,291523600
1446133806541516800,277085673
1446133806541516800,62664213
1446131811428487168,1251332171211644931
1446131811428487168,980875592
1446131811428487168,768069259100622848
1446131811428487168,1337551744457469952
1446131252948439042,1251332171211644931
1446131252948439042,980875592
1446131252948439042,768069259100622848
1446130797765922816,716460064039575552
1446130797765922816,3007815702
1446130797765922816,55819705
1446130797765922816,1157684886
1446130797765922816,1134248217472843787
1446130797765922816,823096488
1446130797765922816,1404102585317986308
1446130797765922816,1280249212567818240
1446130797765922816,740981264740679681
1446130797765922816,78403337
1446130797765922816,247511435
1446130797765922816,1303772129847111681
1446130797765922816,1011936943247101952
1446130797765922816,1027307702047961088
1446130797765922816,1020156666204090368
1446130797765922816,38751529
1446130797765922816,718873385346797569
1446130797765922816,1251332171211644931
1446130797765922816,980875592
1446130797765922816,719557076599619584
1446130797765922816,1201788959719936007
1446130797765922816,277085673
1446130797765922816,285806588
1446130797765922816,346123223
1446130797765922816,768069259100622848
1446130797765922816,541129316
1446130797765922816,378351271
1446125946948374541,1655457050
1446125946948374541,57759275
1446116004371722245,824281652423753728
1446116004371722245,2736446758
1446116004371722245,132015712
1446116004371722245,1071951545212723200
1446116004371722245,40647043
1446116004371722245,2300474413
1446116004371722245,12992772
1446116004371722245,46956207
1446116004371722245,365132365
1446107762606292998,277085673
1445848777399566341,980875592
1445848777399566341,1129088815
1445848777399566341,1262268501823303680
1445848777399566341,768069259100622848
1445848777399566341,951280545421410305
1445848777399566341,288548798
1451896382101590029,860243329086345216
1451896382101590029,1389490675687772163
1451896382101590029,2173858813
1451896382101590029,237594523
1451262130305568771,342920161
1451262130305568771,547178930
1451186629448663044,1363561650624733184
1451186629448663044,1364751078659477504
1451171553576640519,295829514
1450839323469885442,1363561650624733184
1450825248983629826,1225460815278542848
1450824891347968007,1225460815278542848
1450522200189116420,1364751078659477504
1450446856945868806,1242290724919336960
1450099636396601345,1364751078659477504
1449374678611542016,591354905
1449374678611542016,191908830
1449374678611542016,1225460815278542848
1449374678611542016,260407877
1449374678611542016,744093090
1449374678611542016,426307847
1449087752306319360,1364751078659477504
1448785753098555401,3064560279
1448318780916961287,87632735
1448318780916961287,1252686295
1448318780916961287,25333228
1448318780916961287,1093876945
1448318780916961287,1942350667
1448318780916961287,2863551224
1448318780916961287,1271987860577517568
1448318780916961287,626984632
1448318780916961287,237594523
1448318780916961287,300638343
1448291198356103171,739845530612830208
1448060957490618369,715244769
1446581215667105804,817207955930001409
1446581215667105804,1363561650624733184
1446581215667105804,212468225
1446581215667105804,2673432539
1446549946883313784,23601374
1446490674778488838,51852542
1446445497972051971,1363561650624733184
1446445497972051971,321482430
1446445497972051971,715244769
1446445497972051971,1058965681671028736
1446188690489892865,35617919
1446174752805203969,371288369
1445884466514194437,4492249646
1445877268140621829,396106258
1445877268140621829,2287331581
1445877268140621829,150671052
1445826301751803915,3302256527
1445531115884740613,3269322830
1445531115884740613,1364751078659477504
1445531115884740613,168123931
1451636417419829249,88696744
1451636417419829249,1302982202549063682
1451636417419829249,28606185
1451636417419829249,581429703
1451636417419829249,887133652248911872
1451636417419829249,1027112576
1451636417419829249,874905000
1451636417419829249,3058888765
1451636417419829249,415532452
1451636417419829249,2493753559
1451636417419829249,2471116038
1451636417419829249,2321513798
1451636417419829249,957106791753555968
1451636417419829249,564257648
1451636417419829249,1350080311
1451636417419829249,1271453022862708736
1451636417419829249,1388650232100134915
1451636417419829249,1258133514421239813
1451636417419829249,1055536236
1451636417419829249,2285176218
1451636417419829249,84197757
1451636417419829249,178544594
1451636417419829249,1575198925
1451636417419829249,1002033686118723584
1451636417419829249,1436691364125855745
1451636417419829249,18420573
1451636417419829249,16186671
1451636417419829249,552401136
1451636417419829249,3242282429
1451636417419829249,375787207
1451636417419829249,1183078912265355265
1451636417419829249,1405750979732021253
1451636417419829249,1239656154541600769
1451636417419829249,1441446863136251905
1451636417419829249,1224319828196020232
1451636417419829249,1108357496471576576
1451627727765655555,1441961640459599874
1451627727765655555,564257648
1451627727765655555,810260006838870017
1451627727765655555,1345517872219648009
1451627727765655555,1379638107062984704
1451627727765655555,45191622
1451627727765655555,1027112576
1451627727765655555,1147245556651233280
1451627727765655555,227849419
1451627727765655555,1450487642546573323
1451627727765655555,2493753559
1451627727765655555,1441465688317587458
1451627727765655555,1266186347523399685
1451627727765655555,3271448647
1451627727765655555,1440766096215216129
1451627727765655555,980817985668550656
1451627727765655555,1258836351312527360
1451627727765655555,1090368754456891393
1451627727765655555,1325818722259505152
1451627727765655555,1055536236
1451627727765655555,854128349819445248
1451627727765655555,728594002606428161
1451627727765655555,1438876255202406406
1451627727765655555,1074140199993565184
1451627727765655555,1300546823136915456
1451627727765655555,2285927430
1451627727765655555,1195026680609292288
1451627727765655555,2754907696
1451627727765655555,1285249392954372096
1451627727765655555,836010863903416320
1451627727765655555,339780511
1451627727765655555,2334373277
1451627727765655555,1258133514421239813
1451627727765655555,1274216600959242241
1451627727765655555,360774481
1451627727765655555,1259130000969588737
1451621630094970881,1366925295291424768
1451621630094970881,166682456
1451621630094970881,564257648
1451621630094970881,32691118
1451621630094970881,894118622460866560
1451621630094970881,1272560952358195200
1451621630094970881,1366395615362564114
1451621630094970881,1179943359877505024
1451621630094970881,971970133924102144
1451621630094970881,552725069
1451621630094970881,980817985668550656
1451621630094970881,963476460
1451621630094970881,2471116038
1451621630094970881,2374115857
1451621630094970881,1065277591681200129
1451621630094970881,18420573
1451621630094970881,1224319828196020232
1451621630094970881,1215379886887428096
1451621630094970881,1055536236
1451621630094970881,415532452
1451620858707861511,1277739638409400320
1451620858707861511,88696744
1451620858707861511,2321513798
1451620858707861511,1444738280386441224
1451620858707861511,564257648
1451620858707861511,1359582149922406402
1451620858707861511,950243887645249536
1451620858707861511,1387133309239521281
1451620858707861511,1103903370241138689
1451620858707861511,397511881
1451620858707861511,552725069
1451620858707861511,1301995158485958656
1451620858707861511,293745266
1451620858707861511,2285927430
1451620858707861511,68670486
1451620858707861511,1285249392954372096
1451620858707861511,4803873902
1451620858707861511,1224319828196020232
1451620858707861511,1444061901172854786
1451620858707861511,29503752
1451620858707861511,1215379886887428096
1451620858707861511,1601907697
1451620858707861511,1441446863136251905
1451620858707861511,1370606492395606016
1451620858707861511,415532452
1451620858707861511,1055536236
1451620858707861511,1156656907601530880
1451620858707861511,1372871732424552453
1451620858707861511,339780511
1451620673185406976,1540460208
1451620673185406976,88696744
1451620673185406976,227849419
1451620673185406976,564257648
1451620673185406976,3247385042
1451620673185406976,950243887645249536
1451620673185406976,1302672636217090050
1451620673185406976,3271448647
1451620673185406976,1441446863136251905
1451620673185406976,552725069
1451620673185406976,1388650232100134915
1451620673185406976,2285927430
1451620673185406976,1215379886887428096
1451620673185406976,415532452
1451620673185406976,2468436247
1451620673185406976,1329641741083926528
1451328631335129088,1255529507433459714
1451328631335129088,88696744
1451328631335129088,237703465
1451328631335129088,1354149060635189250
1451328631335129088,939786329054834688
1451328631335129088,1388988366247575559
1451328631335129088,1427417324668268545
1451328631335129088,19144321
1451328631335129088,1375870692101656581
1451328631335129088,848278317505662976
1451328631335129088,1087716408224636929
1451328631335129088,1055536236
1451328631335129088,2842929358
1451328631335129088,1225604860122406913
1451328631335129088,1184882383
1451328631335129088,145187231
1451328631335129088,3499073414
1451328631335129088,2493753559
1451328631335129088,1441391127714729985
1451328631335129088,3387092873
1451328631335129088,880913594531139584
1451328631335129088,942827817766674432
1451328631335129088,4707467188
1451328631335129088,1372396276835311617
1451328631335129088,1196199669073956864
1451328631335129088,710983755163426817
1451328631335129088,1248430973257003011
1451328631335129088,14553885
1451328631335129088,1332414313357774850
1451328631335129088,2795876027
1451328631335129088,2285927430
1451328631335129088,2910526536
1451328631335129088,844433538
1451328631335129088,1226399634
1451328631335129088,1314666986878595072
1451328631335129088,952759886
1451328631335129088,8010542
1451328631335129088,359672860
1451328631335129088,339780511
1451328631335129088,918919026344120321
1451328631335129088,1166799265806503936
1451328631335129088,1336660494
1451328631335129088,64123717
1451328631335129088,37428158
1451328631335129088,26580559
1451328631335129088,634127491
1451328631335129088,415532452
1451328631335129088,1353486048618274816
1451328631335129088,1416796121519857671
1451328421166862337,2999654678
1451328421166862337,64123717
1451328421166862337,1247617065843859457
1451328421166862337,439496967
1451328421166862337,1437062987622371333
1451328421166862337,1027112576
1451328421166862337,1451209136712994821
1451328421166862337,1055536236
1451328421166862337,1440809899500335110
1451328421166862337,48079433
1451328421166862337,24978284
1451328421166862337,1225604860122406913
1451328421166862337,1184882383
1451328421166862337,3499073414
1451328421166862337,2493753559
1451328421166862337,1441391127714729985
1451328421166862337,942827817766674432
1451328421166862337,1432000798397853696
1451328421166862337,1372396276835311617
1451328421166862337,1271115442573185024
1451328421166862337,45191622
1451328421166862337,885818088
1451328421166862337,1096949587
1451328421166862337,14553885
1451328421166862337,1248430973257003011
1451328421166862337,1332414313357774850
1451328421166862337,702202434
1451328421166862337,2285927430
1451328421166862337,952759886
1451328421166862337,359672860
1451328421166862337,1314666986878595072
1451328421166862337,339780511
1451328421166862337,3950576309
1451328421166862337,918919026344120321
1451328421166862337,3188714200
1451328421166862337,1166799265806503936
1451328421166862337,1336660494
1451328421166862337,634127491
1451328421166862337,27320189
1451328421166862337,266810904
1451328421166862337,1416796121519857671
1451328421166862337,1353486048618274816
1451328421166862337,1449079852385062914
1451328329282306050,2999654678
1451328329282306050,64123717
1451328329282306050,68670486
1451328329282306050,1451209136712994821
1451328329282306050,1055536236
1451328329282306050,1184882383
1451328329282306050,3499073414
1451328329282306050,2493753559
1451328329282306050,1441391127714729985
1451328329282306050,1372396276835311617
1451328329282306050,14553885
1451328329282306050,1248430973257003011
1451328329282306050,2795876027
1451328329282306050,1332414313357774850
1451328329282306050,1314666986878595072
1451328329282306050,2285927430
1451328329282306050,952759886
1451328329282306050,359672860
1451328329282306050,339780511
1451328329282306050,1431360122190802949
1451328329282306050,1336660494
1451328329282306050,1166799265806503936
1451328329282306050,918919026344120321
1451328329282306050,37428158
1451328329282306050,634127491
1451328329282306050,1353486048618274816
1450918713796952065,1248430973257003011
1450918713796952065,1428989518741446660
1450918713796952065,2499916494
1450918713796952065,1348740385988898821
1450918713796952065,487956421
1450918713796952065,2316626342
1450918713796952065,1345537522152173569
1450918713796952065,2280790741
1450918713796952065,4865585571
1450918713796952065,848268002088951808
1450918713796952065,1098366530591457281
1450918713796952065,1172475064870027264
1450918713796952065,945824381103628288
1450918713796952065,1430009770220662787
1450918713796952065,3219416739
1450918713796952065,25814435
1450918713796952065,1050986672513568769
1450918713796952065,3058888765
1450918713796952065,1259371745829629952
1450918713796952065,322090834
1450918713796952065,16753040
1450918713796952065,43199433
1450918713796952065,68670486
1450918713796952065,1129614067
1450918713796952065,1911858061
1450918713796952065,1244662847315103750
1450918713796952065,415532452
1450918713796952065,1271115442573185024
1450918713796952065,952759886
1450918713796952065,1241589283334410243
1450918713796952065,328781595
1450918713796952065,2573260759
1450918713796952065,1439654092633116674
1450918713796952065,1186136760981454854
1450918713796952065,14100537
1450918713796952065,918919026344120321
1450918713796952065,885225765712707584
1450918713796952065,1126314067868647425
1450918713796952065,1335114619132596224
1450918713796952065,1065277591681200129
1450918713796952065,1437995630991904773
1450918713796952065,1184882383
1450918713796952065,2285927430
1450918713796952065,17903589
1450918713796952065,825518936733085696
1450918713796952065,1263514760584167424
1450918713796952065,1224319828196020232
1450918713796952065,552401136
1450918713796952065,1090368754456891393
1450918713796952065,1441446863136251905
1450918713796952065,293745266
1450918713796952065,1248993885864333318
1450918713796952065,395148868
1450918713796952065,2471116038
1450918713796952065,1215379886887428096
1450918713796952065,1413321993470943237
1450593537444114433,1440809899500335110
1450593537444114433,3418588623
1450593537444114433,1098366530591457281
1450593537444114433,2338845175
1450593537444114433,1158901339
1450593537444114433,1241334799584944136
1450593537444114433,68670486
1450593537444114433,32691118
1450593537444114433,27320189
1450593537444114433,1345202549964603394
1450593537444114433,339780511
1450593537444114433,980817985668550656
1450593537444114433,880913594531139584
1450593537444114433,1549119812
1450593537444114433,46232947
1450593537444114433,1304482091376062464
1450593537444114433,1388801354244702209
1450593537444114433,581833131
1450593537444114433,1259130000969588737
1450593537444114433,777722907145428992
1450593537444114433,1336660494
1450593537444114433,1422660086393196555
1450593537444114433,1108357496471576576
1450593537444114433,322090834
1450593537444114433,1335114619132596224
1450593067044536323,88696744
1450593067044536323,435945849
1450593067044536323,1419489038747070467
1450593067044536323,1199058501856743425
1450593067044536323,697502259270258688
1450593067044536323,1440841402477277194
1450593067044536323,1379638107062984704
1450593067044536323,918919026344120321
1450593067044536323,160288974
1450593067044536323,1074149483804585984
1450593067044536323,603011131
1450593067044536323,451989089
1450593067044536323,1027112576
1450593067044536323,884527637569323009
1450593067044536323,16607913
1450593067044536323,945824381103628288
1450593067044536323,1168693205761691654
1450593067044536323,1073414518989049857
1450593067044536323,1258133514421239813
1450593067044536323,46232947
1450593067044536323,777722907145428992
1450593067044536323,1055536236
1450593067044536323,1304482091376062464
1450593067044536323,581833131
1450593067044536323,1364844276664979456
1450593067044536323,1335114619132596224
1450591722199654405,138710067
1450591722199654405,581833131
1450591722199654405,1108357496471576576
1450591722199654405,415532452
1450215107770798082,634127491
1450215107770798082,581833131
1450215107770798082,373580557
1450215107770798082,431766511
1450215107770798082,1399145838824329218
1450195310832066565,2285927430
1450195310832066565,1195100502
1450195310832066565,1435720391029260289
1450195310832066565,88696744
1450195310832066565,415532452
1450195310832066565,91147249
1450195310832066565,1002002024
1450195310832066565,1441524714615181316
1450195310832066565,1184882383
1450195310832066565,4447406413
1450195310832066565,957190068594130946
1450195310832066565,1151641780267261952
1450195310832066565,581833131
1450182141371842562,68670486
1450182141371842562,1055536236
1450182141371842562,1060989389025632257
1450182141371842562,928451444633563136
1450182141371842562,2316626342
1450182141371842562,2183444651
1450182141371842562,238292473
1450182141371842562,1336571572937617410
1450182141371842562,2471116038
1450182141371842562,1172475064870027264
1450182141371842562,88696744
1450182141371842562,1184882383
1450182141371842562,697502259270258688
1450182141371842562,884527637569323009
1450182141371842562,1440766096215216129
1450182141371842562,415532452
1450182141371842562,3188714200
1450182141371842562,2718537883
1450182141371842562,581833131
1450182141371842562,1353034626743246848
1450182141371842562,1427417324668268545
1450182141371842562,1175391384410427393
1450182141371842562,373580557
1450182141371842562,1050986672513568769
1450182141371842562,1133187965394440192
1450182141371842562,623780427
1450182141371842562,728594002606428161
1450182141371842562,918919026344120321
1450182141371842562,339780511
1450182141371842562,1258133514421239813
1450178923803803648,823537901799612417
1450178923803803648,27320189
1450178923803803648,1440841402477277194
1450178923803803648,88696744
1450178923803803648,1325519307359490048
1450178923803803648,2187206380
1450178923803803648,581833131
1450178923803803648,2285927430
1450178923803803648,2493753559
1450178923803803648,918919026344120321
1450178923803803648,1376923370009341959
1450178923803803648,1226399634
1450178923803803648,623780427
1450178923803803648,3365238980
1450178923803803648,3068835996
1450178923803803648,963418593747640320
1450178923803803648,1055536236
1450178923803803648,961162177
1450178923803803648,1347691972358778885
1450178923803803648,728594002606428161
1449226797560647684,359672860
1449226797560647684,581833131
1449226797560647684,1413321993470943237
1449226797560647684,1445189946868965376
1449226797560647684,1416910087826903042
1449226797560647684,1325594133663191041
1449226797560647684,1549119812
1449226797560647684,2225109139
1449226797560647684,590232437
1449226797560647684,961162177
1449226797560647684,2413159993
1449226797560647684,776997144
1449226797560647684,710270422290403328
1449226797560647684,1120199359721639936
1449226797560647684,84197757
1449226797560647684,1039522809465188352
1449226797560647684,807034969902252032
1449226797560647684,1423131485180252164
1449226797560647684,1141194616240332801
1449226797560647684,410395733
1449226797560647684,1087134051914395648
1449226797560647684,296509474
1449226797560647684,564257648
1449226797560647684,1231044484261019648
1449226797560647684,854065048683204615
1449226797560647684,1404114927367843841
1449226797560647684,1027112576
1449226797560647684,339780511
1449226797560647684,772772558
1449226797560647684,91147249
1449226797560647684,1601907697
1449226797560647684,216798210
1449226797560647684,2802606283
1449226797560647684,2849064914
1449226797560647684,1186136760981454854
1449226797560647684,2225768293
1449226797560647684,1273476574495469569
1449226797560647684,415532452
1449226797560647684,2285927430
1449226797560647684,885818088
1449226797560647684,997271933904392193
1449226797560647684,28858746
1449226797560647684,414894789
1449226797560647684,1338999272151322625
1449226797560647684,795412933631062016
1449226797560647684,1259130000969588737
1449226797560647684,313953319
1449226797560647684,1108357496471576576
1449226797560647684,1285249392954372096
1449226797560647684,487732533
1449226797560647684,864912266881138689
1449226797560647684,1324393536121438210
1449226797560647684,3333795492
1449131344462680068,1416910087826903042
1449131344462680068,634127491
1449131344462680068,590232437
1449131344462680068,1172475064870027264
1449131344462680068,880913594531139584
1449131344462680068,1062124785692434432
1449131344462680068,1433283793453043715
1449131344462680068,1106989053054869505
1449131344462680068,1325488623857397764
1449131344462680068,1211088523446517760
1449131344462680068,415532452
1449131344462680068,2285927430
1449131344462680068,564257648
1449131344462680068,1248430973257003011
1449131344462680068,1430260512688902150
1449131344462680068,1307814874999742464
1449131344462680068,581833131
1449131344462680068,221231429
1449131344462680068,32691118
1449131344462680068,90680886
1449131344462680068,1438876255202406406
1449129196354039810,697502259270258688
1449129196354039810,451989089
1449129196354039810,945824381103628288
1449129196354039810,957190068594130946
1449129196354039810,884527637569323009
1449129196354039810,1084291557858123777
1449129196354039810,1098366530591457281
1449129196354039810,1103903370241138689
1449129196354039810,415532452
1449129196354039810,98767459
1449129196354039810,2471116038
1449129196354039810,2280790741
1449129196354039810,1248430973257003011
1449129196354039810,1027229536902098944
1449129196354039810,1065277591681200129
1449129196354039810,746475853136035840
1449129196354039810,293745266
1449129196354039810,1051951124083806208
1449129196354039810,581833131
1449129196354039810,952759886
1449129196354039810,1325249450793701376
1449129196354039810,1155756097
1449129196354039810,32691118
1449129196354039810,1087134051914395648
1449129196354039810,1438876255202406406
1449129196354039810,1090368754456891393
1449129196354039810,1957951376
1449129196354039810,483395237
1449053087532916740,1281952143168200704
1449053087532916740,339780511
1449053087532916740,312077424
1449053087532916740,1957951376
1449053087532916740,369302428
1449053087532916740,2471116038
1449053087532916740,1027229536902098944
1449053087532916740,16753040
1449053087532916740,2795876027
1449053087532916740,431766511
1449053087532916740,1037421766593851393
1449053087532916740,926285525584986112
1449053087532916740,1248430973257003011
1449053087532916740,552725069
1449053087532916740,88696744
1449053087532916740,1055978410604937217
1449053087532916740,415532452
1449053087532916740,1172475064870027264
1449053087532916740,564257648
1449053087532916740,1224319828196020232
1449053087532916740,1335114619132596224
1449053087532916740,952759886
1449053087532916740,1369354067282173952
1449053087532916740,1087134051914395648
1449053087532916740,1399145838824329218
1448722992104558629,82142198
1448722992104558629,3308781515
1448722992104558629,712842098228105216
1448722992104558629,1375857362
1448722992104558629,1422660086393196555
1448722992104558629,1308832109507653632
1448722992104558629,915968072
1448722992104558629,1440809899500335110
1448722992104558629,1226358062375555073
1448722992104558629,2294558449
1448722992104558629,1445437990940004352
1448722992104558629,1233064970159521797
1448722992104558629,1241589283334410243
1448722992104558629,2471116038
1448722992104558629,1186136760981454854
1448722992104558629,2455472287
1448722992104558629,1055536236
1448722992104558629,1027229536902098944
1448722992104558629,1531560410
1448722992104558629,967217147146457088
1448722992104558629,57546373
1448722992104558629,32691118
1448722992104558629,1272989172014256128
1448722992104558629,1379638107062984704
1448722992104558629,1353486048618274816
1448722992104558629,1357001901229899777
1448722992104558629,18420573
1448722992104558629,415532452
1448722992104558629,884527637569323009
1448722992104558629,1093743944964296704
1448722992104558629,1366142936
1448722992104558629,1285249392954372096
1448722992104558629,3333795492
1448722992104558629,564257648
1448722992104558629,1312020613691781120
1448722992104558629,1258133514421239813
1448722992104558629,1349134354409267200
1448721666016628744,35812493
1448721666016628744,1434265814325202944
1448721666016628744,1087134051914395648
1448721666016628744,469747759
1448721666016628744,68670486
1448721666016628744,915968072
1448721666016628744,1440809899500335110
1448721666016628744,1427959621612969988
1448721666016628744,962764763318153217
1448721666016628744,1408085068455743493
1448721666016628744,1440364964900835344
1448721666016628744,2718537883
1448721666016628744,64123717
1448721666016628744,714569357267853312
1448721666016628744,1099117876747722752
1448721666016628744,14100537
1448721666016628744,32691118
1448721666016628744,1264592607457554439
1448721666016628744,548909355
1448721666016628744,1074149416699719681
1448721666016628744,1379638107062984704
1448721666016628744,634127491
1448721666016628744,2493753559
1448721666016628744,777722907145428992
1448721666016628744,564257648
1448721666016628744,46232947
1448721666016628744,17903589
1448721666016628744,207703739
1448721666016628744,733335760825286657
1448721666016628744,1051951124083806208
1448721666016628744,1133187965394440192
1448721666016628744,415532452
1448721666016628744,952759886
1448721514598068225,1325594133663191041
1448721514598068225,68670486
1448721514598068225,912891071843012608
1448721514598068225,772903361616027648
1448721514598068225,1186136760981454854
1448721514598068225,714569357267853312
1448721514598068225,1055536236
1448721514598068225,1379638107062984704
1448721514598068225,746475853136035840
1448721514598068225,1438876255202406406
1448721514598068225,263684546
1448721514598068225,1238780076516208640
1448721514598068225,1302064659562864643
1448721514598068225,32691118
1448721514598068225,634127491
1448721514598068225,777722907145428992
1448721514598068225,1002002024
1448721514598068225,564257648
1448721514598068225,1292235448203411456
1448721514598068225,207703739
1448721514598068225,1260397517323337730
1448721514598068225,1416796121519857671
1448721514598068225,862514856263651329
1448721514598068225,733335760825286657
1448721514598068225,415532452
1448721514598068225,961162177
1448721514598068225,1364455722801528836
1448721514598068225,952759886
1448716221122158593,1434265814325202944
1448716221122158593,1087134051914395648
1448716221122158593,1301521694897647617
1448716221122158593,1055536236
1448716221122158593,1401404605808877569
1448716221122158593,1113837817803759623
1448716221122158593,564257648
1448716221122158593,415532452
1448716221122158593,952759886
1448716221122158593,2755139100
1448716221122158593,1353486048618274816
1448716221122158593,1258133514421239813
1448716221122158593,322090834
1448715149905317896,1549119812
1448715149905317896,68670486
1448715149905317896,915968072
1448715149905317896,1055536236
1448715149905317896,46232947
1448715149905317896,884527637569323009
1448715149905317896,564257648
1448715149905317896,1302636375120904198
1448715149905317896,1224319828196020232
1448715149905317896,1258133514421239813
1448708988724383746,1325594133663191041
1448708988724383746,93264803
1448708988724383746,902260021043613696
1448708988724383746,1055536236
1448708988724383746,1027229536902098944
1448708988724383746,884527637569323009
1448708988724383746,1440155321331118090
1448708988724383746,1419393504023703555
1448708988724383746,414894789
1448708988724383746,1440766096215216129
1448708988724383746,957190068594130946
1448708988724383746,46232947
1448708988724383746,1258133514421239813
1448708988724383746,415532452
1448708988724383746,918919026344120321
1448708988724383746,121313566
1448708988724383746,2338845175
1448708988724383746,564257648
1448708988724383746,1325249450793701376
1448708988724383746,1413321993470943237
1448708988724383746,1370402422062002179
1448708988724383746,880913594531139584
1448708988724383746,2493753559
1448708988724383746,457905094
1448507446192861191,2338845175
1448507446192861191,1282542004660920323
1448507446192861191,1215379886887428096
1448507446192861191,1194794785762004993
1448507446192861191,1055536236
1448507446192861191,3058888765
1448507446192861191,339780511
1448507446192861191,887133652248911872
1448507446192861191,225182414
1448507446192861191,1166491010693681152
1448507446192861191,1242866450517409797
1448507446192861191,1054026960383336450
1448507446192861191,415532452
1448507446192861191,414894789
1448507446192861191,1267471220792008704
1448507446192861191,1357823001215963137
1448507246254514180,451989089
1448507246254514180,1215379886887428096
1448507246254514180,1055536236
1448507246254514180,227849419
1448507246254514180,431766511
1448507246254514180,1027112576
1448507246254514180,1444430238415351810
1448507246254514180,415532452
1448507246254514180,1288187072638062592
1448507246254514180,2493753559
1448507152880979969,1087134051914395648
1448507152880979969,1601907697
1448507152880979969,423641475
1448507152880979969,1377055099453800449
1448507152880979969,451989089
1448507152880979969,1344853225028153345
1448507152880979969,1215379886887428096
1448507152880979969,1194794785762004993
1448507152880979969,1055536236
1448507152880979969,43948485
1448507152880979969,3058888765
1448507152880979969,68670486
1448507152880979969,928451444633563136
1448507152880979969,18420573
1448507152880979969,1432000798397853696
1448507152880979969,1531560410
1448507152880979969,1242866450517409797
1448507152880979969,3642310752
1448507152880979969,356902460
1448507152880979969,415532452
1448507152880979969,414894789
1448507152880979969,776501438822309888
1448507152880979969,431766511
1448507152880979969,1429502438520901633
1448507152880979969,28858746
1448506799787700236,1166000110586626048
1448506799787700236,1081516010
1448506799787700236,1215379886887428096
1448506799787700236,1325100200814235648
1448506799787700236,1055536236
1448506799787700236,68670486
1448506799787700236,1027229536902098944
1448506799787700236,1628652702
1448506799787700236,18494692
1448506799787700236,1315135667177877504
1448506799787700236,1285249392954372096
1448506799787700236,431766511
1448506799787700236,1027112576
1448506799787700236,415532452
1448506799787700236,1302501625328590850
1448506799787700236,1353486048618274816
1448506799787700236,3695081546
1448385792309559297,1072189285
1448385792309559297,1435257575482740741
1448385792309559297,1099109729308008448
1448385792309559297,1366925295291424768
1448385792309559297,1356073687691141121
1448385792309559297,1580475270
1448385792309559297,1442893993935716361
1448385792309559297,392132054
1448385792309559297,207703739
1448385792309559297,1419489038747070467
1448385792309559297,928451444633563136
1448385792309559297,1119464753318043649
1448385792309559297,1440690378533838857
1448385792309559297,2931943245
1448385792309559297,1727398412
1448385792309559297,1444061901172854786
1448385792309559297,2938869339
1448385792309559297,1243723946660421637
1448385792309559297,2476755039
1448385792309559297,1331773252792770560
1448385792309559297,901618905076174848
1448385792309559297,339780511
1448385792309559297,980817985668550656
1448385792309559297,53694666
1448385792309559297,1445437990940004352
1448385792309559297,1243574020802367488
1448385792309559297,1055536236
1448385792309559297,68670486
1448385792309559297,451989089
1448385792309559297,1077731978
1448385792309559297,1271115442573185024
1448385792309559297,969744550955749383
1448385792309559297,26577630
1448385792309559297,1391981080945643523
1448385792309559297,46232947
1448385792309559297,293745266
1448385792309559297,415532452
1448385792309559297,3107597132
1448385792309559297,1183316407104266241
1448385792309559297,982472677775454209
1448385792309559297,3295839203
1448385792309559297,880913594531139584
1448385792309559297,1911858061
1448385792309559297,1097694473952342022
1448385792309559297,1388650232100134915
1448385792309559297,14100537
1448385792309559297,820656479812227073
1448385792309559297,1325249450793701376
1448385792309559297,1427996716138127360
1448385792309559297,1347691972358778885
1448385792309559297,1365678726
1448385792309559297,1295377965438644235
1448385792309559297,322090834
1448385792309559297,1342962255248424961
1448385792309559297,1195026680609292288
1448385792309559297,1116360718687690758
1448379955159601154,976345683681619968
1448379955159601154,366785595
1448379955159601154,2849064914
1448379955159601154,64123717
1448379955159601154,18420573
1448379955159601154,957106791753555968
1448379955159601154,1055536236
1448379955159601154,751054068974575616
1448379955159601154,901618905076174848
1448379955159601154,339780511
1448379955159601154,1186136760981454854
1448379955159601154,854065048683204615
1448379955159601154,317823907
1448379955159601154,415532452
1448379955159601154,952759886
1448379955159601154,474883984
1448379955159601154,1258133514421239813
1448379955159601154,2198792101
1448379955159601154,744660163873771520
1448379955159601154,726025903
1448379955159601154,1263514760584167424
1448379955159601154,714569357267853312
1448379955159601154,1136772811656126464
1448379955159601154,270307297
1448379955159601154,454774863
1448379955159601154,772948513
1448379955159601154,3333795492
1448379955159601154,2209473078
1448379955159601154,838196271571591168
1448379955159601154,18386792
1448379955159601154,1166799265806503936
1448379955159601154,262522708
1448379955159601154,1370402422062002179
1448361879210913792,1429982282891239433
1448361879210913792,1434265814325202944
1448361879210913792,1087134051914395648
1448361879210913792,791076864
1448361879210913792,121949981
1448361879210913792,1172475064870027264
1448361879210913792,1443468994107822081
1448361879210913792,941115769429024769
1448361879210913792,1440690378533838857
1448361879210913792,1313732971061362690
1448361879210913792,2305422800
1448361879210913792,242885214
1448361879210913792,1055536236
1448361879210913792,1354230346586447877
1448361879210913792,469747759
1448361879210913792,432114850
1448361879210913792,1166000110586626048
1448361879210913792,884527637569323009
1448361879210913792,1183316407104266241
1448361879210913792,369653658
1448361879210913792,1911858061
1448361879210913792,1434643524495020043
1448361879210913792,75984040
1448361879210913792,586195164
1448361879210913792,2902344555
1448361879210913792,564257648
1448361879210913792,1027229536902098944
1448361879210913792,1388650232100134915
1448361879210913792,2316626342
1448361879210913792,1391981080945643523
1448361879210913792,1925354744
1448361879210913792,958204773282533376
1448361879210913792,1445751022526160908
1448361879210913792,1183078912265355265
1448361879210913792,98767459
1448361879210913792,87297879
1448361879210913792,753394222267527168
1448361879210913792,373580557
1448361879210913792,1430260512688902150
1448361879210913792,2468436247
1448361879210913792,1258133514421239813
1448361879210913792,3308781515
1448361879210913792,2273880732
1448361879210913792,14100537
1448361879210913792,1302114263771668481
1448361879210913792,24181491
1448361879210913792,1309179346565898241
1448361879210913792,2231471516
1448361879210913792,1352351686778630145
1448361879210913792,1413321993470943237
1448361879210913792,603011131
